profile_id,full_name,email,current_status,degree,branch_specialization,current_year,graduation_year,college_university,cgpa_percentage,projects,internships_work_experience,certifications,target_career,compare_career,career_goal,interests,work_mode,location_preference,target_timeline,study_hours_per_week,budget,skill_aws,skill_business_analysis,skill_c++,skill_css,skill_communication,skill_cybersecurity,skill_dsa,skill_database_management,skill_docker,skill_excel,skill_figma,skill_git,skill_html,skill_java,skill_javascript,skill_kubernetes,skill_linux,skill_machine_learning,skill_mysql,skill_networking,skill_node.js,skill_numpy,skill_oracle,skill_pandas,skill_power_bi,skill_python,skill_react,skill_sql,skill_selenium,skill_statistics,skill_tensorflow,skill_testing,skill_ui_ux
P0001,User_0001,user0001@example.com,Job seeker,MCA,IT,Graduated,2028,College A,89.21,No project yet,1 internship - 3 months,SQL,QA Engineer,Web Developer,Build portfolio,"Data, Coding, Design",Hybrid,Any location,12 months,15,Under 5000,0,2,0,0,0,2,1,2,0,0,0,3,2,4,2,1,1,1,3,2,0,1,1,0,2,2,1,3,3,1,0,3,0
P0002,User_0002,user0002@example.com,Student,MCA,Civil,2nd,2027,College B,86.68,Data analysis dashboard,2 internships,Web development,Cybersecurity Analyst,Cloud Engineer,Become job-ready,Coding,Remote,Chennai,18 months,8,25000+,1,2,2,2,0,3,1,0,1,1,3,3,0,1,2,0,4,3,1,1,3,2,2,0,1,4,2,2,0,2,1,2,1
P0003,User_0003,user0003@example.com,Student,B.Com,EEE,1st,2030,College B,60.14,Machine learning project,2 internships,Python,DevOps Engineer,DevOps Engineer,Become job-ready,Business,Onsite,Hyderabad,24 months,5,25000+,3,4,3,0,2,2,1,1,3,0,1,3,4,3,1,3,2,3,3,1,2,2,0,2,1,4,1,0,1,0,3,3,3
P0004,User_0004,user0004@example.com,Student,BBA,Commerce,4th,2026,College B,62.66,Database management project,None,Python,Cloud Engineer,UI/UX Designer,Build portfolio,Databases,Onsite,Chennai,6 months,22,5000-10000,4,3,2,2,2,1,2,1,4,1,0,1,0,2,2,0,4,0,0,1,1,1,1,1,1,4,3,2,0,1,1,0,2
P0005,User_0005,user0005@example.com,Working professional,M.Tech,Other,Graduated,2026,College B,71.15,Portfolio website,2 internships,Python,DevOps Engineer,Database Administrator,Prepare for internship,Data,Remote,Mumbai,18 months,39,25000+,2,3,1,3,2,0,4,3,4,3,3,2,1,0,1,1,3,4,1,2,1,1,4,4,2,4,0,1,4,2,1,2,0
P0006,User_0006,user0006@example.com,Working professional,B.E./B.Tech,IT,Graduated,2030,College D,65.04,Cybersecurity mini project,1 internship - 3 months,SQL,Database Administrator,Software Developer,Get a job,"Design, Cybersecurity, Web development",No preference,Hyderabad,3 months,17,Free,1,3,0,2,0,1,2,3,1,2,0,1,4,4,0,0,3,3,4,3,1,0,4,2,2,4,2,0,3,1,2,3,0
P0007,User_0007,user0007@example.com,Student,Diploma,ECE,3rd,2026,College D,63.9,E-commerce website,1 internship - 2 months,Cloud fundamentals,Cybersecurity Analyst,DevOps Engineer,Switch career,Data,Hybrid,Bengaluru,6 months,25,Free,2,2,1,2,2,3,0,0,3,3,1,4,2,0,0,1,4,2,3,4,0,0,0,2,3,3,2,2,3,3,4,3,3
P0008,User_0008,user0008@example.com,Student,BBA,Civil,1st,2030,College B,62.67,Cybersecurity mini project,2 internships,Cloud fundamentals,QA Engineer,QA Engineer,Build portfolio,"Databases, Design, Cybersecurity",Onsite,Hyderabad,18 months,19,25000+,0,1,3,4,1,2,1,4,1,3,0,4,0,4,1,0,1,2,1,2,1,1,2,1,2,0,3,3,4,2,2,3,0
P0009,User_0009,user0009@example.com,Student,B.E./B.Tech,Commerce,2nd,2026,College D,60.33,Data analysis dashboard,2 internships,Web development,Software Developer,DevOps Engineer,Learn a new field,Web development,Hybrid,Any location,24 months,16,25000+,1,0,4,2,1,1,3,1,2,4,2,3,1,3,2,0,4,0,1,3,0,0,4,2,2,3,3,3,2,1,1,0,2
P0010,User_0010,user0010@example.com,Student,Diploma,Civil,3rd,2028,College D,74.43,E-commerce website,1 internship - 6 months,Multiple certifications,Cloud Engineer,Cloud Engineer,Switch career,"Web development, Cybersecurity, Business",No preference,Kolhapur,18 months,15,Under 5000,4,1,3,2,1,1,0,2,4,1,2,3,0,1,1,1,3,0,0,3,2,0,1,1,1,2,1,3,2,2,3,2,1
P0011,User_0011,user0011@example.com,Student,M.Tech,Mechanical,3rd,2030,College A,92.16,Data analysis dashboard,2 internships,Python,Database Administrator,Database Administrator,Learn a new field,Cloud,No preference,Chennai,6 months,7,Free,1,3,2,2,0,1,3,2,1,1,1,1,3,1,4,1,4,1,4,0,4,0,1,4,0,1,0,4,2,0,1,0,3
P0012,User_0012,user0012@example.com,Student,B.E./B.Tech,Mechanical,4th,2027,College D,63.48,Machine learning project,1 internship - 6 months,Cybersecurity,Database Administrator,ML Engineer,Switch career,"Coding, Business",Hybrid,Hyderabad,24 months,21,Free,2,2,0,2,3,2,0,4,2,1,1,1,1,1,3,3,2,4,3,3,2,1,4,4,1,4,1,3,1,2,1,3,3
P0013,User_0013,user0013@example.com,Student,B.Com,IT,2nd,2030,College B,65.97,Cybersecurity mini project,1 internship - 2 months,Data analytics,UI/UX Designer,Software Developer,Become job-ready,Cloud,Hybrid,Kolhapur,18 months,1,Free,3,0,2,3,4,2,2,1,2,0,2,2,3,2,3,1,1,2,1,2,1,1,0,0,0,1,2,0,0,1,2,4,3
P0014,User_0014,user0014@example.com,Student,B.E./B.Tech,ECE,2nd,2029,Other,73.8,Data analysis dashboard,2 internships,Python,Software Developer,Software Developer,Prepare for internship,Coding,Hybrid,Hyderabad,18 months,27,Free,2,1,3,0,0,3,3,3,1,0,2,1,0,3,1,4,0,2,2,2,0,1,1,1,3,4,1,3,2,2,3,0,0
P0015,User_0015,user0015@example.com,Student,B.Com,Computer Science,2nd,2026,College D,68.92,Database management project,2 internships,Web development,QA Engineer,Cybersecurity Analyst,Switch career,"AI/ML, Databases",Remote,Kolhapur,12 months,32,10000-25000,0,1,2,2,3,0,0,0,0,1,0,1,2,3,3,3,1,1,1,1,1,1,1,2,3,4,2,0,2,2,3,3,0
P0016,User_0016,user0016@example.com,Student,B.E./B.Tech,Arts,1st,2029,College B,73.27,Data analysis dashboard,1 internship - 6 months,Cloud fundamentals,Business Analyst,Data Analyst,Build portfolio,"Cloud, Databases, Business",Onsite,Kolhapur,3 months,31,5000-10000,1,3,1,2,1,0,1,0,2,4,3,0,3,1,0,1,2,1,1,0,1,0,1,3,3,0,2,4,2,3,0,1,0
P0017,User_0017,user0017@example.com,Student,B.E./B.Tech,Arts,1st,2026,College D,86.26,UI/UX prototype,1 internship - 6 months,None,Cloud Engineer,ML Engineer,Switch career,"AI/ML, Databases, Business",No preference,Mumbai,12 months,10,25000+,3,2,1,0,2,3,2,2,4,1,1,3,2,1,3,3,4,0,1,4,1,1,1,3,1,4,2,2,0,4,0,4,1
P0018,User_0018,user0018@example.com,Student,B.Com,Arts,3rd,2028,Other,66.97,Portfolio website,1 internship - 6 months,Cloud fundamentals,Cloud Engineer,Cloud Engineer,Learn a new field,"Web development, AI/ML, Coding",Hybrid,Any location,12 months,29,Under 5000,4,2,3,1,1,2,0,2,3,0,0,4,2,2,0,0,3,0,1,1,1,1,0,1,2,2,0,2,1,2,1,2,0
P0019,User_0019,user0019@example.com,Student,B.Sc,IT,3rd,2028,Other,75.07,Cloud deployment project,1 internship - 6 months,Java,Cloud Engineer,ML Engineer,Prepare for internship,AI/ML,Hybrid,Any location,12 months,35,5000-10000,4,0,1,1,1,2,0,3,3,0,3,4,4,3,2,3,4,2,0,4,0,0,1,2,2,3,0,0,2,0,2,0,1
P0020,User_0020,user0020@example.com,Student,M.Tech,IT,1st,2029,Other,84.69,Machine learning project,2 internships,Java,Web Developer,Data Analyst,Build portfolio,"Business, Design",Remote,Any location,24 months,35,10000-25000,1,0,2,2,2,2,1,3,2,0,1,3,2,1,4,1,1,2,1,2,3,2,3,1,2,2,3,1,2,2,0,0,0
P0021,User_0021,user0021@example.com,Job seeker,B.Sc,ECE,Graduated,2027,Other,67.95,Data analysis dashboard,None,None,ML Engineer,Data Analyst,Switch career,Coding,Remote,Kolhapur,18 months,23,25000+,0,1,1,4,3,0,2,1,4,1,1,2,0,3,1,2,2,3,0,2,0,0,2,0,2,2,0,4,1,2,4,0,3
P0022,User_0022,user0022@example.com,Student,M.Sc,EEE,4th,2026,College C,72.07,Database management project,1 internship - 2 months,Cybersecurity,Web Developer,QA Engineer,Switch career,"Business, Databases",Hybrid,Kolhapur,18 months,27,Free,2,1,2,3,0,1,3,0,2,3,1,3,4,0,3,1,2,1,3,0,1,2,0,1,2,1,3,4,1,1,2,0,2
P0023,User_0023,user0023@example.com,Student,Diploma,Mechanical,1st,2027,Other,81.29,Data analysis dashboard,1 internship - 3 months,Cloud fundamentals,Web Developer,Web Developer,Prepare for internship,"Design, Coding",Remote,Mumbai,24 months,12,Under 5000,3,0,0,4,3,2,2,2,1,0,1,3,4,3,4,4,2,1,2,0,3,0,0,3,1,2,3,3,3,4,3,2,2
P0024,User_0024,user0024@example.com,Student,MCA,ECE,2nd,2026,College D,55.75,E-commerce website,2 internships,SQL,Cloud Engineer,Web Developer,Switch career,"Web development, Design, Coding",No preference,Chennai,18 months,26,5000-10000,3,1,1,2,2,2,0,0,2,2,2,3,2,1,1,1,4,0,1,3,2,1,2,0,1,3,0,1,0,0,1,1,0
P0025,User_0025,user0025@example.com,Job seeker,M.Tech,Arts,Graduated,2028,College C,78.66,Cloud deployment project,1 internship - 2 months,Web development,Web Developer,Cybersecurity Analyst,Become job-ready,Business,Remote,Hyderabad,18 months,29,10000-25000,1,4,0,4,1,2,1,1,0,1,1,1,4,2,2,2,0,2,1,0,4,1,4,2,0,0,3,0,0,2,0,4,2
P0026,User_0026,user0026@example.com,Student,Diploma,Civil,1st,2027,College C,58.26,Cloud deployment project,None,Multiple certifications,Software Developer,QA Engineer,Prepare for internship,"Databases, Cloud, AI/ML",Hybrid,Hyderabad,18 months,39,Under 5000,0,3,1,3,3,2,3,1,2,2,3,3,3,3,1,1,0,0,0,3,1,2,1,0,0,3,1,3,0,1,1,1,1
P0027,User_0027,user0027@example.com,Student,B.Sc,Arts,1st,2030,College B,67.38,E-commerce website,1 internship - 3 months,SQL,Database Administrator,DevOps Engineer,Prepare for internship,"Cloud, Business",Hybrid,Any location,18 months,15,5000-10000,2,0,2,2,1,0,2,4,4,3,0,2,1,0,1,4,3,2,2,4,0,1,4,1,1,4,1,3,3,2,2,0,0
P0028,User_0028,user0028@example.com,Student,B.Sc,ECE,1st,2026,College A,65.24,Cybersecurity mini project,1 internship - 6 months,Java,Cloud Engineer,Data Analyst,Become job-ready,"Business, Web development, Cloud",No preference,Mumbai,12 months,1,Under 5000,3,1,0,0,2,3,0,1,3,3,2,3,0,0,0,1,3,3,0,4,3,3,3,1,1,3,1,0,0,1,0,2,1
P0029,User_0029,user0029@example.com,Student,B.E./B.Tech,Civil,2nd,2027,College B,57.52,Portfolio website,1 internship - 3 months,Multiple certifications,ML Engineer,DevOps Engineer,Get a job,"AI/ML, Business",Hybrid,Bengaluru,3 months,31,Under 5000,0,0,2,2,0,3,1,1,2,2,2,3,0,1,2,0,2,3,1,4,1,2,1,0,3,1,1,3,2,3,1,0,2
P0030,User_0030,user0030@example.com,Student,MCA,ECE,4th,2026,College D,69.53,Cloud deployment project,1 internship - 6 months,None,Software Developer,Business Analyst,Learn a new field,"Design, Databases, AI/ML",Onsite,Pune,6 months,4,25000+,1,1,3,3,1,0,3,1,3,0,2,3,2,3,1,1,4,1,0,2,1,2,1,0,1,3,4,2,1,0,1,1,1
P0031,User_0031,user0031@example.com,Student,M.Tech,IT,3rd,2027,College C,75.35,Cloud deployment project,None,Multiple certifications,QA Engineer,Web Developer,Prepare for internship,"Cloud, Web development, Databases",Onsite,Bengaluru,18 months,11,Free,2,0,0,2,1,1,2,2,2,3,1,4,2,3,1,2,0,0,2,1,1,2,1,1,1,4,1,4,3,0,3,3,3
P0032,User_0032,user0032@example.com,Student,B.Com,IT,3rd,2030,College A,75.1,Machine learning project,2 internships,Cloud fundamentals,Cybersecurity Analyst,Data Analyst,Become job-ready,Cloud,Onsite,Kolhapur,24 months,40,25000+,2,1,3,2,2,1,1,4,2,1,2,4,0,4,2,1,3,1,3,4,2,0,4,1,3,1,0,2,0,1,2,1,3
P0033,User_0033,user0033@example.com,Student,BBA,EEE,4th,2026,College C,92.82,CRUD web application,1 internship - 3 months,Web development,Cybersecurity Analyst,Database Administrator,Build portfolio,AI/ML,Onsite,Kolhapur,12 months,7,25000+,3,2,3,0,0,3,2,2,2,1,2,3,2,1,4,1,4,2,1,1,0,1,1,0,2,3,2,4,3,4,0,1,2
P0034,User_0034,user0034@example.com,Student,B.E./B.Tech,ECE,1st,2030,College D,75.0,E-commerce website,1 internship - 3 months,Data analytics,Business Analyst,Software Developer,Get a job,"Design, AI/ML, Data",Onsite,Delhi,18 months,39,25000+,1,4,1,1,3,1,0,3,1,4,0,1,0,1,3,2,1,1,3,1,3,2,2,1,3,2,0,3,0,3,2,1,4
P0035,User_0035,user0035@example.com,Student,MCA,ECE,2nd,2028,College D,61.06,Portfolio website,2 internships,Python,DevOps Engineer,Business Analyst,Prepare for internship,Coding,No preference,Any location,3 months,29,Under 5000,2,3,0,3,1,1,2,3,3,1,1,3,2,1,0,3,2,1,1,3,3,2,2,1,2,4,2,0,0,1,1,2,2
P0036,User_0036,user0036@example.com,Student,B.Sc,Mechanical,1st,2027,Other,65.85,Cybersecurity mini project,None,Data analytics,UI/UX Designer,UI/UX Designer,Learn a new field,"Cloud, Business",Hybrid,Kolhapur,3 months,14,25000+,0,1,2,3,3,0,3,1,1,2,4,2,3,2,2,0,2,0,4,1,1,0,2,1,1,3,2,1,0,2,1,4,4
P0037,User_0037,user0037@example.com,Student,MCA,Arts,2nd,2029,Other,75.97,Cybersecurity mini project,None,None,Business Analyst,Data Analyst,Become job-ready,"Data, Design",No preference,Hyderabad,6 months,19,Free,2,2,2,1,3,0,1,2,0,4,0,2,3,1,3,3,1,0,4,1,2,3,0,2,3,2,3,4,0,4,0,3,4
P0038,User_0038,user0038@example.com,Student,B.Com,IT,3rd,2027,College D,84.91,Cloud deployment project,2 internships,SQL,Cybersecurity Analyst,Database Administrator,Switch career,AI/ML,No preference,Any location,24 months,31,Under 5000,0,1,1,0,2,4,2,2,0,3,3,4,1,0,2,0,2,1,0,3,0,2,4,1,2,0,2,3,0,0,1,1,1
P0039,User_0039,user0039@example.com,Student,B.E./B.Tech,Other,1st,2029,College C,94.71,CRUD web application,1 internship - 6 months,None,Data Scientist,Cloud Engineer,Build portfolio,"Databases, AI/ML",No preference,Chennai,3 months,9,25000+,2,2,2,1,1,1,3,0,3,3,0,1,0,3,1,2,2,3,3,1,0,2,1,3,2,3,1,0,1,0,0,0,1
P0040,User_0040,user0040@example.com,Student,BCA,Other,2nd,2030,College C,64.48,Portfolio website,1 internship - 2 months,Multiple certifications,Data Analyst,Data Analyst,Learn a new field,"Cybersecurity, Design",Onsite,Chennai,12 months,37,5000-10000,2,1,0,1,1,2,0,0,0,3,2,1,1,3,0,1,1,3,2,0,3,1,2,4,0,2,0,1,2,4,0,2,1
P0041,User_0041,user0041@example.com,Student,Diploma,Mechanical,4th,2030,College B,74.18,No project yet,2 internships,None,Software Developer,Cybersecurity Analyst,Switch career,Cybersecurity,Remote,Bengaluru,6 months,38,Free,2,2,4,0,2,2,1,1,2,1,1,3,1,3,0,1,0,0,3,0,1,0,1,1,1,3,1,3,0,1,1,1,3
P0042,User_0042,user0042@example.com,Student,BBA,Mechanical,4th,2029,College B,91.68,Database management project,1 internship - 6 months,Java,Business Analyst,UI/UX Designer,Learn a new field,"Design, AI/ML, Data",Remote,Pune,3 months,35,Free,4,3,0,2,2,3,2,2,1,3,1,1,1,1,0,4,1,3,3,1,1,2,0,0,3,3,2,3,0,3,1,3,1
P0043,User_0043,user0043@example.com,Student,BCA,EEE,3rd,2029,College A,80.47,CRUD web application,None,Python,Software Developer,Business Analyst,Prepare for internship,"Databases, Web development",Remote,Any location,18 months,36,5000-10000,1,3,2,2,0,1,3,2,2,2,1,3,0,3,0,1,1,4,0,3,2,3,3,0,0,2,0,3,3,1,1,1,1
P0044,User_0044,user0044@example.com,Student,BBA,Computer Science,1st,2028,College D,74.62,E-commerce website,1 internship - 2 months,Python,Database Administrator,Cybersecurity Analyst,Become job-ready,"Databases, Design",No preference,Chennai,6 months,2,25000+,4,4,3,3,0,3,2,3,1,3,2,1,1,2,0,3,0,0,2,3,3,3,3,2,2,4,2,3,1,2,2,2,0
P0045,User_0045,user0045@example.com,Student,M.Sc,ECE,4th,2026,College B,72.39,Data analysis dashboard,1 internship - 2 months,Cloud fundamentals,QA Engineer,Cloud Engineer,Switch career,"Cloud, Business",No preference,Mumbai,12 months,10,5000-10000,1,2,1,0,0,1,1,2,0,1,1,1,3,3,2,0,0,1,2,1,0,0,2,2,2,4,0,3,4,2,2,4,0
P0046,User_0046,user0046@example.com,Student,B.Sc,Other,1st,2027,College C,64.68,Database management project,1 internship - 2 months,Web development,Data Scientist,QA Engineer,Prepare for internship,"Data, Databases",No preference,Chennai,3 months,32,10000-25000,2,1,2,1,0,0,1,3,1,3,1,1,3,2,2,1,2,3,1,0,1,3,2,3,4,4,1,3,2,3,3,0,4
P0047,User_0047,user0047@example.com,Student,M.Sc,ECE,3rd,2027,College C,67.48,Portfolio website,1 internship - 6 months,Python,Database Administrator,DevOps Engineer,Prepare for internship,"Databases, Data",No preference,Delhi,18 months,8,Free,1,1,1,3,2,1,2,3,3,1,2,0,2,2,1,2,1,4,3,1,2,4,3,0,1,3,1,3,2,1,1,2,2
P0048,User_0048,user0048@example.com,Student,BBA,Civil,2nd,2030,College D,78.48,Database management project,None,Cloud fundamentals,DevOps Engineer,Cybersecurity Analyst,Switch career,"Business, Design, Cloud",No preference,Kolhapur,12 months,25,25000+,4,1,0,0,2,0,1,0,4,3,2,3,2,1,1,3,4,2,0,2,1,2,3,1,1,0,0,1,2,2,2,2,1
P0049,User_0049,user0049@example.com,Student,Diploma,EEE,3rd,2030,College D,76.99,Portfolio website,1 internship - 3 months,SQL,Database Administrator,Web Developer,Become job-ready,"Cloud, AI/ML, Databases",Remote,Hyderabad,24 months,30,5000-10000,0,0,0,1,0,2,1,3,0,1,0,2,2,2,4,2,3,0,3,1,0,1,0,0,3,4,1,3,2,1,3,1,0
P0050,User_0050,user0050@example.com,Student,B.Com,Other,1st,2027,College C,88.14,Data analysis dashboard,1 internship - 6 months,None,UI/UX Designer,QA Engineer,Build portfolio,"AI/ML, Web development",No preference,Kolhapur,24 months,16,5000-10000,3,0,2,3,4,0,3,2,1,4,3,1,4,1,4,2,0,3,2,1,2,2,0,0,0,0,0,1,1,1,1,2,3
P0051,User_0051,user0051@example.com,Student,M.Tech,Computer Science,1st,2027,College C,61.36,Data analysis dashboard,1 internship - 6 months,Web development,QA Engineer,ML Engineer,Get a job,Databases,Hybrid,Hyderabad,3 months,13,5000-10000,1,1,2,3,0,1,1,3,1,4,1,0,2,4,2,1,2,1,0,1,0,1,0,1,3,3,2,3,3,1,2,1,0
P0052,User_0052,user0052@example.com,Student,B.Sc,Arts,3rd,2027,College A,78.58,Machine learning project,1 internship - 2 months,Cybersecurity,QA Engineer,Cloud Engineer,Switch career,"Business, Cybersecurity, Coding",No preference,Delhi,6 months,7,Under 5000,3,0,1,1,2,0,2,2,0,1,0,2,2,0,2,3,4,1,0,0,1,2,0,1,3,2,2,4,2,4,0,3,0
P0053,User_0053,user0053@example.com,Student,B.E./B.Tech,Computer Science,3rd,2029,College D,83.07,Machine learning project,None,None,ML Engineer,Web Developer,Learn a new field,"Web development, Cloud",Onsite,Hyderabad,3 months,33,5000-10000,2,0,2,2,1,3,0,3,3,0,2,2,1,2,2,2,0,3,0,2,0,3,0,1,1,3,3,3,1,2,3,4,0
P0054,User_0054,user0054@example.com,Student,Diploma,Civil,4th,2030,College C,57.22,Cybersecurity mini project,2 internships,Python,Web Developer,Database Administrator,Prepare for internship,"Data, Business",Hybrid,Kolhapur,12 months,30,Free,1,0,3,3,1,2,3,2,0,2,2,4,1,0,3,1,2,1,2,2,2,2,2,0,4,1,4,2,0,0,2,1,3
P0055,User_0055,user0055@example.com,Student,M.Tech,Computer Science,3rd,2029,College B,84.3,Machine learning project,1 internship - 3 months,Cloud fundamentals,Database Administrator,UI/UX Designer,Prepare for internship,"Cybersecurity, Business, AI/ML",Onsite,Pune,18 months,38,Free,2,0,2,0,3,0,0,3,3,0,4,0,3,2,2,0,2,3,3,3,2,0,3,0,0,3,0,3,3,3,2,1,0
P0056,User_0056,user0056@example.com,Student,MCA,Civil,3rd,2030,College A,61.22,Database management project,1 internship - 3 months,SQL,Data Scientist,Data Analyst,Build portfolio,Cybersecurity,No preference,Delhi,18 months,9,Free,1,2,2,0,1,2,1,2,1,0,4,1,4,4,0,1,0,2,3,1,3,3,2,3,1,3,1,3,0,3,0,1,3
P0057,User_0057,user0057@example.com,Student,B.E./B.Tech,Mechanical,1st,2026,College A,92.69,Portfolio website,None,SQL,UI/UX Designer,Software Developer,Prepare for internship,"Business, AI/ML, Coding",No preference,Chennai,18 months,22,Free,1,2,1,3,4,0,3,1,2,2,2,3,2,2,4,1,0,1,3,0,4,3,2,2,0,0,2,0,0,2,0,0,3
P0058,User_0058,user0058@example.com,Student,B.Com,Computer Science,4th,2027,College C,76.35,UI/UX prototype,1 internship - 3 months,SQL,Cloud Engineer,Business Analyst,Get a job,Data,Onsite,Chennai,12 months,16,Under 5000,3,0,0,0,1,3,0,2,2,1,1,3,0,1,0,0,4,1,2,4,2,4,2,1,1,3,3,1,1,0,1,0,3
P0059,User_0059,user0059@example.com,Student,BBA,IT,3rd,2027,College D,86.67,E-commerce website,2 internships,Python,Data Analyst,DevOps Engineer,Learn a new field,"Cloud, Design",Hybrid,Kolhapur,24 months,9,25000+,0,1,2,1,2,2,1,2,0,4,3,3,4,1,0,0,0,2,0,1,1,2,3,3,2,4,3,1,0,4,0,0,1
P0060,User_0060,user0060@example.com,Student,B.Com,IT,1st,2029,College C,76.84,Portfolio website,1 internship - 6 months,Web development,Cybersecurity Analyst,Web Developer,Build portfolio,"Databases, AI/ML, Cybersecurity",Onsite,Kolhapur,18 months,32,Free,0,2,0,1,2,2,2,3,3,1,4,4,0,2,3,4,2,2,3,2,2,0,4,0,3,1,2,3,3,1,1,0,0
P0061,User_0061,user0061@example.com,Student,B.Com,Arts,2nd,2029,College A,67.33,CRUD web application,None,SQL,Software Developer,Cloud Engineer,Build portfolio,Cloud,No preference,Hyderabad,3 months,6,25000+,1,1,4,0,0,1,4,1,3,0,2,3,1,1,3,0,3,0,0,0,0,2,2,2,1,3,0,1,2,3,0,1,1
P0062,User_0062,user0062@example.com,Student,B.E./B.Tech,Arts,2nd,2026,College D,63.08,Data analysis dashboard,1 internship - 2 months,SQL,Cloud Engineer,QA Engineer,Prepare for internship,Coding,Hybrid,Delhi,3 months,28,Free,2,3,1,1,1,1,0,1,1,2,2,1,1,1,4,2,3,3,3,3,1,3,1,3,1,1,3,2,1,3,3,2,2
P0063,User_0063,user0063@example.com,Student,Diploma,Arts,3rd,2026,College B,60.38,Cloud deployment project,None,Data analytics,Cloud Engineer,Business Analyst,Build portfolio,"Cloud, Web development",Hybrid,Hyderabad,18 months,32,25000+,3,2,3,1,3,0,2,2,4,0,0,3,2,4,0,0,4,2,3,4,3,1,2,2,1,2,1,2,2,1,1,3,2
P0064,User_0064,user0064@example.com,Student,M.Sc,Civil,3rd,2027,Other,86.19,Data analysis dashboard,1 internship - 3 months,Python,QA Engineer,Data Scientist,Prepare for internship,"Coding, Databases",Onsite,Bengaluru,12 months,4,10000-25000,0,1,3,1,1,1,1,0,2,0,2,3,2,3,2,0,3,0,0,0,0,1,0,1,1,3,3,3,2,1,1,4,1
P0065,User_0065,user0065@example.com,Student,B.Com,Mechanical,3rd,2029,College C,82.23,Machine learning project,1 internship - 2 months,Multiple certifications,UI/UX Designer,Business Analyst,Get a job,Coding,No preference,Hyderabad,12 months,39,10000-25000,0,2,2,0,4,2,2,0,1,3,3,4,3,1,3,1,1,1,2,3,1,0,1,2,3,1,2,2,1,0,0,4,3
P0066,User_0066,user0066@example.com,Working professional,M.Tech,Computer Science,Graduated,2028,College D,57.16,Database management project,1 internship - 2 months,Multiple certifications,Cloud Engineer,Data Analyst,Prepare for internship,Databases,Onsite,Delhi,18 months,34,25000+,3,0,2,2,0,2,0,1,4,3,2,3,3,3,3,0,1,0,1,4,2,0,2,1,0,3,2,1,2,1,1,1,3
P0067,User_0067,user0067@example.com,Job seeker,B.E./B.Tech,Commerce,Graduated,2030,Other,68.51,Data analysis dashboard,None,None,DevOps Engineer,QA Engineer,Prepare for internship,"Cloud, Business",Hybrid,Any location,12 months,34,Under 5000,2,3,0,0,1,4,1,0,3,0,2,3,0,2,2,2,3,1,1,1,0,1,2,4,3,4,1,0,0,2,0,3,1
P0068,User_0068,user0068@example.com,Student,B.Sc,Commerce,1st,2027,Other,62.99,UI/UX prototype,2 internships,Python,Data Analyst,ML Engineer,Become job-ready,"Data, Web development",Onsite,Delhi,18 months,32,5000-10000,3,3,1,0,2,0,2,2,0,3,2,0,3,1,1,0,4,2,2,0,2,1,1,3,3,2,2,3,1,3,2,1,2
P0069,User_0069,user0069@example.com,Job seeker,BBA,Arts,Graduated,2029,College D,65.87,CRUD web application,1 internship - 3 months,Data analytics,Data Analyst,Cloud Engineer,Learn a new field,Data,No preference,Chennai,6 months,26,Free,0,1,0,3,1,0,2,3,3,3,0,0,1,2,0,1,0,4,1,1,0,0,0,3,4,3,2,1,2,1,3,2,0
P0070,User_0070,user0070@example.com,Student,BCA,Arts,3rd,2030,College D,89.07,E-commerce website,1 internship - 2 months,Multiple certifications,Data Analyst,Data Analyst,Get a job,"Coding, Web development, Design",No preference,Delhi,6 months,11,5000-10000,2,0,3,0,1,2,3,2,0,3,1,0,2,3,4,0,3,0,1,0,1,1,2,3,4,3,2,4,2,3,1,2,0
P0071,User_0071,user0071@example.com,Student,M.Tech,IT,1st,2026,College B,74.7,Machine learning project,None,Data analytics,ML Engineer,Business Analyst,Learn a new field,"Cloud, Design",No preference,Mumbai,12 months,7,25000+,0,0,2,1,0,1,3,1,3,1,0,3,2,0,1,2,0,1,2,2,1,1,0,2,4,3,0,2,1,3,3,1,2
P0072,User_0072,user0072@example.com,Student,BCA,Mechanical,4th,2030,Other,66.96,Cloud deployment project,1 internship - 3 months,Web development,Data Scientist,Business Analyst,Become job-ready,AI/ML,Hybrid,Bengaluru,6 months,27,Under 5000,0,3,1,1,2,2,0,1,3,3,2,2,1,2,4,0,1,3,0,3,3,3,1,4,0,3,2,2,1,3,3,1,1
P0073,User_0073,user0073@example.com,Student,M.Sc,Computer Science,3rd,2027,Other,86.37,Database management project,None,Multiple certifications,Database Administrator,Business Analyst,Switch career,Web development,Remote,Chennai,18 months,25,10000-25000,2,2,3,0,2,4,0,3,2,2,2,2,2,3,2,2,4,1,4,1,0,0,3,0,0,3,2,4,2,0,0,2,0
P0074,User_0074,user0074@example.com,Student,Diploma,Mechanical,4th,2027,College B,75.82,No project yet,2 internships,Data analytics,QA Engineer,UI/UX Designer,Prepare for internship,Design,No preference,Chennai,3 months,34,5000-10000,1,2,0,1,2,2,3,3,3,2,2,4,1,3,2,4,1,0,2,0,0,1,1,1,2,2,2,3,3,2,0,2,1
P0075,User_0075,user0075@example.com,Working professional,B.E./B.Tech,ECE,Graduated,2029,College A,84.88,CRUD web application,1 internship - 2 months,SQL,Data Scientist,Data Analyst,Get a job,"Databases, Data, Business",No preference,Delhi,3 months,35,Free,3,2,1,1,4,2,1,2,2,2,0,1,0,2,3,0,0,4,1,2,0,3,2,0,1,4,1,3,1,3,2,1,0
P0076,User_0076,user0076@example.com,Student,B.Sc,Mechanical,3rd,2026,Other,78.87,Portfolio website,2 internships,Multiple certifications,Web Developer,UI/UX Designer,Become job-ready,Data,Remote,Hyderabad,6 months,3,5000-10000,0,2,2,3,0,1,1,2,1,0,2,3,3,2,4,2,2,0,3,0,4,1,0,2,1,1,3,1,1,0,1,2,1
P0077,User_0077,user0077@example.com,Student,BBA,Commerce,2nd,2028,College B,82.18,Portfolio website,1 internship - 3 months,SQL,Data Scientist,Cybersecurity Analyst,Build portfolio,Databases,No preference,Any location,12 months,18,5000-10000,1,2,1,0,0,3,0,0,2,3,3,3,4,1,1,1,0,1,2,1,1,2,2,2,2,4,1,3,2,3,2,2,1
P0078,User_0078,user0078@example.com,Student,B.Sc,Other,2nd,2027,College D,64.27,Database management project,1 internship - 2 months,Java,DevOps Engineer,ML Engineer,Switch career,"AI/ML, Business, Web development",Onsite,Pune,6 months,3,25000+,3,0,2,3,3,0,1,1,4,0,0,0,1,0,2,3,3,3,2,1,4,1,2,1,0,4,2,1,1,1,1,1,2
P0079,User_0079,user0079@example.com,Student,B.E./B.Tech,EEE,4th,2027,College D,55.9,Cloud deployment project,None,Web development,Cybersecurity Analyst,Software Developer,Prepare for internship,"Business, Web development, Data",Onsite,Kolhapur,24 months,38,Free,1,3,3,0,2,2,4,2,1,2,2,3,1,1,2,3,1,1,4,2,1,3,1,2,3,0,3,3,0,1,1,0,0
P0080,User_0080,user0080@example.com,Student,B.Sc,IT,2nd,2027,Other,76.57,Database management project,2 internships,None,Database Administrator,Software Developer,Learn a new field,"Web development, Data, Coding",No preference,Chennai,12 months,31,Free,0,0,3,1,1,4,2,4,2,3,3,0,2,1,1,0,3,0,3,2,2,1,2,2,3,3,0,3,0,0,1,3,2
P0081,User_0081,user0081@example.com,Student,B.Com,Commerce,2nd,2030,College D,65.15,E-commerce website,2 internships,Multiple certifications,Business Analyst,ML Engineer,Become job-ready,"AI/ML, Design",Hybrid,Chennai,6 months,36,Free,1,2,3,2,3,2,2,2,2,1,0,1,0,3,1,3,1,0,2,2,2,0,0,2,3,1,1,2,2,3,3,1,1
P0082,User_0082,user0082@example.com,Student,M.Sc,Mechanical,2nd,2028,College B,81.2,Portfolio website,2 internships,Multiple certifications,Business Analyst,Data Analyst,Get a job,"Cybersecurity, AI/ML, Design",Hybrid,Chennai,12 months,3,10000-25000,0,4,3,0,3,2,3,2,2,1,1,2,3,3,1,2,0,1,1,2,2,3,1,2,3,4,0,4,0,3,0,3,3
P0083,User_0083,user0083@example.com,Student,M.Tech,Computer Science,4th,2029,College C,75.66,CRUD web application,1 internship - 3 months,Python,Cloud Engineer,Software Developer,Learn a new field,"Cybersecurity, Web development",Hybrid,Bengaluru,12 months,21,Free,3,1,2,0,0,1,3,3,3,4,1,3,0,3,2,1,3,0,0,3,3,3,4,3,3,3,2,4,2,2,2,4,1
P0084,User_0084,user0084@example.com,Student,B.Com,Arts,2nd,2030,College D,74.13,UI/UX prototype,1 internship - 3 months,Cybersecurity,Cloud Engineer,UI/UX Designer,Get a job,AI/ML,Hybrid,Chennai,6 months,4,10000-25000,3,3,0,3,1,1,3,1,4,2,3,3,0,2,3,0,2,0,2,2,0,3,2,2,2,4,1,0,1,2,1,4,3
P0085,User_0085,user0085@example.com,Student,B.Sc,Commerce,4th,2030,Other,56.91,Data analysis dashboard,2 internships,Multiple certifications,Web Developer,Web Developer,Learn a new field,"Design, Business, AI/ML",Onsite,Pune,6 months,17,5000-10000,2,1,2,0,0,2,1,2,1,1,0,3,3,1,3,0,2,1,3,1,2,0,2,0,0,1,2,1,1,0,4,0,3
P0086,User_0086,user0086@example.com,Student,BBA,EEE,3rd,2030,Other,93.62,Cloud deployment project,1 internship - 3 months,Cloud fundamentals,DevOps Engineer,Cloud Engineer,Prepare for internship,"Databases, Cloud, Cybersecurity",Onsite,Pune,6 months,24,Under 5000,4,0,2,1,1,2,3,1,3,1,2,3,2,2,1,4,3,1,1,2,1,0,2,1,4,4,2,3,1,2,1,3,0
P0087,User_0087,user0087@example.com,Job seeker,M.Sc,ECE,Graduated,2030,College B,87.19,No project yet,1 internship - 6 months,Multiple certifications,QA Engineer,DevOps Engineer,Switch career,"Web development, Cloud, AI/ML",Hybrid,Chennai,12 months,31,Under 5000,1,2,2,0,1,0,3,1,0,2,1,4,0,3,0,3,1,0,2,1,0,1,0,0,1,4,3,3,4,3,1,2,3
P0088,User_0088,user0088@example.com,Student,BCA,IT,2nd,2029,College B,67.83,Data analysis dashboard,1 internship - 3 months,Python,ML Engineer,Data Analyst,Get a job,"Business, Web development, AI/ML",Remote,Kolhapur,3 months,40,5000-10000,0,1,2,0,1,1,2,1,2,1,2,4,2,2,1,0,3,3,0,2,2,3,0,0,2,3,2,3,2,3,3,1,1
P0089,User_0089,user0089@example.com,Student,BCA,Arts,4th,2028,College B,69.42,Cybersecurity mini project,1 internship - 3 months,Java,ML Engineer,Software Developer,Learn a new field,"Coding, Data, AI/ML",Onsite,Mumbai,6 months,31,10000-25000,0,1,0,0,0,0,1,2,1,1,2,1,0,2,0,1,1,3,0,3,1,1,0,4,2,3,4,2,4,2,4,0,2
P0090,User_0090,user0090@example.com,Student,Diploma,Arts,4th,2030,College C,67.95,UI/UX prototype,1 internship - 3 months,Multiple certifications,Cybersecurity Analyst,DevOps Engineer,Switch career,"Business, Cybersecurity, Cloud",Onsite,Mumbai,24 months,12,Under 5000,0,2,2,1,0,4,2,2,2,0,2,2,1,2,1,4,4,0,1,2,1,0,1,1,2,3,1,4,2,0,1,2,1
P0091,User_0091,user0091@example.com,Student,M.Sc,Mechanical,1st,2026,College D,87.04,Cloud deployment project,1 internship - 2 months,Python,DevOps Engineer,Software Developer,Switch career,Cybersecurity,No preference,Delhi,3 months,32,25000+,3,1,1,0,2,1,0,0,4,2,0,4,2,1,1,3,3,2,2,1,2,0,1,0,3,2,3,0,1,0,2,3,2
P0092,User_0092,user0092@example.com,Student,MCA,Commerce,3rd,2028,College C,93.47,No project yet,1 internship - 2 months,Multiple certifications,ML Engineer,DevOps Engineer,Build portfolio,Databases,Remote,Pune,12 months,36,25000+,1,2,3,0,0,1,0,0,1,0,2,3,3,2,2,2,2,3,2,2,1,0,2,1,1,3,1,3,3,4,3,4,3
P0093,User_0093,user0093@example.com,Job seeker,B.Com,Computer Science,Graduated,2027,Other,92.15,CRUD web application,None,Data analytics,Software Developer,QA Engineer,Learn a new field,"Databases, Web development",No preference,Pune,12 months,8,25000+,1,4,3,1,0,3,0,3,2,1,2,3,3,2,0,1,0,1,2,0,3,0,1,3,2,4,2,2,3,2,2,3,2
P0094,User_0094,user0094@example.com,Student,B.E./B.Tech,IT,4th,2030,College A,85.79,E-commerce website,1 internship - 3 months,Data analytics,Software Developer,Data Analyst,Switch career,Design,No preference,Kolhapur,18 months,23,Free,1,2,3,2,0,2,4,4,2,2,0,3,2,2,1,1,2,1,1,1,1,2,2,1,0,3,2,3,4,1,0,1,1
P0095,User_0095,user0095@example.com,Student,Diploma,IT,4th,2027,College D,75.34,Cybersecurity mini project,1 internship - 3 months,Python,Data Scientist,Business Analyst,Get a job,Cloud,Hybrid,Any location,24 months,25,25000+,0,1,2,3,0,0,3,3,3,3,0,2,0,1,0,0,1,2,1,1,1,4,0,3,0,3,2,1,0,3,2,2,0
P0096,User_0096,user0096@example.com,Student,BCA,ECE,4th,2027,Other,76.65,Cybersecurity mini project,2 internships,Data analytics,Web Developer,Data Scientist,Prepare for internship,"Web development, AI/ML",Hybrid,Kolhapur,18 months,14,Under 5000,0,1,1,4,0,0,1,1,1,0,1,3,3,0,4,1,3,2,3,3,4,0,2,1,0,3,3,0,1,4,2,2,0
P0097,User_0097,user0097@example.com,Student,BBA,ECE,4th,2026,College D,85.58,Database management project,1 internship - 6 months,Java,QA Engineer,Software Developer,Switch career,Cybersecurity,No preference,Bengaluru,6 months,15,Under 5000,3,3,1,2,3,0,1,3,2,2,3,3,1,3,3,3,3,1,2,0,0,2,2,1,2,2,0,3,3,2,1,3,2
P0098,User_0098,user0098@example.com,Student,B.Com,Arts,2nd,2026,Other,59.53,E-commerce website,1 internship - 3 months,None,Web Developer,Database Administrator,Learn a new field,"Web development, AI/ML, Cybersecurity",Onsite,Chennai,18 months,29,5000-10000,0,4,1,3,2,3,3,1,2,2,3,4,3,3,3,1,2,2,0,0,3,3,3,0,1,4,1,1,2,4,0,1,3
P0099,User_0099,user0099@example.com,Student,B.Com,ECE,1st,2029,Other,87.3,Data analysis dashboard,1 internship - 2 months,None,DevOps Engineer,Database Administrator,Build portfolio,"Cloud, Coding, Cybersecurity",Onsite,Bengaluru,24 months,32,10000-25000,0,1,3,3,3,0,1,2,4,0,2,1,2,2,0,4,4,4,2,0,2,0,0,1,3,4,0,0,2,0,1,2,4
P0100,User_0100,user0100@example.com,Working professional,B.E./B.Tech,Commerce,Graduated,2030,College D,75.99,Cybersecurity mini project,1 internship - 6 months,Java,DevOps Engineer,Business Analyst,Prepare for internship,Cloud,Remote,Mumbai,24 months,22,25000+,3,0,2,0,1,2,2,3,1,0,2,1,3,2,3,3,4,0,1,0,2,2,2,2,2,2,1,2,3,0,1,1,1
P0101,User_0101,user0101@example.com,Student,B.E./B.Tech,Mechanical,3rd,2028,College D,83.98,UI/UX prototype,2 internships,Data analytics,Web Developer,Database Administrator,Get a job,Data,Onsite,Bengaluru,12 months,22,5000-10000,1,2,3,4,1,2,1,1,4,1,0,3,3,2,3,0,2,2,4,0,0,2,0,3,2,4,3,1,2,2,0,0,1
P0102,User_0102,user0102@example.com,Student,BBA,Computer Science,3rd,2028,College B,76.0,E-commerce website,None,Web development,QA Engineer,Data Analyst,Get a job,Design,Hybrid,Pune,6 months,29,Free,1,1,0,0,0,1,3,3,1,3,3,1,1,3,2,2,0,2,1,3,2,0,0,3,1,3,1,2,3,0,0,4,1
P0103,User_0103,user0103@example.com,Job seeker,B.Com,Mechanical,Graduated,2026,College A,93.33,Database management project,None,Cloud fundamentals,DevOps Engineer,UI/UX Designer,Become job-ready,AI/ML,Remote,Bengaluru,24 months,18,5000-10000,3,2,3,0,1,1,3,1,3,2,0,4,1,4,0,1,3,3,0,1,0,3,3,1,3,2,2,2,0,2,2,0,0
P0104,User_0104,user0104@example.com,Student,M.Tech,Mechanical,4th,2029,College B,82.98,Database management project,1 internship - 2 months,SQL,UI/UX Designer,QA Engineer,Switch career,Cloud,Hybrid,Any location,18 months,24,Free,1,0,2,3,2,0,2,1,1,0,3,2,2,0,3,0,2,2,3,2,2,1,3,2,2,1,4,2,1,0,3,3,3
P0105,User_0105,user0105@example.com,Working professional,M.Tech,Civil,Graduated,2029,College C,74.77,Database management project,1 internship - 2 months,Cloud fundamentals,Web Developer,QA Engineer,Get a job,"Data, Web development",Remote,Bengaluru,6 months,39,25000+,1,1,1,2,2,2,0,0,3,2,1,3,4,1,3,1,2,1,4,1,3,3,2,2,1,2,3,0,2,0,3,2,1
P0106,User_0106,user0106@example.com,Student,BBA,Commerce,4th,2027,College B,77.22,E-commerce website,1 internship - 6 months,Multiple certifications,QA Engineer,Cybersecurity Analyst,Build portfolio,AI/ML,Onsite,Hyderabad,6 months,31,Under 5000,3,2,2,1,1,2,1,0,3,1,2,3,3,4,2,3,4,2,2,1,3,3,0,3,4,0,2,4,2,1,0,3,2
P0107,User_0107,user0107@example.com,Student,B.Sc,Other,3rd,2030,Other,67.5,Database management project,2 internships,Python,Software Developer,Software Developer,Switch career,"Data, Cybersecurity, Business",Remote,Any location,18 months,5,25000+,0,0,4,1,1,4,1,2,1,1,2,3,1,2,1,2,1,1,0,2,2,3,0,1,1,3,1,4,2,2,0,1,2
P0108,User_0108,user0108@example.com,Student,BCA,Arts,2nd,2027,College D,85.11,UI/UX prototype,None,Data analytics,DevOps Engineer,Cloud Engineer,Build portfolio,AI/ML,Onsite,Any location,6 months,39,Under 5000,3,1,1,4,1,0,2,2,3,2,1,3,2,2,2,3,4,0,1,0,0,2,1,2,1,3,2,2,3,2,2,1,0
P0109,User_0109,user0109@example.com,Student,MCA,Arts,2nd,2026,College A,88.27,No project yet,1 internship - 2 months,Multiple certifications,Database Administrator,Software Developer,Build portfolio,"AI/ML, Design",Remote,Mumbai,18 months,36,5000-10000,2,1,2,2,0,0,1,3,2,2,1,1,2,1,0,3,0,3,3,2,4,2,1,3,2,4,1,4,3,1,1,0,2
P0110,User_0110,user0110@example.com,Student,MCA,Civil,1st,2030,College D,62.14,Cybersecurity mini project,1 internship - 3 months,Java,Data Scientist,DevOps Engineer,Get a job,"Data, Business",Onsite,Chennai,6 months,13,25000+,2,1,0,2,0,2,3,0,2,0,4,0,2,1,2,2,3,2,0,0,1,3,0,3,4,4,2,3,2,3,2,1,0
P0111,User_0111,user0111@example.com,Student,Diploma,IT,3rd,2030,College A,93.7,UI/UX prototype,1 internship - 3 months,Python,QA Engineer,QA Engineer,Prepare for internship,"Cloud, Cybersecurity",Hybrid,Chennai,3 months,12,5000-10000,0,1,1,0,0,2,2,0,1,2,0,1,1,2,1,1,0,2,2,1,1,2,3,0,0,3,2,4,2,1,4,3,1
P0112,User_0112,user0112@example.com,Student,Diploma,EEE,2nd,2027,Other,57.56,Portfolio website,1 internship - 2 months,None,DevOps Engineer,Web Developer,Get a job,"Data, Business",No preference,Bengaluru,3 months,40,Under 5000,1,2,2,0,0,2,2,1,1,1,1,3,3,1,4,1,1,2,0,0,3,2,1,2,3,2,2,3,0,0,2,1,3
P0113,User_0113,user0113@example.com,Student,M.Tech,ECE,2nd,2030,College A,78.85,Data analysis dashboard,1 internship - 3 months,Multiple certifications,Cloud Engineer,Business Analyst,Build portfolio,"Databases, Cybersecurity",Remote,Hyderabad,12 months,12,10000-25000,3,3,2,1,0,2,1,1,4,0,0,2,0,1,2,0,3,0,0,3,0,2,2,1,0,4,0,0,3,2,2,1,2
P0114,User_0114,user0114@example.com,Job seeker,BCA,Arts,Graduated,2027,College A,64.48,E-commerce website,1 internship - 2 months,Data analytics,Software Developer,Cloud Engineer,Prepare for internship,Data,No preference,Bengaluru,3 months,21,10000-25000,2,0,4,4,2,3,4,1,1,2,0,1,0,2,3,3,1,0,3,0,1,0,1,2,3,3,0,1,1,0,0,1,0
P0115,User_0115,user0115@example.com,Student,B.Com,Computer Science,4th,2026,College D,94.21,Machine learning project,1 internship - 2 months,Data analytics,Database Administrator,Software Developer,Build portfolio,"Cybersecurity, AI/ML",Remote,Chennai,24 months,37,10000-25000,1,3,0,3,1,1,0,4,2,4,0,0,2,0,0,3,3,0,3,3,2,2,3,2,0,4,3,1,3,1,4,2,3
P0116,User_0116,user0116@example.com,Student,M.Sc,EEE,1st,2028,College D,79.77,No project yet,1 internship - 3 months,None,DevOps Engineer,Cybersecurity Analyst,Switch career,"Design, Coding, Business",Onsite,Mumbai,24 months,25,Under 5000,4,2,0,1,0,2,2,1,2,1,0,4,0,2,0,3,3,2,4,1,0,2,0,3,2,4,0,2,1,2,1,1,2
P0117,User_0117,user0117@example.com,Student,B.Com,IT,1st,2030,College A,66.73,Data analysis dashboard,1 internship - 3 months,Python,Data Analyst,QA Engineer,Become job-ready,"AI/ML, Business, Data",Onsite,Any location,12 months,14,10000-25000,4,0,0,1,3,2,4,0,2,2,1,1,2,1,0,1,1,1,0,2,2,1,1,3,4,4,3,4,0,4,1,0,3
P0118,User_0118,user0118@example.com,Student,B.Sc,ECE,2nd,2027,College B,77.5,CRUD web application,None,Data analytics,DevOps Engineer,Software Developer,Learn a new field,"AI/ML, Business, Web development",Hybrid,Delhi,6 months,24,5000-10000,4,0,0,0,3,3,1,1,3,2,2,3,2,1,1,3,3,3,1,2,0,1,1,3,0,3,4,2,0,1,0,0,2
P0119,User_0119,user0119@example.com,Working professional,Diploma,EEE,Graduated,2026,Other,70.78,Cybersecurity mini project,1 internship - 2 months,None,DevOps Engineer,DevOps Engineer,Switch career,Web development,Remote,Delhi,18 months,29,Under 5000,3,0,1,3,1,1,0,1,3,0,2,4,1,2,1,3,4,4,2,0,2,3,1,2,2,4,0,2,1,1,3,1,0
P0120,User_0120,user0120@example.com,Student,B.Sc,EEE,2nd,2028,College D,77.37,E-commerce website,1 internship - 3 months,Multiple certifications,Business Analyst,DevOps Engineer,Prepare for internship,"Coding, Cloud",Remote,Pune,6 months,38,5000-10000,3,3,1,1,3,4,3,0,2,3,4,3,1,3,4,1,3,0,2,0,0,1,3,4,1,4,2,1,1,4,1,2,2
P0121,User_0121,user0121@example.com,Student,BBA,Computer Science,3rd,2030,College B,76.75,Cybersecurity mini project,2 internships,Python,ML Engineer,Cybersecurity Analyst,Learn a new field,"Cybersecurity, AI/ML, Databases",Hybrid,Hyderabad,12 months,7,Free,4,3,1,2,3,1,1,2,0,0,1,4,0,2,2,2,3,3,1,2,0,1,2,3,0,1,1,4,0,2,3,1,3
P0122,User_0122,user0122@example.com,Student,Diploma,IT,2nd,2026,College D,82.63,Data analysis dashboard,1 internship - 2 months,SQL,UI/UX Designer,Web Developer,Get a job,"AI/ML, Cybersecurity",Remote,Any location,18 months,9,Free,2,3,0,3,3,1,1,3,0,0,2,0,4,2,4,1,1,2,2,0,1,0,3,3,1,1,1,3,3,2,2,1,4
P0123,User_0123,user0123@example.com,Job seeker,B.E./B.Tech,EEE,Graduated,2029,College D,63.57,Cloud deployment project,2 internships,Java,Data Scientist,Data Scientist,Build portfolio,"Data, AI/ML",Remote,Delhi,3 months,23,10000-25000,0,2,1,0,0,1,0,2,2,2,3,0,3,0,1,0,3,4,3,1,0,3,2,2,2,1,2,0,0,2,1,3,1
P0124,User_0124,user0124@example.com,Student,B.Sc,IT,3rd,2029,College C,85.59,Machine learning project,1 internship - 3 months,SQL,Web Developer,Database Administrator,Become job-ready,"Databases, Data, Business",Hybrid,Chennai,12 months,28,10000-25000,1,1,1,3,2,0,1,1,1,2,2,4,2,1,4,1,3,3,3,3,3,0,2,2,1,1,3,0,1,2,4,2,3
P0125,User_0125,user0125@example.com,Student,MCA,IT,4th,2027,Other,81.38,Database management project,1 internship - 3 months,Cybersecurity,QA Engineer,ML Engineer,Learn a new field,"Business, Coding",Onsite,Any location,18 months,3,Under 5000,2,1,1,1,2,0,1,1,2,0,0,1,0,3,4,1,2,0,2,0,0,2,2,2,0,3,1,3,3,3,1,4,0
P0126,User_0126,user0126@example.com,Student,B.E./B.Tech,Mechanical,1st,2030,Other,91.06,Cloud deployment project,1 internship - 2 months,None,ML Engineer,ML Engineer,Get a job,"Design, Coding, Cybersecurity",No preference,Pune,12 months,28,10000-25000,2,1,0,2,2,2,2,1,3,1,1,3,4,2,1,4,1,0,0,3,1,2,0,3,1,1,1,3,1,3,2,2,2
P0127,User_0127,user0127@example.com,Student,B.Com,Other,3rd,2028,Other,75.61,E-commerce website,2 internships,Data analytics,Database Administrator,QA Engineer,Become job-ready,Databases,Onsite,Pune,24 months,26,Under 5000,1,2,3,0,2,1,1,4,1,2,1,1,1,3,2,3,3,1,1,4,1,0,4,0,3,1,1,1,3,1,0,2,2
P0128,User_0128,user0128@example.com,Student,M.Tech,Other,4th,2026,College C,86.59,E-commerce website,None,SQL,Database Administrator,ML Engineer,Learn a new field,Cloud,Onsite,Pune,18 months,9,Free,1,2,3,3,1,2,3,4,3,3,2,0,0,1,0,2,4,3,3,3,3,2,4,1,1,2,2,2,0,0,0,2,1
P0129,User_0129,user0129@example.com,Student,M.Tech,Commerce,3rd,2029,College D,82.31,No project yet,None,Web development,Software Developer,ML Engineer,Prepare for internship,"Design, Data, AI/ML",Hybrid,Any location,12 months,35,5000-10000,3,0,3,3,3,1,3,2,0,3,2,2,0,4,3,1,3,3,3,1,3,0,0,3,1,3,1,4,0,1,0,0,4
P0130,User_0130,user0130@example.com,Student,B.E./B.Tech,Arts,4th,2030,College A,69.07,E-commerce website,1 internship - 3 months,Cybersecurity,Software Developer,Database Administrator,Learn a new field,AI/ML,Hybrid,Any location,3 months,17,Free,2,3,1,2,2,0,4,2,1,1,2,4,3,3,1,0,1,0,4,3,3,1,3,2,1,4,0,3,1,3,2,2,1
P0131,User_0131,user0131@example.com,Student,BCA,IT,4th,2029,Other,65.41,Machine learning project,1 internship - 3 months,Java,QA Engineer,Web Developer,Switch career,Databases,Onsite,Mumbai,3 months,40,25000+,2,2,2,0,1,2,1,0,0,1,4,4,2,4,2,2,1,1,2,1,2,3,2,0,1,2,3,4,4,0,3,4,2
P0132,User_0132,user0132@example.com,Student,MCA,Mechanical,1st,2029,College C,94.87,CRUD web application,2 internships,None,Cloud Engineer,QA Engineer,Become job-ready,Design,Remote,Pune,12 months,16,25000+,4,3,3,1,0,0,3,3,3,2,1,3,0,0,3,2,2,0,2,0,4,0,1,0,2,3,0,1,3,4,1,0,1
P0133,User_0133,user0133@example.com,Student,M.Tech,Computer Science,2nd,2028,College B,83.24,Data analysis dashboard,None,SQL,Database Administrator,Cloud Engineer,Get a job,Coding,No preference,Pune,18 months,31,5000-10000,1,4,2,0,3,0,0,2,1,1,1,0,2,1,1,1,4,1,4,1,1,1,4,1,3,4,1,3,0,2,1,4,2
P0134,User_0134,user0134@example.com,Student,M.Tech,Arts,3rd,2030,College B,63.45,No project yet,None,Data analytics,Business Analyst,Software Developer,Learn a new field,Business,Hybrid,Delhi,3 months,21,Free,2,3,0,2,2,1,0,1,3,4,3,2,2,0,4,0,2,0,3,0,1,0,1,1,4,0,1,4,0,3,0,1,2
P0135,User_0135,user0135@example.com,Student,Diploma,Other,3rd,2029,College D,58.17,Database management project,1 internship - 2 months,Java,UI/UX Designer,DevOps Engineer,Switch career,"Web development, Data",Onsite,Kolhapur,12 months,19,Under 5000,4,1,1,2,4,3,0,3,0,2,3,2,3,0,3,1,3,1,2,0,2,3,1,1,3,1,2,1,2,3,2,1,3
P0136,User_0136,user0136@example.com,Working professional,B.E./B.Tech,Commerce,Graduated,2029,College D,89.75,Portfolio website,1 internship - 6 months,Python,UI/UX Designer,Business Analyst,Become job-ready,AI/ML,No preference,Hyderabad,24 months,31,25000+,1,2,2,4,3,1,1,1,2,3,3,2,4,0,4,1,2,3,0,1,2,1,2,2,1,3,1,3,3,0,0,4,3
P0137,User_0137,user0137@example.com,Student,B.E./B.Tech,Commerce,4th,2029,Other,78.64,Database management project,2 internships,Multiple certifications,Cybersecurity Analyst,Database Administrator,Learn a new field,"Coding, Business",No preference,Bengaluru,3 months,26,25000+,2,4,2,3,0,2,0,3,2,0,0,3,0,0,3,3,3,0,2,2,1,0,3,2,1,3,0,3,0,1,3,1,1
P0138,User_0138,user0138@example.com,Student,B.E./B.Tech,Arts,2nd,2029,College C,64.39,Data analysis dashboard,1 internship - 2 months,Java,Software Developer,UI/UX Designer,Get a job,"Business, Data, Databases",Remote,Delhi,12 months,27,5000-10000,1,1,1,3,1,1,3,3,1,2,0,3,0,3,0,0,3,1,2,3,2,0,1,2,4,4,2,4,2,2,3,2,1
P0139,User_0139,user0139@example.com,Student,BCA,Civil,2nd,2028,College B,59.92,Cybersecurity mini project,1 internship - 6 months,Multiple certifications,QA Engineer,Data Scientist,Build portfolio,"Data, AI/ML",No preference,Pune,6 months,24,10000-25000,0,3,3,0,0,1,2,0,0,1,1,3,0,4,1,0,2,1,2,2,3,1,1,3,0,2,2,4,4,3,0,2,2
P0140,User_0140,user0140@example.com,Student,M.Sc,Mechanical,4th,2030,Other,91.82,E-commerce website,2 internships,Cloud fundamentals,Cybersecurity Analyst,Business Analyst,Build portfolio,"Design, Web development, Coding",No preference,Bengaluru,24 months,18,25000+,1,0,1,2,1,3,0,2,1,2,0,3,3,3,4,1,3,3,1,4,2,1,0,1,1,4,1,3,0,3,0,2,4
P0141,User_0141,user0141@example.com,Student,B.E./B.Tech,Arts,3rd,2028,College C,81.68,No project yet,None,Web development,Database Administrator,Business Analyst,Become job-ready,"Cybersecurity, Web development",Onsite,Chennai,24 months,23,Under 5000,2,2,3,2,1,0,1,1,1,2,2,0,4,1,0,2,3,2,2,0,2,2,2,2,2,4,0,1,1,2,1,0,2
P0142,User_0142,user0142@example.com,Student,M.Tech,Computer Science,2nd,2030,College C,56.61,UI/UX prototype,1 internship - 3 months,Python,Web Developer,Data Analyst,Get a job,"Databases, Data, Coding",Hybrid,Hyderabad,12 months,24,5000-10000,1,2,3,3,0,2,3,0,0,3,1,3,3,1,3,1,1,1,1,1,3,3,1,4,3,0,2,2,0,2,3,0,0
P0143,User_0143,user0143@example.com,Student,M.Sc,Computer Science,4th,2030,College A,62.7,Cybersecurity mini project,None,Java,ML Engineer,Database Administrator,Become job-ready,"Coding, Cloud, Business",Remote,Bengaluru,18 months,8,25000+,1,2,0,2,0,3,3,0,3,1,0,3,3,1,2,2,3,4,1,2,2,2,1,1,1,3,3,3,2,3,3,0,1
P0144,User_0144,user0144@example.com,Student,MCA,IT,3rd,2027,College B,85.09,Data analysis dashboard,1 internship - 6 months,Data analytics,Software Developer,Database Administrator,Prepare for internship,"Databases, Data",No preference,Chennai,3 months,4,5000-10000,0,3,2,0,2,0,4,3,1,3,2,3,0,4,0,1,1,3,1,1,0,0,0,0,1,1,1,3,0,2,1,0,0
P0145,User_0145,user0145@example.com,Student,B.Com,Mechanical,4th,2030,College A,67.03,Cloud deployment project,1 internship - 2 months,Multiple certifications,Software Developer,Cloud Engineer,Learn a new field,"Coding, AI/ML",Remote,Kolhapur,24 months,35,5000-10000,1,2,1,0,2,3,0,2,2,0,2,3,0,3,1,3,1,2,0,1,0,0,4,4,2,1,3,4,2,2,0,0,3
P0146,User_0146,user0146@example.com,Student,MCA,Civil,4th,2026,College B,84.73,Data analysis dashboard,None,Python,Cloud Engineer,ML Engineer,Learn a new field,"Design, Cybersecurity",Hybrid,Bengaluru,3 months,29,25000+,2,1,3,3,3,2,4,2,3,2,1,2,4,1,3,0,4,2,0,0,0,2,2,1,1,1,3,2,1,3,3,1,0
P0147,User_0147,user0147@example.com,Student,B.Com,Other,4th,2026,Other,73.66,Portfolio website,1 internship - 6 months,None,QA Engineer,Cybersecurity Analyst,Become job-ready,"Databases, Web development",Remote,Bengaluru,3 months,18,5000-10000,1,2,0,1,1,1,3,2,0,0,3,3,3,3,1,2,2,2,2,2,0,0,0,1,2,2,1,4,2,2,4,3,1
P0148,User_0148,user0148@example.com,Student,B.E./B.Tech,IT,1st,2026,College C,79.43,Portfolio website,1 internship - 6 months,Data analytics,Cloud Engineer,Cloud Engineer,Get a job,"Data, AI/ML, Coding",Remote,Pune,24 months,29,Free,3,1,1,1,3,3,4,0,3,4,3,2,1,0,2,0,3,0,2,4,3,0,1,4,3,4,1,0,0,2,1,0,1
P0149,User_0149,user0149@example.com,Student,M.Sc,Civil,3rd,2030,College C,66.64,No project yet,2 internships,Java,ML Engineer,Software Developer,Become job-ready,Business,Onsite,Pune,6 months,20,25000+,3,1,2,1,3,2,2,1,1,1,2,2,2,2,0,1,2,2,0,2,2,3,3,0,1,3,1,3,0,2,1,0,2
P0150,User_0150,user0150@example.com,Student,BBA,Computer Science,1st,2029,College B,80.25,Cloud deployment project,None,Multiple certifications,UI/UX Designer,Cybersecurity Analyst,Get a job,AI/ML,Remote,Bengaluru,6 months,19,5000-10000,3,1,0,2,4,2,1,2,2,4,3,1,3,4,3,1,0,1,2,0,0,0,0,0,2,0,2,4,1,2,0,0,4
P0151,User_0151,user0151@example.com,Job seeker,Diploma,EEE,Graduated,2030,Other,90.43,Data analysis dashboard,1 internship - 3 months,SQL,Data Analyst,Data Scientist,Learn a new field,Cloud,Remote,Any location,24 months,9,Free,0,1,0,3,0,0,0,1,0,4,0,2,3,1,0,1,1,1,0,1,2,2,1,4,2,4,0,2,1,3,1,1,2
P0152,User_0152,user0152@example.com,Student,MCA,Arts,4th,2026,College B,72.67,E-commerce website,1 internship - 6 months,Data analytics,Data Analyst,ML Engineer,Learn a new field,"Design, Cloud",Remote,Delhi,3 months,25,5000-10000,1,2,2,1,1,1,1,1,2,4,1,1,1,3,2,0,0,0,3,1,1,3,2,4,3,3,0,1,1,3,2,1,2
P0153,User_0153,user0153@example.com,Student,BCA,EEE,4th,2028,College B,72.15,Machine learning project,2 internships,Multiple certifications,UI/UX Designer,Business Analyst,Build portfolio,"Business, Design",Onsite,Any location,18 months,6,25000+,1,2,2,4,1,0,0,0,0,1,3,3,3,1,4,4,4,2,2,3,0,1,3,2,1,1,2,2,1,1,2,0,3
P0154,User_0154,user0154@example.com,Student,B.E./B.Tech,ECE,1st,2026,College D,66.35,UI/UX prototype,1 internship - 2 months,None,Software Developer,Data Scientist,Switch career,"Business, Coding, Data",Remote,Any location,3 months,13,5000-10000,1,2,2,3,0,3,4,1,1,2,1,4,1,3,0,2,3,0,4,1,2,2,2,3,4,2,1,3,0,0,2,1,3
P0155,User_0155,user0155@example.com,Student,M.Tech,Civil,3rd,2029,College D,70.39,E-commerce website,2 internships,Java,UI/UX Designer,QA Engineer,Prepare for internship,"Cybersecurity, AI/ML",Remote,Chennai,3 months,40,Under 5000,0,1,3,3,4,0,1,2,1,3,2,3,3,3,3,0,2,1,0,2,1,0,4,1,3,2,0,1,2,1,1,0,1
P0156,User_0156,user0156@example.com,Student,M.Sc,EEE,4th,2030,College A,62.09,Data analysis dashboard,1 internship - 6 months,Cloud fundamentals,Data Analyst,Web Developer,Become job-ready,AI/ML,No preference,Kolhapur,3 months,2,Free,1,2,1,3,2,2,0,1,4,3,4,0,0,2,1,1,1,1,1,0,2,2,1,4,4,3,0,2,3,3,2,1,0
P0157,User_0157,user0157@example.com,Working professional,Diploma,Commerce,Graduated,2029,College A,64.3,Cloud deployment project,1 internship - 3 months,Multiple certifications,QA Engineer,Web Developer,Switch career,"Cybersecurity, Web development, Cloud",Hybrid,Kolhapur,3 months,26,10000-25000,1,1,0,2,3,1,1,0,2,1,2,3,0,3,1,2,0,1,0,0,3,0,0,0,0,4,2,1,4,0,3,3,2
P0158,User_0158,user0158@example.com,Student,MCA,Other,2nd,2026,College C,64.46,UI/UX prototype,2 internships,None,QA Engineer,Cloud Engineer,Prepare for internship,Coding,Remote,Pune,6 months,40,5000-10000,1,1,1,0,3,2,1,0,0,1,2,4,0,3,4,3,0,4,2,4,2,2,4,2,1,3,3,3,4,1,1,3,2
P0159,User_0159,user0159@example.com,Student,BCA,Computer Science,2nd,2027,Other,58.13,Machine learning project,1 internship - 2 months,Python,DevOps Engineer,Business Analyst,Build portfolio,Web development,Hybrid,Kolhapur,6 months,14,Under 5000,3,0,0,0,3,2,3,2,3,1,2,4,1,4,2,3,0,3,1,0,1,3,2,0,2,4,2,1,1,1,0,3,0
P0160,User_0160,user0160@example.com,Student,B.Sc,EEE,1st,2028,College D,74.58,Portfolio website,2 internships,Data analytics,Cloud Engineer,QA Engineer,Become job-ready,"Databases, Web development",Remote,Chennai,3 months,26,Free,2,0,1,1,2,1,2,0,4,1,0,3,1,2,2,3,4,0,1,4,2,3,2,0,2,3,1,1,1,2,0,0,1
P0161,User_0161,user0161@example.com,Student,B.E./B.Tech,Other,2nd,2028,College D,85.1,E-commerce website,1 internship - 2 months,Cybersecurity,Cloud Engineer,Business Analyst,Get a job,"Cloud, Databases",Remote,Delhi,6 months,38,5000-10000,4,0,2,4,2,2,1,2,3,1,0,3,1,0,1,3,3,2,0,3,0,2,3,0,0,3,2,0,0,0,2,1,2
P0162,User_0162,user0162@example.com,Student,B.E./B.Tech,Civil,1st,2028,College A,81.61,No project yet,1 internship - 2 months,Web development,Business Analyst,Software Developer,Get a job,"Data, Coding",Onsite,Pune,18 months,4,25000+,0,4,2,0,2,1,0,2,1,3,1,1,0,0,0,1,1,0,2,0,0,2,3,0,4,3,1,4,0,3,0,0,0
P0163,User_0163,user0163@example.com,Student,BBA,Computer Science,3rd,2030,College A,68.93,Portfolio website,1 internship - 3 months,Web development,UI/UX Designer,DevOps Engineer,Learn a new field,Business,Remote,Chennai,12 months,26,25000+,4,2,3,3,3,1,1,3,4,3,4,2,3,0,3,1,0,1,2,2,3,0,2,3,1,2,3,1,2,2,1,1,2
P0164,User_0164,user0164@example.com,Student,M.Tech,IT,3rd,2030,College D,87.34,Machine learning project,2 internships,Python,Data Scientist,Data Scientist,Switch career,"Design, Databases, Web development",Remote,Hyderabad,3 months,25,Free,2,3,3,2,2,0,1,0,3,4,4,1,3,4,1,1,0,2,3,2,0,4,0,4,1,3,1,4,2,4,2,2,3
P0165,User_0165,user0165@example.com,Student,Diploma,Civil,3rd,2029,College A,94.25,UI/UX prototype,None,Cloud fundamentals,Web Developer,Cybersecurity Analyst,Prepare for internship,"Business, Cybersecurity, Web development",Onsite,Bengaluru,3 months,19,Under 5000,1,2,0,4,2,0,1,1,2,1,2,2,3,1,4,2,3,0,2,2,2,0,3,1,3,1,2,2,0,1,2,3,3
P0166,User_0166,user0166@example.com,Student,BBA,IT,2nd,2029,College B,92.8,E-commerce website,1 internship - 6 months,Java,DevOps Engineer,Web Developer,Become job-ready,Data,Hybrid,Chennai,6 months,23,10000-25000,4,1,3,3,0,0,1,1,3,1,1,1,2,1,3,4,3,0,1,2,3,0,3,1,2,3,1,1,3,0,3,0,2
P0167,User_0167,user0167@example.com,Student,B.E./B.Tech,Other,2nd,2030,Other,83.55,E-commerce website,None,Cybersecurity,Data Scientist,QA Engineer,Get a job,"Web development, Business, Coding",Onsite,Mumbai,6 months,34,25000+,0,0,1,2,4,2,1,2,2,2,2,3,2,1,2,1,0,1,1,2,1,0,2,3,1,4,2,2,1,3,1,2,0
P0168,User_0168,user0168@example.com,Student,BCA,ECE,3rd,2027,Other,71.88,Machine learning project,1 internship - 2 months,Multiple certifications,Business Analyst,UI/UX Designer,Switch career,Design,Hybrid,Chennai,6 months,18,10000-25000,0,3,3,0,2,0,0,2,3,1,4,1,1,1,1,3,0,1,3,1,2,2,1,2,3,1,4,3,1,2,0,3,0
P0169,User_0169,user0169@example.com,Student,BCA,Commerce,1st,2028,Other,89.62,CRUD web application,1 internship - 2 months,Multiple certifications,DevOps Engineer,UI/UX Designer,Switch career,"Cloud, Business, Coding",Remote,Pune,6 months,34,5000-10000,1,1,1,2,1,0,2,4,3,0,1,3,3,2,1,2,4,1,0,2,0,0,0,1,0,3,1,1,1,3,0,0,1
P0170,User_0170,user0170@example.com,Student,B.Com,Commerce,3rd,2026,College A,84.74,CRUD web application,None,Python,Cloud Engineer,UI/UX Designer,Build portfolio,"Cybersecurity, Data, Business",Remote,Chennai,24 months,37,Under 5000,2,3,2,2,2,3,1,2,3,2,2,3,0,2,1,3,3,1,2,3,1,1,1,1,1,3,4,1,2,3,0,2,0
P0171,User_0171,user0171@example.com,Student,BCA,Other,1st,2030,College D,63.7,Cybersecurity mini project,1 internship - 3 months,Web development,DevOps Engineer,ML Engineer,Learn a new field,"Cloud, Cybersecurity",Remote,Any location,24 months,1,10000-25000,3,2,2,1,0,0,0,3,0,1,1,3,4,2,3,4,4,2,0,1,0,3,2,3,0,3,0,1,0,1,0,4,1
P0172,User_0172,user0172@example.com,Student,Diploma,ECE,4th,2028,College A,71.84,E-commerce website,1 internship - 3 months,None,Software Developer,UI/UX Designer,Build portfolio,Cybersecurity,Onsite,Delhi,18 months,31,25000+,1,2,3,1,0,3,2,1,0,1,0,3,0,2,1,0,2,0,1,1,1,0,3,0,1,4,0,3,1,1,3,0,0
P0173,User_0173,user0173@example.com,Student,B.Sc,EEE,1st,2026,Other,62.99,Data analysis dashboard,1 internship - 6 months,None,Business Analyst,Software Developer,Build portfolio,"Cybersecurity, AI/ML",No preference,Hyderabad,6 months,28,Under 5000,3,4,1,0,2,0,0,1,2,2,2,1,4,2,1,1,1,2,0,0,1,0,2,3,4,0,3,2,2,4,2,1,0
P0174,User_0174,user0174@example.com,Student,MCA,IT,1st,2029,College A,58.0,Data analysis dashboard,2 internships,Python,Cybersecurity Analyst,UI/UX Designer,Become job-ready,Cybersecurity,Hybrid,Hyderabad,18 months,13,Under 5000,1,0,1,0,0,3,3,2,0,3,0,0,2,1,1,1,3,1,1,3,1,0,2,2,2,2,1,4,2,2,2,0,1
P0175,User_0175,user0175@example.com,Job seeker,MCA,Commerce,Graduated,2026,Other,73.22,Machine learning project,1 internship - 2 months,None,UI/UX Designer,Business Analyst,Learn a new field,Cybersecurity,Hybrid,Hyderabad,6 months,38,5000-10000,2,0,0,3,3,3,3,3,4,3,3,2,4,0,3,3,1,0,2,2,0,0,2,2,2,2,1,2,3,4,0,2,3
P0176,User_0176,user0176@example.com,Student,B.E./B.Tech,Commerce,3rd,2027,Other,80.19,No project yet,2 internships,SQL,Business Analyst,Cloud Engineer,Prepare for internship,"Cybersecurity, Design",No preference,Bengaluru,18 months,18,5000-10000,1,2,0,1,3,2,3,1,0,4,0,4,4,0,0,2,2,4,1,3,3,1,0,3,3,4,2,0,1,4,1,1,0
P0177,User_0177,user0177@example.com,Student,Diploma,Computer Science,1st,2030,College D,87.62,UI/UX prototype,1 internship - 3 months,Python,Data Analyst,ML Engineer,Switch career,AI/ML,No preference,Kolhapur,6 months,31,Free,3,0,0,0,3,0,1,2,2,0,0,0,1,2,0,0,0,3,4,0,1,2,3,3,3,0,3,4,2,1,0,0,0
P0178,User_0178,user0178@example.com,Student,B.Sc,Commerce,2nd,2028,College C,87.43,Cybersecurity mini project,2 internships,Cloud fundamentals,UI/UX Designer,Business Analyst,Get a job,"Data, Cloud",Remote,Kolhapur,6 months,32,5000-10000,2,2,0,4,2,1,1,3,0,3,0,1,2,2,2,3,1,3,3,0,0,0,0,4,1,2,0,3,3,3,2,0,3
P0179,User_0179,user0179@example.com,Student,BCA,Civil,1st,2028,College C,88.95,Machine learning project,None,Data analytics,Data Analyst,Data Analyst,Switch career,"Business, AI/ML, Coding",No preference,Kolhapur,24 months,4,10000-25000,1,2,2,1,0,2,4,1,0,4,0,1,1,1,2,1,2,1,3,2,0,1,1,3,3,4,1,3,1,3,2,2,2
P0180,User_0180,user0180@example.com,Working professional,Diploma,ECE,Graduated,2028,College B,71.95,Portfolio website,1 internship - 6 months,Cybersecurity,Data Scientist,Data Analyst,Switch career,"Business, Cloud, Web development",Remote,Chennai,6 months,33,Under 5000,0,0,2,0,2,0,2,2,1,0,0,2,1,2,0,0,0,2,0,3,1,4,1,2,1,4,1,4,1,3,0,0,0
P0181,User_0181,user0181@example.com,Student,M.Tech,Computer Science,1st,2029,Other,62.8,Cloud deployment project,None,Cloud fundamentals,Cloud Engineer,Cloud Engineer,Learn a new field,Design,Hybrid,Kolhapur,3 months,19,5000-10000,3,0,0,2,2,3,3,1,3,2,3,2,3,2,0,0,1,2,3,0,1,1,0,2,2,3,2,2,0,1,4,2,2
P0182,User_0182,user0182@example.com,Working professional,BCA,EEE,Graduated,2028,Other,89.7,Data analysis dashboard,2 internships,Web development,Cloud Engineer,Web Developer,Build portfolio,Coding,Remote,Any location,12 months,10,Under 5000,4,1,1,2,0,2,1,3,1,0,2,1,2,4,0,0,3,0,2,4,1,4,2,1,2,3,0,1,2,3,0,2,2
P0183,User_0183,user0183@example.com,Student,M.Sc,Computer Science,2nd,2027,College D,89.97,CRUD web application,1 internship - 3 months,Cybersecurity,ML Engineer,QA Engineer,Get a job,Databases,Hybrid,Any location,18 months,5,25000+,0,1,1,0,0,2,1,1,1,3,2,2,0,2,0,3,1,4,3,0,1,3,4,1,2,3,1,4,2,3,3,2,0
P0184,User_0184,user0184@example.com,Student,B.Com,Commerce,1st,2026,College D,68.68,Cybersecurity mini project,1 internship - 6 months,Cybersecurity,DevOps Engineer,ML Engineer,Prepare for internship,"Cybersecurity, Cloud, Data",Onsite,Delhi,18 months,4,10000-25000,2,0,0,4,1,1,1,0,3,2,0,4,0,1,1,4,2,0,2,4,2,0,3,2,4,2,0,0,2,1,1,0,0
P0185,User_0185,user0185@example.com,Student,Diploma,EEE,2nd,2027,Other,93.2,E-commerce website,2 internships,Java,DevOps Engineer,Cybersecurity Analyst,Switch career,"Databases, Cybersecurity, AI/ML",Remote,Hyderabad,12 months,14,25000+,3,2,4,1,3,2,3,2,4,0,2,3,0,2,3,4,4,2,0,3,3,1,1,2,2,3,2,4,3,3,2,2,2
P0186,User_0186,user0186@example.com,Student,Diploma,Mechanical,4th,2026,College C,93.7,Machine learning project,1 internship - 2 months,Web development,Web Developer,DevOps Engineer,Build portfolio,"Databases, Data, Business",No preference,Pune,12 months,31,Under 5000,2,2,1,3,1,1,1,2,0,0,1,2,3,1,3,3,2,1,1,2,4,3,4,3,0,2,3,1,1,2,3,0,1
P0187,User_0187,user0187@example.com,Student,B.Sc,Other,1st,2026,College A,72.5,No project yet,1 internship - 6 months,Cloud fundamentals,UI/UX Designer,QA Engineer,Become job-ready,"AI/ML, Design, Data",Onsite,Pune,24 months,6,25000+,1,3,1,4,4,1,0,3,1,0,2,1,4,3,3,1,4,4,0,4,0,2,3,3,2,0,2,4,0,3,1,1,1
P0188,User_0188,user0188@example.com,Student,MCA,IT,4th,2027,College C,55.41,CRUD web application,1 internship - 2 months,Cybersecurity,Web Developer,Data Analyst,Learn a new field,"Design, Business",Remote,Mumbai,12 months,11,5000-10000,2,0,2,4,2,2,0,2,0,0,3,4,4,1,3,0,0,0,0,4,4,0,3,0,0,1,2,0,3,3,0,0,2
P0189,User_0189,user0189@example.com,Student,B.E./B.Tech,Mechanical,2nd,2030,College A,79.29,Machine learning project,1 internship - 6 months,Cybersecurity,DevOps Engineer,Cloud Engineer,Prepare for internship,"Databases, Cloud",Hybrid,Delhi,3 months,21,10000-25000,4,2,0,1,1,0,2,1,3,2,0,3,3,0,0,1,3,0,1,0,0,2,2,1,3,3,3,3,1,0,3,2,4
P0190,User_0190,user0190@example.com,Student,B.E./B.Tech,Commerce,4th,2029,College A,94.61,Cloud deployment project,1 internship - 3 months,SQL,Data Analyst,Cloud Engineer,Get a job,Coding,Remote,Any location,6 months,32,25000+,3,4,1,1,2,3,4,1,1,2,3,1,0,0,0,1,0,1,0,2,2,0,2,3,2,1,1,2,0,3,2,3,3
P0191,User_0191,user0191@example.com,Student,BCA,Computer Science,1st,2027,College C,87.65,Data analysis dashboard,None,Data analytics,Cybersecurity Analyst,UI/UX Designer,Get a job,"Databases, Cybersecurity, Data",Remote,Hyderabad,3 months,6,Free,2,0,0,0,2,3,0,1,0,4,0,3,1,1,0,1,4,1,1,3,1,0,2,1,0,3,4,3,2,3,3,3,0
P0192,User_0192,user0192@example.com,Student,M.Tech,Computer Science,2nd,2028,College B,87.56,Portfolio website,1 internship - 2 months,Web development,Software Developer,UI/UX Designer,Become job-ready,"Cybersecurity, Business",Hybrid,Hyderabad,18 months,7,Under 5000,3,0,3,2,3,1,2,0,1,0,3,4,3,4,1,1,0,1,2,2,4,1,2,0,1,3,0,3,3,2,2,0,0
P0193,User_0193,user0193@example.com,Student,MCA,Commerce,2nd,2030,College D,75.74,Cybersecurity mini project,1 internship - 2 months,Cybersecurity,UI/UX Designer,Web Developer,Learn a new field,Cloud,Remote,Bengaluru,3 months,34,Under 5000,0,0,3,3,3,2,0,1,0,1,3,4,3,0,3,0,0,0,1,1,1,1,1,0,2,1,0,1,1,1,1,1,1
P0194,User_0194,user0194@example.com,Student,BBA,Computer Science,2nd,2026,College D,89.93,Cybersecurity mini project,None,Java,Web Developer,DevOps Engineer,Get a job,"Coding, Design, Cybersecurity",Remote,Pune,24 months,38,5000-10000,0,0,1,1,0,0,2,2,1,0,2,4,3,0,4,1,1,2,2,0,3,2,1,1,3,0,3,0,0,3,0,0,1
P0195,User_0195,user0195@example.com,Student,B.E./B.Tech,EEE,4th,2028,College C,70.64,CRUD web application,1 internship - 3 months,Multiple certifications,Data Scientist,Cloud Engineer,Switch career,"Web development, AI/ML",Hybrid,Bengaluru,3 months,17,25000+,1,0,0,0,1,2,1,2,4,1,1,1,0,1,2,3,2,4,3,2,0,3,2,0,4,4,2,2,1,2,2,4,1
P0196,User_0196,user0196@example.com,Student,M.Sc,ECE,1st,2026,College D,92.32,Cybersecurity mini project,1 internship - 2 months,SQL,UI/UX Designer,Data Scientist,Learn a new field,"Data, Cloud",No preference,Chennai,18 months,15,Free,2,3,0,4,3,2,1,0,0,3,2,2,3,1,3,0,1,0,1,1,0,3,0,1,0,1,3,0,0,3,2,1,4
P0197,User_0197,user0197@example.com,Job seeker,B.Com,EEE,Graduated,2027,College D,81.8,Data analysis dashboard,2 internships,Multiple certifications,ML Engineer,DevOps Engineer,Become job-ready,"Cloud, Coding, Databases",No preference,Pune,3 months,26,Free,3,2,0,1,3,3,0,2,1,1,0,3,1,3,1,0,2,4,0,1,2,1,2,1,1,3,4,3,3,0,4,0,0
P0198,User_0198,user0198@example.com,Student,M.Tech,Commerce,1st,2028,Other,82.25,CRUD web application,1 internship - 3 months,Cybersecurity,ML Engineer,QA Engineer,Become job-ready,"AI/ML, Cybersecurity",Remote,Chennai,6 months,35,Free,3,2,1,0,1,1,1,0,2,2,2,1,0,0,2,1,0,3,3,1,1,4,0,1,2,2,0,3,0,1,2,1,3
P0199,User_0199,user0199@example.com,Student,M.Sc,EEE,3rd,2028,Other,68.57,UI/UX prototype,1 internship - 6 months,Multiple certifications,Data Analyst,Business Analyst,Prepare for internship,AI/ML,Hybrid,Hyderabad,18 months,10,Free,0,2,0,1,2,0,1,1,0,3,1,1,1,2,1,3,0,1,0,1,2,0,2,3,3,4,1,2,3,3,0,0,1
P0200,User_0200,user0200@example.com,Student,Diploma,IT,4th,2029,College D,60.33,Cloud deployment project,2 internships,None,QA Engineer,QA Engineer,Become job-ready,Design,Onsite,Bengaluru,12 months,7,10000-25000,1,4,2,0,2,1,2,1,2,2,2,3,3,1,0,2,0,2,1,2,1,0,2,3,2,2,3,4,3,4,3,1,1
P0201,User_0201,user0201@example.com,Student,B.Sc,Other,3rd,2030,College C,55.9,CRUD web application,None,Web development,DevOps Engineer,ML Engineer,Switch career,Coding,No preference,Delhi,3 months,39,Under 5000,3,0,2,1,1,2,0,0,4,0,0,2,0,2,2,4,3,2,4,2,1,0,0,3,1,3,3,3,3,1,2,3,2
P0202,User_0202,user0202@example.com,Student,B.E./B.Tech,Other,4th,2030,College B,81.01,Data analysis dashboard,1 internship - 3 months,None,ML Engineer,Cloud Engineer,Build portfolio,Coding,Hybrid,Bengaluru,3 months,32,Free,0,2,3,3,1,1,0,2,0,1,3,3,0,1,1,1,2,2,1,2,3,2,3,0,0,4,3,4,2,1,4,3,2
P0203,User_0203,user0203@example.com,Student,B.Sc,Mechanical,1st,2026,College A,58.06,Cloud deployment project,1 internship - 3 months,SQL,Software Developer,UI/UX Designer,Prepare for internship,"AI/ML, Databases",No preference,Delhi,6 months,31,10000-25000,2,3,3,3,2,2,3,0,2,2,1,3,0,3,3,4,1,0,1,0,0,2,0,2,3,4,2,4,0,2,3,0,0
P0204,User_0204,user0204@example.com,Job seeker,Diploma,Mechanical,Graduated,2027,College D,62.38,Database management project,None,Cybersecurity,Business Analyst,Cloud Engineer,Become job-ready,"Business, Coding",Remote,Hyderabad,3 months,15,25000+,1,3,2,3,2,3,1,1,0,3,1,4,1,0,3,3,1,1,2,0,2,2,0,0,3,2,4,0,3,3,2,1,4
P0205,User_0205,user0205@example.com,Student,B.Com,IT,2nd,2028,College C,81.37,UI/UX prototype,1 internship - 3 months,Data analytics,Cybersecurity Analyst,QA Engineer,Become job-ready,"Databases, Coding, Cloud",Remote,Mumbai,12 months,18,25000+,3,3,2,1,3,3,2,0,0,2,2,4,2,3,2,3,3,4,3,3,4,1,1,2,2,3,4,3,4,0,3,1,2
P0206,User_0206,user0206@example.com,Student,B.Com,Mechanical,1st,2030,College D,59.53,Cloud deployment project,2 internships,None,QA Engineer,Web Developer,Prepare for internship,"Cybersecurity, Design, Coding",Onsite,Delhi,24 months,5,5000-10000,1,1,0,1,1,1,4,1,3,0,0,4,1,3,1,0,0,2,1,3,0,2,0,2,0,2,0,3,4,2,0,4,0
P0207,User_0207,user0207@example.com,Job seeker,BCA,Other,Graduated,2030,College D,67.68,UI/UX prototype,None,Multiple certifications,QA Engineer,Data Scientist,Become job-ready,Business,Hybrid,Bengaluru,12 months,34,Under 5000,1,2,3,0,1,2,1,1,2,1,4,3,0,1,3,3,0,2,3,1,2,1,2,1,0,4,0,4,3,4,0,1,3
P0208,User_0208,user0208@example.com,Student,M.Tech,Computer Science,2nd,2029,College A,82.6,CRUD web application,1 internship - 6 months,Cloud fundamentals,Cybersecurity Analyst,Web Developer,Prepare for internship,"Business, Data, Web development",No preference,Chennai,12 months,3,Under 5000,0,1,4,2,1,4,1,0,2,0,1,3,0,2,0,3,4,3,0,4,2,2,2,2,1,2,1,3,0,1,3,0,0
P0209,User_0209,user0209@example.com,Student,BCA,Mechanical,4th,2029,College C,85.29,Cloud deployment project,None,Multiple certifications,Cloud Engineer,Data Analyst,Get a job,"Web development, Databases, AI/ML",Onsite,Chennai,24 months,21,5000-10000,3,0,1,1,3,1,2,0,4,0,3,4,3,2,2,1,4,2,2,4,2,3,1,0,0,3,2,1,1,0,2,1,2
P0210,User_0210,user0210@example.com,Student,B.E./B.Tech,Arts,4th,2028,College A,84.77,Database management project,1 internship - 3 months,Python,Database Administrator,Data Scientist,Learn a new field,Cloud,Remote,Delhi,6 months,8,25000+,3,1,1,0,1,1,0,2,3,1,2,0,0,1,0,2,3,0,3,0,3,1,2,1,3,3,1,4,1,1,0,1,3
P0211,User_0211,user0211@example.com,Student,M.Sc,EEE,2nd,2029,Other,81.28,Portfolio website,1 internship - 6 months,Cloud fundamentals,Cybersecurity Analyst,Data Analyst,Switch career,"Databases, Cybersecurity, Design",Onsite,Hyderabad,18 months,23,10000-25000,1,2,1,2,2,3,3,1,3,2,1,4,2,3,0,2,0,0,1,4,2,1,0,3,2,3,0,4,4,3,2,0,0
P0212,User_0212,user0212@example.com,Student,MCA,Mechanical,1st,2029,College B,77.9,Cybersecurity mini project,1 internship - 6 months,SQL,QA Engineer,Data Analyst,Become job-ready,"Coding, Cloud",Onsite,Mumbai,24 months,29,25000+,1,1,1,0,0,3,2,1,4,1,2,2,1,3,0,2,2,2,1,3,1,1,0,1,1,4,2,1,4,1,1,3,1
P0213,User_0213,user0213@example.com,Student,BCA,Computer Science,3rd,2026,College A,75.18,CRUD web application,1 internship - 6 months,Cybersecurity,Cybersecurity Analyst,Business Analyst,Learn a new field,Cloud,No preference,Pune,3 months,6,25000+,0,1,4,0,1,4,1,1,2,0,0,2,1,4,3,1,4,1,0,3,1,2,0,0,3,4,1,3,2,0,1,0,2
P0214,User_0214,user0214@example.com,Student,M.Tech,IT,3rd,2027,College D,78.74,Cloud deployment project,1 internship - 2 months,Python,Database Administrator,Web Developer,Prepare for internship,Web development,No preference,Any location,24 months,11,25000+,3,0,2,1,3,3,2,3,2,1,1,0,4,2,1,1,2,1,3,1,2,1,3,4,2,4,2,4,1,2,0,2,1
P0215,User_0215,user0215@example.com,Student,M.Sc,Arts,2nd,2029,College C,83.8,UI/UX prototype,1 internship - 6 months,Cybersecurity,Data Scientist,QA Engineer,Switch career,Cloud,Hybrid,Delhi,24 months,8,Under 5000,0,1,1,2,3,0,2,2,3,1,0,2,1,1,4,0,1,3,2,2,2,4,1,1,0,0,1,2,0,4,0,3,1
P0216,User_0216,user0216@example.com,Job seeker,B.Com,Commerce,Graduated,2030,College B,59.12,Cloud deployment project,2 internships,Cybersecurity,Data Analyst,Data Scientist,Switch career,"Web development, Cybersecurity",Onsite,Hyderabad,24 months,5,Free,1,2,3,4,1,2,1,0,1,4,4,3,0,2,1,1,0,1,4,0,2,0,0,3,1,3,2,1,2,4,1,0,0
P0217,User_0217,user0217@example.com,Working professional,M.Sc,Civil,Graduated,2030,College D,74.6,No project yet,1 internship - 2 months,Java,Data Analyst,ML Engineer,Learn a new field,"Cloud, AI/ML, Databases",Remote,Chennai,12 months,28,Under 5000,2,2,2,1,2,2,1,3,3,3,1,0,2,4,0,3,0,0,3,1,3,0,1,3,3,3,1,2,2,3,1,1,1
P0218,User_0218,user0218@example.com,Student,M.Tech,Arts,2nd,2030,College B,83.23,Database management project,2 internships,Python,Software Developer,Data Analyst,Prepare for internship,Design,Remote,Chennai,3 months,2,Free,3,3,4,1,1,2,4,3,0,1,3,4,0,3,0,2,1,3,3,1,0,1,2,2,1,4,2,3,0,2,0,2,1
P0219,User_0219,user0219@example.com,Student,B.Com,Other,3rd,2026,College B,84.18,CRUD web application,1 internship - 3 months,Web development,DevOps Engineer,Data Analyst,Switch career,"Data, Business, Coding",Remote,Kolhapur,3 months,8,Under 5000,3,0,0,1,4,0,2,0,4,3,1,4,3,2,3,3,4,1,3,2,0,3,1,2,0,3,1,0,1,0,2,3,0
P0220,User_0220,user0220@example.com,Student,BCA,Commerce,3rd,2027,College C,63.73,Cybersecurity mini project,1 internship - 2 months,Data analytics,QA Engineer,ML Engineer,Get a job,"Web development, Cloud, Coding",Remote,Kolhapur,18 months,33,Under 5000,1,0,2,0,3,2,3,0,2,0,0,4,0,2,1,0,0,3,0,1,2,1,1,2,1,3,1,3,4,0,3,3,1
P0221,User_0221,user0221@example.com,Student,M.Sc,IT,4th,2028,Other,93.61,E-commerce website,1 internship - 3 months,Cybersecurity,DevOps Engineer,UI/UX Designer,Prepare for internship,"Coding, AI/ML, Cloud",Onsite,Kolhapur,12 months,11,Free,3,1,1,2,0,2,2,3,0,1,1,3,0,3,1,3,2,0,3,1,2,1,1,3,1,3,1,2,1,4,3,2,3
P0222,User_0222,user0222@example.com,Working professional,MCA,Commerce,Graduated,2028,College C,68.59,Cloud deployment project,1 internship - 6 months,None,Web Developer,Software Developer,Become job-ready,AI/ML,No preference,Mumbai,6 months,16,Under 5000,1,2,3,3,0,0,0,3,1,0,0,2,1,0,3,3,1,1,1,1,3,2,3,2,3,2,4,0,0,2,0,2,3
P0223,User_0223,user0223@example.com,Student,M.Tech,Other,3rd,2030,College D,89.81,Database management project,1 internship - 3 months,Multiple certifications,DevOps Engineer,Web Developer,Prepare for internship,"Data, AI/ML",Remote,Delhi,24 months,28,5000-10000,2,0,1,1,2,1,1,1,4,0,4,3,0,2,3,3,1,2,0,3,3,0,1,2,1,3,1,4,1,2,1,1,2
P0224,User_0224,user0224@example.com,Job seeker,BCA,Other,Graduated,2026,College D,75.51,Portfolio website,None,Data analytics,Data Scientist,Business Analyst,Get a job,"Coding, AI/ML",Hybrid,Hyderabad,18 months,39,10000-25000,1,2,3,1,1,0,3,1,0,2,1,1,2,2,0,1,1,3,1,1,0,2,2,3,1,2,1,2,0,3,3,1,1
P0225,User_0225,user0225@example.com,Student,BBA,IT,2nd,2028,Other,88.08,Machine learning project,None,Data analytics,Software Developer,Database Administrator,Build portfolio,Data,Hybrid,Chennai,18 months,40,25000+,0,2,4,2,0,3,4,2,2,4,2,3,2,3,0,2,0,3,1,2,0,1,0,1,0,3,0,2,2,2,1,1,2
P0226,User_0226,user0226@example.com,Student,M.Sc,ECE,4th,2030,College C,62.14,No project yet,None,Python,Software Developer,Data Analyst,Learn a new field,"Cybersecurity, Web development",No preference,Chennai,12 months,8,Under 5000,1,1,4,0,3,1,3,0,1,1,2,3,0,3,4,0,2,1,1,2,1,1,0,2,2,3,1,4,2,1,2,4,1
P0227,User_0227,user0227@example.com,Student,MCA,Computer Science,3rd,2030,College D,77.08,No project yet,1 internship - 2 months,Java,Cloud Engineer,Data Scientist,Prepare for internship,"Business, Data, AI/ML",No preference,Delhi,6 months,2,Under 5000,4,1,2,2,2,2,2,2,3,1,0,3,2,1,3,0,4,1,0,4,2,2,2,0,2,3,1,0,0,0,2,1,0
P0228,User_0228,user0228@example.com,Student,M.Sc,Computer Science,4th,2030,College D,72.14,Database management project,None,Cloud fundamentals,DevOps Engineer,Web Developer,Get a job,"Coding, Design",Onsite,Hyderabad,24 months,26,Free,4,3,1,1,3,0,1,0,3,4,2,4,1,0,2,3,4,0,1,4,0,0,2,3,4,4,0,1,1,2,0,2,2
P0229,User_0229,user0229@example.com,Job seeker,B.Sc,ECE,Graduated,2028,College B,78.37,E-commerce website,1 internship - 3 months,SQL,Business Analyst,ML Engineer,Switch career,Cybersecurity,No preference,Any location,24 months,38,Under 5000,0,3,1,3,4,0,0,2,0,4,1,0,1,1,1,2,2,2,2,2,0,1,0,1,3,1,3,2,2,3,1,1,2
P0230,User_0230,user0230@example.com,Student,M.Sc,IT,3rd,2030,Other,64.92,UI/UX prototype,2 internships,Multiple certifications,Cybersecurity Analyst,ML Engineer,Learn a new field,Coding,Onsite,Bengaluru,6 months,29,10000-25000,2,2,1,1,1,4,2,3,1,1,1,3,0,0,0,0,3,2,0,2,1,2,2,0,2,4,2,4,2,1,0,2,4
P0231,User_0231,user0231@example.com,Student,M.Tech,Computer Science,3rd,2029,Other,66.35,E-commerce website,2 internships,Cloud fundamentals,Data Analyst,QA Engineer,Switch career,"AI/ML, Design",Hybrid,Bengaluru,12 months,33,5000-10000,0,2,2,0,0,3,0,3,1,1,0,2,2,1,1,2,1,2,0,0,0,0,1,2,3,3,2,4,0,4,2,0,3
P0232,User_0232,user0232@example.com,Job seeker,B.Sc,Civil,Graduated,2028,College C,60.8,No project yet,1 internship - 6 months,Cloud fundamentals,QA Engineer,Cybersecurity Analyst,Learn a new field,Cloud,Hybrid,Delhi,18 months,31,5000-10000,2,1,1,4,3,1,1,4,1,0,0,3,1,4,1,2,1,0,2,2,0,1,1,1,0,3,2,3,2,0,2,4,3
P0233,User_0233,user0233@example.com,Student,M.Tech,EEE,3rd,2028,College C,76.52,No project yet,2 internships,Cybersecurity,Cloud Engineer,DevOps Engineer,Switch career,Data,Remote,Any location,6 months,4,Free,3,2,0,3,0,1,2,0,3,1,3,2,2,1,3,0,3,1,2,4,2,2,1,1,0,2,2,3,2,4,3,2,1
P0234,User_0234,user0234@example.com,Student,MCA,Commerce,4th,2026,Other,72.49,Database management project,None,Multiple certifications,Cybersecurity Analyst,Software Developer,Become job-ready,Web development,Hybrid,Any location,12 months,24,25000+,4,2,3,3,2,3,2,1,1,1,2,3,3,2,0,2,4,2,2,4,1,2,2,0,1,2,1,2,4,1,2,3,0
P0235,User_0235,user0235@example.com,Student,MCA,ECE,3rd,2028,Other,61.1,Machine learning project,2 internships,Data analytics,Cybersecurity Analyst,Data Analyst,Prepare for internship,"Business, Cybersecurity, Databases",Hybrid,Kolhapur,3 months,37,Free,2,2,2,4,2,3,2,3,0,3,2,4,2,2,1,1,3,3,2,3,0,2,1,1,2,4,1,0,2,0,3,0,0
P0236,User_0236,user0236@example.com,Student,B.E./B.Tech,ECE,2nd,2026,Other,69.39,CRUD web application,1 internship - 6 months,Data analytics,UI/UX Designer,ML Engineer,Become job-ready,"Design, Databases, Data",Remote,Any location,3 months,14,Free,2,3,2,3,4,1,1,0,0,1,3,1,4,0,3,0,3,1,3,1,1,2,2,1,1,1,0,1,3,0,0,3,4
P0237,User_0237,user0237@example.com,Student,M.Sc,ECE,2nd,2028,College D,80.01,Cloud deployment project,None,Java,Cloud Engineer,ML Engineer,Become job-ready,Business,Hybrid,Pune,3 months,14,5000-10000,4,1,3,1,3,3,1,3,3,4,0,3,1,1,4,1,3,1,0,2,2,0,0,2,2,1,3,3,2,1,1,0,0
P0238,User_0238,user0238@example.com,Student,BCA,Other,2nd,2026,College B,64.05,Data analysis dashboard,1 internship - 2 months,Python,Software Developer,Data Analyst,Learn a new field,"Data, Databases, AI/ML",Hybrid,Delhi,18 months,40,25000+,3,0,4,3,0,1,3,1,0,0,3,1,4,2,1,4,3,1,0,2,2,1,1,3,0,3,1,3,2,1,2,3,0
P0239,User_0239,user0239@example.com,Student,BBA,Civil,2nd,2030,College C,57.52,Cybersecurity mini project,1 internship - 3 months,Web development,UI/UX Designer,Cybersecurity Analyst,Build portfolio,"Business, Data, Design",Remote,Kolhapur,3 months,22,Under 5000,1,4,1,4,3,1,0,2,3,2,4,2,4,4,0,2,3,0,1,0,1,3,0,3,4,1,4,1,1,1,2,2,3
P0240,User_0240,user0240@example.com,Job seeker,BCA,ECE,Graduated,2029,College D,73.72,Machine learning project,1 internship - 3 months,None,DevOps Engineer,Data Analyst,Learn a new field,"Cloud, Databases",Hybrid,Pune,3 months,34,5000-10000,4,0,2,0,1,1,2,3,4,4,0,4,3,1,0,3,4,0,2,1,2,2,1,0,1,3,2,4,0,0,2,2,3
P0241,User_0241,user0241@example.com,Student,M.Tech,EEE,4th,2028,College A,70.26,Cybersecurity mini project,None,Multiple certifications,Business Analyst,ML Engineer,Get a job,"Business, AI/ML, Coding",No preference,Chennai,24 months,22,Under 5000,2,3,3,2,4,0,1,0,3,4,3,4,0,2,2,1,0,3,0,4,1,3,0,2,4,0,1,3,2,0,0,1,0
P0242,User_0242,user0242@example.com,Job seeker,M.Tech,Other,Graduated,2026,Other,58.8,No project yet,2 internships,Cybersecurity,Business Analyst,Data Scientist,Switch career,Data,No preference,Chennai,3 months,38,5000-10000,2,4,2,0,2,4,2,2,1,4,2,3,4,1,2,3,1,2,1,1,1,1,3,4,1,0,3,2,1,3,2,0,2
P0243,User_0243,user0243@example.com,Student,MCA,Civil,2nd,2028,College A,91.57,Database management project,None,Data analytics,QA Engineer,Web Developer,Learn a new field,"Web development, Cybersecurity",No preference,Delhi,24 months,21,10000-25000,2,3,2,1,3,3,2,2,2,0,2,0,3,1,3,3,2,3,1,3,1,4,0,1,0,3,4,3,4,0,2,3,1
P0244,User_0244,user0244@example.com,Student,B.Com,IT,3rd,2028,College A,74.78,Machine learning project,1 internship - 6 months,None,QA Engineer,Business Analyst,Prepare for internship,Web development,Onsite,Bengaluru,18 months,10,Under 5000,0,1,1,2,1,3,3,2,4,1,0,3,3,4,2,2,1,1,2,0,0,2,3,1,1,4,1,3,4,0,4,4,3
P0245,User_0245,user0245@example.com,Job seeker,M.Sc,Arts,Graduated,2030,College A,73.41,CRUD web application,2 internships,SQL,Data Analyst,DevOps Engineer,Build portfolio,"Design, Cybersecurity, Business",No preference,Mumbai,6 months,18,Free,0,0,0,2,3,1,2,2,1,4,2,2,3,4,2,2,4,3,1,1,3,3,1,3,4,2,3,4,0,3,0,4,2
P0246,User_0246,user0246@example.com,Job seeker,B.E./B.Tech,IT,Graduated,2026,College C,58.56,Data analysis dashboard,1 internship - 2 months,SQL,UI/UX Designer,Cloud Engineer,Become job-ready,"AI/ML, Web development, Coding",No preference,Chennai,18 months,32,10000-25000,1,2,3,3,4,0,1,4,1,1,4,0,3,1,4,0,1,2,1,2,1,0,2,1,1,2,4,2,3,4,0,2,3
P0247,User_0247,user0247@example.com,Student,BBA,IT,2nd,2026,Other,56.55,No project yet,1 internship - 3 months,Java,Data Analyst,UI/UX Designer,Get a job,"AI/ML, Web development",Hybrid,Hyderabad,3 months,29,5000-10000,3,0,1,0,1,1,0,1,0,3,2,0,1,0,1,3,0,2,2,0,0,4,0,3,3,4,2,3,0,2,2,1,1
P0248,User_0248,user0248@example.com,Student,M.Sc,Other,4th,2028,College D,71.17,UI/UX prototype,1 internship - 2 months,Cloud fundamentals,QA Engineer,Cloud Engineer,Get a job,"AI/ML, Business",No preference,Pune,18 months,13,Free,0,1,3,1,2,4,3,3,3,1,1,3,0,3,1,1,0,3,0,1,1,3,3,3,3,4,3,1,3,2,1,3,2
P0249,User_0249,user0249@example.com,Student,BBA,IT,2nd,2026,College C,55.19,Database management project,1 internship - 2 months,None,Cybersecurity Analyst,Data Scientist,Learn a new field,Databases,Hybrid,Kolhapur,18 months,14,Under 5000,2,2,1,4,2,4,2,1,0,3,1,3,3,1,2,2,3,0,1,2,4,0,3,3,2,3,0,3,2,3,0,3,3
P0250,User_0250,user0250@example.com,Student,M.Sc,Civil,2nd,2028,College A,85.44,Cybersecurity mini project,1 internship - 6 months,Cloud fundamentals,Cybersecurity Analyst,Cloud Engineer,Prepare for internship,"Cloud, Web development, Databases",Remote,Any location,6 months,37,Under 5000,3,1,0,2,2,3,3,2,2,3,1,4,2,3,1,0,4,1,3,2,2,1,0,2,0,4,0,3,0,0,0,2,0
P0251,User_0251,user0251@example.com,Student,M.Tech,Computer Science,4th,2030,College C,57.27,CRUD web application,1 internship - 2 months,Multiple certifications,UI/UX Designer,QA Engineer,Get a job,"Web development, AI/ML",No preference,Pune,24 months,10,Under 5000,4,1,0,2,4,0,2,3,0,2,3,0,3,0,4,2,0,0,1,2,3,1,4,3,1,0,2,1,0,1,0,0,2
P0252,User_0252,user0252@example.com,Student,B.Sc,Commerce,3rd,2029,College D,83.43,Data analysis dashboard,1 internship - 3 months,None,Business Analyst,UI/UX Designer,Prepare for internship,"Cloud, AI/ML",No preference,Kolhapur,12 months,3,Under 5000,3,3,0,0,2,1,2,3,2,2,0,2,2,0,2,3,3,2,1,2,1,2,2,2,3,4,1,4,0,3,1,0,2
P0253,User_0253,user0253@example.com,Student,MCA,Other,4th,2028,Other,85.77,Data analysis dashboard,1 internship - 6 months,None,Cloud Engineer,QA Engineer,Build portfolio,"Cybersecurity, Databases, Cloud",Onsite,Kolhapur,18 months,12,5000-10000,3,1,2,1,1,1,1,1,4,0,0,2,0,3,2,2,4,1,2,3,2,0,0,0,2,3,3,2,2,0,0,2,0
P0254,User_0254,user0254@example.com,Job seeker,B.E./B.Tech,Other,Graduated,2026,College B,91.37,Data analysis dashboard,2 internships,Multiple certifications,DevOps Engineer,Web Developer,Get a job,"Business, Cloud, Design",Onsite,Chennai,18 months,16,10000-25000,2,2,2,1,2,2,1,2,1,0,0,0,3,3,1,1,4,1,2,4,1,0,2,1,3,3,1,0,1,3,0,3,0
P0255,User_0255,user0255@example.com,Job seeker,B.Com,EEE,Graduated,2028,College C,72.96,UI/UX prototype,None,Web development,DevOps Engineer,Cloud Engineer,Switch career,"AI/ML, Coding",Remote,Hyderabad,18 months,16,Free,2,0,2,3,3,2,0,3,4,3,2,4,4,3,0,2,3,1,0,4,2,2,4,1,2,4,0,2,2,0,3,1,0
P0256,User_0256,user0256@example.com,Student,B.E./B.Tech,ECE,3rd,2026,College C,89.81,CRUD web application,1 internship - 2 months,SQL,Cybersecurity Analyst,Database Administrator,Get a job,Data,Onsite,Any location,12 months,1,Free,2,0,4,2,2,0,1,3,1,0,2,3,1,3,3,2,3,1,3,4,2,1,1,3,3,1,2,3,1,0,3,3,0
P0257,User_0257,user0257@example.com,Student,B.Sc,Civil,2nd,2028,College C,84.42,Data analysis dashboard,1 internship - 6 months,Cloud fundamentals,Database Administrator,UI/UX Designer,Get a job,"Databases, Cloud, Data",Hybrid,Hyderabad,6 months,28,Free,0,2,0,2,0,0,4,0,2,0,0,0,1,1,1,0,4,2,2,1,2,3,1,0,0,2,0,2,1,4,2,2,0
P0258,User_0258,user0258@example.com,Student,MCA,Arts,4th,2028,College D,94.59,Database management project,1 internship - 2 months,Java,Software Developer,QA Engineer,Prepare for internship,"Databases, Web development, Coding",No preference,Delhi,3 months,9,10000-25000,0,1,4,2,3,0,4,2,0,2,0,3,3,3,2,2,0,1,3,1,2,1,1,2,1,4,0,3,0,1,1,1,3
P0259,User_0259,user0259@example.com,Working professional,B.Com,Commerce,Graduated,2028,Other,93.82,No project yet,1 internship - 2 months,Multiple certifications,QA Engineer,Web Developer,Get a job,"Design, Web development",No preference,Delhi,18 months,9,Under 5000,3,0,3,0,0,1,1,0,1,0,3,4,1,2,2,1,1,3,1,2,1,0,4,2,2,2,1,3,2,1,4,3,1
P0260,User_0260,user0260@example.com,Student,MCA,EEE,3rd,2028,College C,87.99,Data analysis dashboard,1 internship - 3 months,None,Data Scientist,DevOps Engineer,Become job-ready,"Cybersecurity, Web development",Onsite,Hyderabad,12 months,1,10000-25000,3,2,3,3,2,3,1,1,1,2,2,3,4,2,2,3,2,3,3,0,2,4,1,4,1,2,1,3,1,4,3,2,0
P0261,User_0261,user0261@example.com,Student,M.Tech,Mechanical,2nd,2028,Other,74.08,No project yet,1 internship - 2 months,Data analytics,Cybersecurity Analyst,Data Analyst,Switch career,Data,No preference,Pune,18 months,4,5000-10000,2,1,3,2,4,3,0,2,2,0,2,3,2,1,3,0,3,0,0,3,2,0,1,3,0,3,2,3,2,0,1,1,2
P0262,User_0262,user0262@example.com,Student,BCA,EEE,1st,2027,College B,93.0,UI/UX prototype,None,None,Cloud Engineer,Data Analyst,Become job-ready,"Cybersecurity, Business, Coding",Hybrid,Delhi,18 months,3,10000-25000,2,2,2,2,1,2,0,1,4,2,1,4,0,0,0,2,1,1,1,1,1,0,1,0,1,4,2,1,0,0,0,2,3
P0263,User_0263,user0263@example.com,Student,M.Sc,Commerce,2nd,2030,College C,88.32,Data analysis dashboard,None,None,Software Developer,QA Engineer,Prepare for internship,"Data, Cybersecurity",Hybrid,Delhi,18 months,13,Free,1,1,0,2,1,0,2,0,0,1,1,1,3,3,3,1,0,0,2,2,1,1,1,3,2,3,0,4,1,2,1,1,4
P0264,User_0264,user0264@example.com,Student,BBA,EEE,2nd,2026,College A,67.08,E-commerce website,1 internship - 3 months,Python,QA Engineer,ML Engineer,Build portfolio,"Databases, Coding",Onsite,Mumbai,3 months,20,10000-25000,2,2,3,1,1,1,0,0,1,1,2,4,1,3,2,3,1,2,2,2,3,0,0,0,0,1,0,3,0,1,2,4,0
P0265,User_0265,user0265@example.com,Student,MCA,Other,4th,2029,Other,61.56,Machine learning project,None,Cloud fundamentals,Data Analyst,QA Engineer,Switch career,"Data, Design",Onsite,Delhi,12 months,30,10000-25000,0,0,0,3,2,2,1,2,1,4,0,0,2,0,1,3,1,4,2,0,0,2,1,3,3,4,0,3,3,2,1,0,2
P0266,User_0266,user0266@example.com,Working professional,B.E./B.Tech,Other,Graduated,2028,College D,59.68,UI/UX prototype,None,None,Data Analyst,Business Analyst,Switch career,"Web development, AI/ML",No preference,Chennai,6 months,15,25000+,2,1,4,2,0,2,3,2,1,4,0,1,0,3,2,1,1,2,3,1,3,4,0,3,3,4,3,3,4,4,3,1,3
P0267,User_0267,user0267@example.com,Student,B.Com,Civil,4th,2026,College D,67.79,Cloud deployment project,1 internship - 2 months,Cloud fundamentals,Cybersecurity Analyst,Software Developer,Switch career,"Business, Coding",No preference,Chennai,24 months,32,Free,2,2,4,0,2,2,2,2,2,3,4,4,1,3,2,1,4,1,0,3,4,0,0,1,0,4,2,1,1,0,3,2,0
P0268,User_0268,user0268@example.com,Student,MCA,Other,1st,2028,College B,56.59,Cybersecurity mini project,2 internships,Python,Cloud Engineer,Database Administrator,Switch career,"Web development, Business, Data",No preference,Mumbai,6 months,29,Free,3,2,1,4,1,0,0,1,4,1,1,1,2,2,3,1,4,0,4,1,1,2,3,0,1,0,0,3,2,3,1,1,1
P0269,User_0269,user0269@example.com,Student,B.E./B.Tech,Mechanical,3rd,2026,College B,58.46,Database management project,1 internship - 6 months,Multiple certifications,Data Scientist,Data Analyst,Learn a new field,AI/ML,Onsite,Any location,24 months,8,5000-10000,1,0,1,2,2,0,1,1,0,3,2,1,2,3,3,0,0,2,4,2,0,3,2,3,2,4,1,3,1,1,1,2,0
P0270,User_0270,user0270@example.com,Working professional,B.E./B.Tech,Arts,Graduated,2029,College A,85.09,No project yet,1 internship - 2 months,SQL,UI/UX Designer,Software Developer,Switch career,"Databases, Design, Data",No preference,Pune,6 months,17,5000-10000,1,0,2,2,3,2,0,0,0,2,0,0,4,0,3,2,0,3,0,3,3,3,0,1,1,0,1,2,1,3,0,0,3
P0271,User_0271,user0271@example.com,Student,M.Sc,ECE,4th,2028,College C,89.99,Cloud deployment project,None,Web development,Cloud Engineer,Database Administrator,Become job-ready,"Web development, Data",Onsite,Delhi,12 months,17,Under 5000,3,3,0,3,1,3,1,1,4,2,0,3,1,0,2,1,3,2,2,4,0,1,1,2,4,3,3,2,3,3,1,1,2
P0272,User_0272,user0272@example.com,Student,M.Tech,Other,3rd,2029,College A,57.66,Data analysis dashboard,1 internship - 3 months,Python,Database Administrator,ML Engineer,Build portfolio,"Data, Databases",No preference,Hyderabad,24 months,36,25000+,0,4,0,1,2,1,2,3,0,2,2,3,2,0,2,2,3,0,3,1,0,2,3,0,2,3,1,4,3,1,1,2,3
P0273,User_0273,user0273@example.com,Job seeker,B.Sc,Computer Science,Graduated,2026,College B,58.65,Machine learning project,1 internship - 2 months,Cybersecurity,Cloud Engineer,Business Analyst,Become job-ready,Web development,Hybrid,Any location,3 months,40,Free,2,0,1,4,2,1,1,0,2,1,3,1,3,1,1,1,4,3,2,2,3,2,0,1,2,3,1,0,2,2,1,2,3
P0274,User_0274,user0274@example.com,Student,B.E./B.Tech,Commerce,2nd,2027,College C,90.94,E-commerce website,1 internship - 2 months,SQL,Data Scientist,Cloud Engineer,Become job-ready,"Design, Databases",No preference,Pune,24 months,18,Under 5000,3,0,1,0,0,0,0,0,1,2,2,1,0,0,0,2,1,4,1,2,1,3,1,4,1,4,1,3,1,3,3,2,1
P0275,User_0275,user0275@example.com,Student,MCA,Mechanical,2nd,2027,College A,79.84,Machine learning project,1 internship - 6 months,Cloud fundamentals,QA Engineer,Database Administrator,Learn a new field,Web development,Onsite,Hyderabad,24 months,5,10000-25000,2,1,3,1,1,1,1,2,3,0,1,2,1,4,1,0,3,2,2,3,3,4,1,2,0,4,0,3,1,0,3,3,1
P0276,User_0276,user0276@example.com,Student,B.E./B.Tech,EEE,2nd,2029,Other,86.95,No project yet,None,Python,Cloud Engineer,QA Engineer,Build portfolio,"AI/ML, Coding",No preference,Any location,24 months,19,5000-10000,4,0,3,0,2,0,0,3,2,0,1,4,2,0,3,0,0,3,2,3,0,1,0,0,0,2,0,3,3,2,1,0,0
P0277,User_0277,user0277@example.com,Student,M.Tech,Civil,2nd,2026,College C,69.96,Database management project,1 internship - 2 months,Cybersecurity,Database Administrator,Cybersecurity Analyst,Build portfolio,Cybersecurity,No preference,Chennai,3 months,10,25000+,2,3,1,1,3,0,3,2,0,0,4,3,0,3,1,1,0,1,4,0,2,2,3,2,2,2,2,3,0,3,3,1,1
P0278,User_0278,user0278@example.com,Student,B.E./B.Tech,ECE,4th,2026,Other,70.36,Cloud deployment project,1 internship - 6 months,Cloud fundamentals,ML Engineer,Cloud Engineer,Prepare for internship,AI/ML,Remote,Pune,12 months,13,Free,1,1,1,3,3,1,1,0,3,0,4,2,2,1,0,0,1,0,1,2,1,2,1,0,1,2,1,3,2,1,4,2,2
P0279,User_0279,user0279@example.com,Working professional,M.Sc,Mechanical,Graduated,2028,College D,93.91,Machine learning project,None,Cybersecurity,Data Analyst,Cloud Engineer,Get a job,"Cloud, Design",Hybrid,Hyderabad,3 months,33,Under 5000,0,2,1,3,0,1,1,3,0,1,3,1,1,0,1,4,3,1,0,1,3,2,4,4,4,3,2,4,3,3,2,1,2
P0280,User_0280,user0280@example.com,Student,BCA,ECE,3rd,2026,College A,61.0,Data analysis dashboard,2 internships,Data analytics,UI/UX Designer,Cloud Engineer,Build portfolio,"Databases, Data, Coding",Remote,Kolhapur,3 months,6,Free,0,2,3,2,4,3,2,1,1,1,3,1,2,2,4,2,2,3,0,1,1,1,4,1,1,1,1,4,3,1,0,1,2
P0281,User_0281,user0281@example.com,Student,B.Com,Computer Science,4th,2029,College D,87.28,Cloud deployment project,1 internship - 2 months,Web development,DevOps Engineer,Data Scientist,Switch career,"Design, Cloud",Hybrid,Bengaluru,6 months,19,10000-25000,2,0,4,1,2,3,1,2,1,3,1,1,2,4,2,4,2,0,1,4,0,2,2,1,3,3,0,2,1,2,2,0,2
P0282,User_0282,user0282@example.com,Student,BBA,Arts,2nd,2028,College D,58.73,Cloud deployment project,1 internship - 6 months,Data analytics,Data Analyst,Cybersecurity Analyst,Prepare for internship,"AI/ML, Coding, Databases",Remote,Kolhapur,6 months,11,25000+,2,0,0,3,0,4,0,2,1,3,1,0,1,1,3,2,2,2,1,2,3,2,1,3,3,1,3,4,1,4,1,4,2
P0283,User_0283,user0283@example.com,Working professional,Diploma,Commerce,Graduated,2027,College D,65.59,Database management project,1 internship - 6 months,Web development,Database Administrator,QA Engineer,Get a job,"Cybersecurity, Design, Databases",Onsite,Hyderabad,18 months,38,5000-10000,1,1,0,0,0,0,1,3,2,1,0,2,4,0,0,2,4,2,3,1,1,2,4,0,2,4,0,4,2,1,4,1,1
P0284,User_0284,user0284@example.com,Student,M.Tech,Computer Science,1st,2029,College B,84.17,Data analysis dashboard,1 internship - 3 months,Java,Software Developer,Cybersecurity Analyst,Get a job,"Cloud, Web development, Cybersecurity",Hybrid,Hyderabad,24 months,11,25000+,1,0,4,1,1,1,4,3,1,3,1,3,1,4,2,2,1,2,0,4,0,2,1,0,0,4,2,3,1,0,2,0,2
P0285,User_0285,user0285@example.com,Student,M.Sc,Other,2nd,2030,College D,63.49,Database management project,1 internship - 3 months,None,QA Engineer,Data Scientist,Become job-ready,"Databases, Web development",No preference,Mumbai,6 months,7,10000-25000,0,4,3,3,0,0,2,2,3,4,0,3,0,4,2,1,0,2,1,0,2,1,1,0,3,4,3,3,4,2,4,2,1
P0286,User_0286,user0286@example.com,Student,Diploma,Mechanical,2nd,2030,College C,58.0,Cybersecurity mini project,1 internship - 6 months,Java,UI/UX Designer,ML Engineer,Learn a new field,"Design, Databases",Hybrid,Chennai,3 months,5,Free,2,1,2,2,1,1,0,1,4,3,3,1,4,4,4,0,3,2,2,0,0,1,4,2,1,2,0,3,1,1,3,1,4
P0287,User_0287,user0287@example.com,Student,B.Com,Computer Science,2nd,2029,College C,71.24,CRUD web application,None,None,ML Engineer,Web Developer,Switch career,Business,Onsite,Bengaluru,3 months,3,5000-10000,1,2,3,3,2,3,1,0,1,1,3,2,0,3,0,1,3,3,1,3,3,1,2,2,1,3,1,4,2,1,4,1,2
P0288,User_0288,user0288@example.com,Student,B.Com,Arts,1st,2030,College A,93.69,CRUD web application,1 internship - 6 months,SQL,Data Analyst,Data Scientist,Prepare for internship,"Cloud, AI/ML, Web development",Remote,Bengaluru,6 months,12,Free,0,3,2,0,3,1,2,0,2,4,2,0,1,2,3,2,2,3,1,0,1,2,1,4,3,2,4,3,2,3,2,3,2
P0289,User_0289,user0289@example.com,Student,Diploma,Computer Science,4th,2028,College C,62.08,UI/UX prototype,1 internship - 3 months,SQL,Business Analyst,Software Developer,Build portfolio,"Data, Cloud",Remote,Any location,12 months,10,5000-10000,0,3,4,1,2,0,0,0,2,3,1,1,0,2,0,1,4,1,1,1,2,3,0,1,2,2,3,2,1,3,0,0,1
P0290,User_0290,user0290@example.com,Student,M.Sc,ECE,4th,2029,Other,68.65,UI/UX prototype,None,Java,QA Engineer,DevOps Engineer,Prepare for internship,Design,Onsite,Mumbai,12 months,36,10000-25000,0,0,3,3,4,1,1,1,0,2,2,3,4,3,2,0,1,1,1,0,3,1,1,1,0,4,0,4,3,0,4,4,3
P0291,User_0291,user0291@example.com,Student,BBA,IT,1st,2029,College B,58.74,Cybersecurity mini project,None,Cybersecurity,ML Engineer,Data Scientist,Become job-ready,Cloud,Remote,Mumbai,12 months,38,25000+,2,1,0,1,3,2,2,0,1,0,0,1,1,1,0,1,0,4,0,0,2,0,1,0,1,3,2,2,4,3,4,0,0
P0292,User_0292,user0292@example.com,Student,BCA,ECE,3rd,2026,College B,69.67,Database management project,None,Web development,UI/UX Designer,ML Engineer,Learn a new field,AI/ML,No preference,Kolhapur,3 months,3,Under 5000,2,3,0,3,3,0,2,2,3,1,4,2,4,0,3,0,2,0,2,3,2,2,0,2,4,2,2,0,3,0,0,0,4
P0293,User_0293,user0293@example.com,Student,Diploma,EEE,4th,2026,College B,84.48,Cybersecurity mini project,1 internship - 6 months,Multiple certifications,DevOps Engineer,UI/UX Designer,Get a job,"Data, Web development",No preference,Chennai,24 months,9,Under 5000,3,0,0,0,3,1,0,0,1,1,1,3,0,2,2,4,3,3,2,4,2,1,1,3,2,3,0,1,0,3,1,1,2
P0294,User_0294,user0294@example.com,Student,Diploma,Computer Science,1st,2027,College D,93.12,Portfolio website,None,Data analytics,Software Developer,Web Developer,Build portfolio,Data,Hybrid,Pune,24 months,6,Free,1,1,2,0,3,1,3,3,0,2,1,3,1,3,0,0,1,3,0,3,0,2,1,2,0,4,1,4,1,0,1,3,0
P0295,User_0295,user0295@example.com,Student,B.Sc,Commerce,4th,2027,College C,69.78,No project yet,None,SQL,Business Analyst,Software Developer,Switch career,"AI/ML, Cloud",Hybrid,Kolhapur,24 months,33,10000-25000,0,3,1,0,4,2,2,1,0,4,2,2,1,1,3,0,0,2,1,2,1,1,1,1,1,0,2,4,1,3,0,2,1
P0296,User_0296,user0296@example.com,Student,M.Sc,EEE,4th,2026,College B,82.87,Machine learning project,2 internships,Python,Business Analyst,Database Administrator,Learn a new field,"Cloud, Cybersecurity",Hybrid,Kolhapur,24 months,10,25000+,0,4,2,0,2,1,3,2,2,4,0,2,2,3,3,0,0,1,0,0,1,3,0,2,3,0,2,3,3,2,3,1,3
P0297,User_0297,user0297@example.com,Student,B.E./B.Tech,Arts,4th,2026,College C,64.66,Cybersecurity mini project,1 internship - 6 months,Cloud fundamentals,QA Engineer,Business Analyst,Become job-ready,"Web development, Coding",Onsite,Hyderabad,12 months,15,Under 5000,2,2,1,0,0,1,2,1,2,1,0,3,2,1,3,3,1,4,1,1,2,2,3,0,1,2,2,3,3,1,4,4,0
P0298,User_0298,user0298@example.com,Student,BBA,EEE,1st,2028,College D,58.81,E-commerce website,None,Python,DevOps Engineer,UI/UX Designer,Build portfolio,Web development,Remote,Pune,6 months,32,Under 5000,3,2,2,1,1,2,4,1,2,0,4,4,0,1,2,4,2,2,3,3,0,2,1,1,3,2,0,4,0,0,2,1,0
P0299,User_0299,user0299@example.com,Student,MCA,Other,4th,2027,Other,79.08,Cloud deployment project,None,Java,Software Developer,Data Analyst,Get a job,"Cybersecurity, AI/ML",Onsite,Any location,12 months,11,5000-10000,4,0,2,2,0,0,3,3,0,1,1,4,1,3,4,0,2,1,0,2,0,1,2,0,0,3,0,2,1,2,1,1,0
P0300,User_0300,user0300@example.com,Student,B.Sc,Arts,1st,2028,College C,57.08,Cloud deployment project,1 internship - 2 months,Python,Cybersecurity Analyst,Cloud Engineer,Become job-ready,Cybersecurity,Onsite,Chennai,24 months,17,Free,1,0,3,2,3,3,1,1,2,3,2,4,1,1,1,1,4,0,2,2,0,2,0,0,0,4,1,2,1,3,0,3,0
P0301,User_0301,user0301@example.com,Student,B.E./B.Tech,Mechanical,3rd,2029,Other,83.25,No project yet,1 internship - 2 months,None,DevOps Engineer,Database Administrator,Learn a new field,"Business, Cloud, Web development",No preference,Chennai,12 months,11,25000+,3,1,2,2,0,0,1,1,4,0,0,4,0,1,1,2,3,1,2,2,3,0,0,0,1,4,0,2,1,2,2,0,1
P0302,User_0302,user0302@example.com,Student,Diploma,Other,4th,2027,College B,67.38,Data analysis dashboard,1 internship - 6 months,Python,QA Engineer,Business Analyst,Prepare for internship,"Databases, Coding",Onsite,Delhi,24 months,29,5000-10000,2,2,2,2,4,1,3,1,1,1,1,4,0,3,0,0,1,1,2,4,0,0,0,0,2,4,1,2,4,1,2,4,1
P0303,User_0303,user0303@example.com,Job seeker,B.Sc,EEE,Graduated,2030,College B,64.62,No project yet,1 internship - 3 months,Python,QA Engineer,ML Engineer,Become job-ready,"Cybersecurity, Cloud",Hybrid,Pune,3 months,26,Under 5000,0,4,0,3,2,3,4,3,3,4,3,2,0,3,2,1,1,3,0,2,1,2,1,1,2,3,1,3,1,3,0,3,1
P0304,User_0304,user0304@example.com,Student,MCA,ECE,1st,2029,Other,66.26,Cloud deployment project,1 internship - 2 months,Cloud fundamentals,DevOps Engineer,Data Analyst,Get a job,"Coding, Business",No preference,Kolhapur,18 months,29,10000-25000,4,0,2,1,2,3,1,4,2,4,1,2,0,0,2,4,4,0,3,1,0,2,0,2,0,4,0,1,0,2,0,2,1
P0305,User_0305,user0305@example.com,Student,B.Sc,IT,1st,2027,Other,94.18,No project yet,1 internship - 2 months,None,QA Engineer,Cybersecurity Analyst,Prepare for internship,"Data, Cybersecurity",No preference,Any location,24 months,28,25000+,0,0,0,2,2,1,2,1,1,0,0,3,2,4,1,1,1,1,0,0,0,0,3,4,1,4,0,3,4,0,1,1,0
P0306,User_0306,user0306@example.com,Student,M.Sc,ECE,1st,2030,College D,64.35,Machine learning project,1 internship - 3 months,Multiple certifications,Cybersecurity Analyst,Cloud Engineer,Prepare for internship,"AI/ML, Design",Onsite,Mumbai,24 months,32,Under 5000,1,0,1,3,1,3,2,2,0,2,0,4,1,0,3,1,3,0,1,3,3,1,1,3,3,4,1,3,3,0,3,2,3
P0307,User_0307,user0307@example.com,Student,BBA,Computer Science,3rd,2026,Other,81.05,UI/UX prototype,1 internship - 6 months,Python,UI/UX Designer,Data Analyst,Get a job,"Cloud, Databases, Web development",Onsite,Delhi,24 months,10,10000-25000,2,1,0,2,4,4,0,2,2,2,3,2,4,1,4,1,3,0,1,2,0,2,1,0,1,0,3,0,2,1,0,4,3
P0308,User_0308,user0308@example.com,Student,M.Sc,Other,4th,2029,College D,70.62,Portfolio website,1 internship - 6 months,Python,DevOps Engineer,Data Scientist,Become job-ready,"AI/ML, Cybersecurity",Onsite,Pune,24 months,35,10000-25000,4,4,2,1,2,0,2,1,4,3,4,2,3,3,2,4,3,0,3,1,2,2,1,4,2,3,2,3,2,2,0,0,1
P0309,User_0309,user0309@example.com,Student,MCA,Civil,4th,2027,College C,89.1,No project yet,None,None,ML Engineer,ML Engineer,Switch career,"Data, AI/ML, Business",Onsite,Chennai,18 months,35,25000+,1,0,2,2,2,1,2,1,1,3,2,3,1,3,3,0,1,2,4,0,2,1,1,1,0,3,0,1,1,0,4,1,4
P0310,User_0310,user0310@example.com,Job seeker,BCA,Civil,Graduated,2028,College C,56.03,CRUD web application,1 internship - 2 months,Multiple certifications,Cloud Engineer,QA Engineer,Build portfolio,Web development,Hybrid,Chennai,24 months,26,5000-10000,2,1,3,1,2,2,0,1,3,1,1,4,3,0,4,3,4,1,0,1,2,1,1,1,4,3,3,1,0,2,1,2,3
P0311,User_0311,user0311@example.com,Working professional,MCA,Arts,Graduated,2028,College B,82.89,Machine learning project,1 internship - 6 months,Web development,Software Developer,QA Engineer,Get a job,"Coding, Web development",Hybrid,Mumbai,3 months,40,5000-10000,2,2,4,1,1,0,3,2,3,3,3,1,3,4,2,0,0,3,1,0,2,0,1,1,0,3,0,4,0,0,0,2,0
P0312,User_0312,user0312@example.com,Job seeker,BBA,Mechanical,Graduated,2027,College C,93.32,No project yet,1 internship - 6 months,Data analytics,Data Analyst,Web Developer,Get a job,"Cloud, AI/ML",No preference,Delhi,3 months,33,Under 5000,1,2,3,0,2,1,0,2,0,3,1,0,3,1,3,1,0,0,1,3,3,1,0,3,4,3,2,3,1,3,0,1,1
P0313,User_0313,user0313@example.com,Student,BCA,Commerce,4th,2028,Other,94.39,Database management project,1 internship - 3 months,Cybersecurity,Software Developer,Business Analyst,Prepare for internship,Coding,Hybrid,Hyderabad,6 months,9,Free,3,0,4,1,0,2,2,4,0,3,3,4,2,4,0,0,1,0,0,2,2,0,0,1,3,3,1,3,4,1,1,3,4
P0314,User_0314,user0314@example.com,Student,M.Sc,Mechanical,4th,2026,Other,87.67,Data analysis dashboard,1 internship - 6 months,Java,UI/UX Designer,QA Engineer,Learn a new field,"Coding, Design, Data",No preference,Chennai,24 months,40,Under 5000,0,3,2,4,2,0,3,0,2,3,3,2,3,0,4,3,1,1,1,0,2,1,1,2,1,2,2,0,0,1,1,1,4
P0315,User_0315,user0315@example.com,Student,BBA,Civil,2nd,2029,College A,74.56,No project yet,2 internships,SQL,Business Analyst,QA Engineer,Build portfolio,"Web development, Cloud",No preference,Bengaluru,6 months,18,10000-25000,0,1,3,2,4,2,0,1,0,3,2,0,2,2,0,3,0,0,0,4,3,0,1,0,2,1,1,4,0,3,2,0,3
P0316,User_0316,user0316@example.com,Student,B.E./B.Tech,ECE,3rd,2026,College C,85.44,E-commerce website,None,Multiple certifications,ML Engineer,DevOps Engineer,Become job-ready,AI/ML,No preference,Any location,12 months,3,Under 5000,0,0,1,3,2,4,1,2,0,3,2,4,2,0,2,1,0,3,2,2,2,3,2,0,2,4,0,4,3,3,2,0,2
P0317,User_0317,user0317@example.com,Student,BBA,Computer Science,1st,2030,College B,91.47,Cybersecurity mini project,1 internship - 2 months,Web development,Business Analyst,Database Administrator,Build portfolio,"Web development, Cybersecurity",No preference,Mumbai,6 months,4,25000+,2,4,1,1,2,2,1,0,3,4,4,2,0,1,1,3,2,3,3,2,0,0,3,0,2,2,3,4,0,2,2,2,2
P0318,User_0318,user0318@example.com,Student,BCA,Commerce,4th,2028,Other,59.15,Cloud deployment project,1 internship - 2 months,Multiple certifications,DevOps Engineer,ML Engineer,Prepare for internship,AI/ML,Remote,Mumbai,12 months,30,Free,1,4,0,0,0,0,0,0,3,2,1,3,2,0,2,4,1,0,1,0,0,0,2,1,2,3,3,2,3,0,2,2,0
P0319,User_0319,user0319@example.com,Student,BBA,Other,3rd,2028,College A,90.52,UI/UX prototype,1 internship - 3 months,Cybersecurity,UI/UX Designer,Data Analyst,Get a job,"AI/ML, Cybersecurity",Onsite,Any location,3 months,2,10000-25000,2,2,0,3,0,2,4,0,1,0,4,2,4,1,4,2,3,0,2,2,3,0,2,2,0,2,1,0,0,4,0,1,3
P0320,User_0320,user0320@example.com,Student,M.Tech,Civil,4th,2028,College D,88.74,Cybersecurity mini project,2 internships,Python,Web Developer,Data Scientist,Switch career,"Business, Design",No preference,Mumbai,6 months,24,5000-10000,1,0,0,3,0,2,0,2,4,1,3,0,2,0,3,2,3,1,1,3,4,2,2,0,2,1,2,0,2,3,1,1,3
P0321,User_0321,user0321@example.com,Student,BCA,Civil,1st,2029,College B,59.57,Portfolio website,1 internship - 3 months,Data analytics,DevOps Engineer,Data Scientist,Get a job,"Cloud, Business, AI/ML",Remote,Chennai,6 months,13,5000-10000,3,0,2,2,2,1,0,0,4,2,2,2,1,2,0,2,3,1,1,3,2,1,0,0,2,4,2,1,0,0,1,0,1
P0322,User_0322,user0322@example.com,Student,Diploma,IT,1st,2026,College C,78.42,Portfolio website,1 internship - 6 months,Web development,UI/UX Designer,UI/UX Designer,Become job-ready,"Business, Data, AI/ML",Remote,Hyderabad,24 months,3,Free,3,2,1,4,3,1,0,2,1,4,4,2,3,0,4,3,3,3,3,1,0,1,0,0,0,3,0,0,1,1,0,4,3
P0323,User_0323,user0323@example.com,Student,B.Sc,Civil,4th,2026,College A,83.46,Data analysis dashboard,1 internship - 2 months,Multiple certifications,Cybersecurity Analyst,ML Engineer,Prepare for internship,"Cloud, Data, Web development",No preference,Kolhapur,3 months,29,Under 5000,0,4,0,2,0,3,1,3,1,3,3,4,1,2,4,2,3,0,2,3,3,1,2,1,1,3,0,2,1,0,1,1,0
P0324,User_0324,user0324@example.com,Student,M.Sc,Computer Science,1st,2026,College D,92.87,UI/UX prototype,1 internship - 6 months,Cloud fundamentals,DevOps Engineer,Cybersecurity Analyst,Become job-ready,"Web development, AI/ML",Onsite,Any location,24 months,11,5000-10000,1,1,3,3,0,1,3,2,3,2,2,3,3,3,1,4,1,1,2,2,1,1,4,2,3,4,0,1,0,3,1,2,1
P0325,User_0325,user0325@example.com,Student,BBA,EEE,1st,2026,College D,90.98,Cybersecurity mini project,None,Cybersecurity,DevOps Engineer,QA Engineer,Prepare for internship,Design,Onsite,Any location,12 months,28,25000+,4,1,0,0,1,1,1,2,4,0,0,3,1,1,2,3,4,1,1,3,1,0,2,2,1,3,2,2,4,3,1,2,1
P0326,User_0326,user0326@example.com,Student,M.Sc,ECE,1st,2030,College B,79.56,UI/UX prototype,2 internships,SQL,UI/UX Designer,Cloud Engineer,Prepare for internship,"Web development, Databases",Hybrid,Chennai,18 months,35,Under 5000,0,2,1,4,3,2,3,2,1,1,1,2,3,2,4,1,1,2,3,1,1,1,0,1,0,1,1,0,3,2,0,2,3
P0327,User_0327,user0327@example.com,Student,B.Com,Mechanical,4th,2027,College C,65.94,Data analysis dashboard,1 internship - 3 months,Python,UI/UX Designer,Database Administrator,Build portfolio,"Data, Databases, AI/ML",No preference,Mumbai,18 months,3,10000-25000,1,2,1,3,1,1,0,3,2,2,4,1,4,2,4,4,3,2,0,0,2,3,1,4,0,1,2,0,1,3,0,0,4
P0328,User_0328,user0328@example.com,Job seeker,M.Sc,Commerce,Graduated,2026,College A,79.55,CRUD web application,1 internship - 3 months,Data analytics,Business Analyst,Business Analyst,Become job-ready,"Cloud, Design, Databases",Onsite,Pune,18 months,4,5000-10000,0,3,2,2,3,1,0,1,3,0,1,3,0,1,1,1,3,0,0,1,0,1,1,1,3,2,2,4,2,3,2,1,1
P0329,User_0329,user0329@example.com,Job seeker,B.Com,Other,Graduated,2028,College B,55.57,E-commerce website,1 internship - 6 months,Cybersecurity,Data Scientist,ML Engineer,Switch career,Design,No preference,Delhi,18 months,28,10000-25000,2,1,2,1,0,0,2,0,3,1,2,3,0,1,1,2,0,3,1,1,0,3,0,3,2,3,0,3,2,2,1,1,1
P0330,User_0330,user0330@example.com,Student,M.Tech,Commerce,4th,2026,College D,56.11,Database management project,1 internship - 3 months,Cybersecurity,Cybersecurity Analyst,Web Developer,Prepare for internship,Design,Hybrid,Mumbai,3 months,40,5000-10000,1,0,1,4,2,4,0,1,2,1,0,4,1,1,1,0,3,2,1,3,0,2,2,1,3,0,3,3,3,0,0,0,2
P0331,User_0331,user0331@example.com,Student,B.Com,EEE,4th,2030,College C,93.95,Cloud deployment project,1 internship - 2 months,Cybersecurity,UI/UX Designer,QA Engineer,Prepare for internship,"Databases, Coding",Hybrid,Hyderabad,24 months,30,Under 5000,3,1,2,3,4,0,3,1,0,2,4,1,3,2,2,0,2,3,1,3,3,3,1,0,2,2,3,2,1,0,0,0,2
P0332,User_0332,user0332@example.com,Student,MCA,EEE,2nd,2030,Other,70.18,Cybersecurity mini project,1 internship - 2 months,Web development,ML Engineer,Data Analyst,Get a job,Coding,No preference,Delhi,3 months,13,25000+,0,2,2,0,1,1,2,4,1,0,3,3,2,1,1,2,3,4,0,0,0,3,4,1,1,4,2,3,3,4,4,1,3
P0333,User_0333,user0333@example.com,Student,B.Com,Civil,3rd,2029,Other,79.78,Cybersecurity mini project,1 internship - 6 months,None,Software Developer,DevOps Engineer,Learn a new field,"Cybersecurity, Design, Business",Remote,Pune,12 months,5,Under 5000,3,0,4,4,3,1,4,0,1,4,4,3,1,4,1,3,1,0,1,0,3,2,2,0,0,4,1,3,1,0,1,4,1
P0334,User_0334,user0334@example.com,Student,BCA,Other,2nd,2027,College A,94.41,No project yet,1 internship - 6 months,Java,QA Engineer,QA Engineer,Become job-ready,"Cybersecurity, Web development, Cloud",No preference,Pune,18 months,7,Under 5000,2,0,1,1,2,3,2,3,2,1,2,3,0,4,2,0,4,1,2,0,1,1,1,0,1,1,0,4,3,2,1,3,1
P0335,User_0335,user0335@example.com,Student,M.Sc,Mechanical,3rd,2029,Other,80.66,Machine learning project,None,Multiple certifications,Database Administrator,Data Scientist,Switch career,Business,Hybrid,Chennai,24 months,18,5000-10000,0,0,3,3,2,2,0,2,0,0,0,0,0,0,1,1,3,0,0,3,2,3,4,2,2,2,1,4,0,1,0,0,2
P0336,User_0336,user0336@example.com,Student,M.Sc,Civil,1st,2026,College C,85.92,E-commerce website,2 internships,Cloud fundamentals,QA Engineer,Data Scientist,Build portfolio,"Business, Coding, Cloud",No preference,Bengaluru,12 months,40,25000+,2,0,0,2,0,3,1,0,1,3,3,4,2,3,0,0,2,1,4,2,1,0,0,2,3,3,0,1,4,4,0,3,3
P0337,User_0337,user0337@example.com,Student,M.Sc,Other,2nd,2030,College C,92.38,E-commerce website,None,Cloud fundamentals,Data Analyst,Web Developer,Build portfolio,Web development,Hybrid,Delhi,24 months,1,5000-10000,1,2,2,1,1,1,0,0,1,3,3,2,1,4,2,1,2,1,1,2,0,1,0,3,3,3,0,0,0,3,2,4,1
P0338,User_0338,user0338@example.com,Student,M.Tech,Computer Science,3rd,2028,College D,88.22,E-commerce website,2 internships,Java,Web Developer,Business Analyst,Become job-ready,AI/ML,Remote,Pune,3 months,9,10000-25000,1,1,2,3,0,1,2,2,0,2,3,3,3,2,3,3,1,0,0,3,3,2,1,3,3,3,3,2,1,0,3,1,1
P0339,User_0339,user0339@example.com,Student,BBA,Other,1st,2026,College A,67.6,CRUD web application,None,Data analytics,Data Scientist,Cloud Engineer,Get a job,AI/ML,Remote,Delhi,6 months,30,10000-25000,3,3,1,4,1,0,0,3,1,0,0,2,1,2,2,0,0,3,3,3,0,3,2,2,0,3,1,4,3,4,1,1,0
P0340,User_0340,user0340@example.com,Student,M.Sc,ECE,4th,2026,College C,68.29,Machine learning project,1 internship - 3 months,Multiple certifications,Software Developer,Data Analyst,Switch career,Cybersecurity,No preference,Bengaluru,6 months,5,Free,3,0,1,1,3,2,3,0,1,3,3,3,3,3,1,2,2,0,2,2,1,1,2,0,3,3,2,3,1,0,3,0,2
P0341,User_0341,user0341@example.com,Student,M.Sc,Computer Science,3rd,2028,College D,79.79,Cloud deployment project,None,Web development,DevOps Engineer,Cybersecurity Analyst,Get a job,"Cloud, Coding",Hybrid,Chennai,6 months,26,Under 5000,4,0,3,2,1,1,2,3,3,3,1,1,3,4,1,4,3,2,0,2,1,1,1,0,1,2,3,1,4,3,4,1,3
P0342,User_0342,user0342@example.com,Student,B.Com,IT,2nd,2030,College C,89.88,Portfolio website,None,Java,Database Administrator,Software Developer,Get a job,Business,Onsite,Chennai,3 months,21,Free,0,3,2,1,1,2,0,3,2,2,2,2,3,0,0,0,4,3,1,4,0,1,3,3,2,1,2,2,0,2,1,0,3
P0343,User_0343,user0343@example.com,Working professional,Diploma,EEE,Graduated,2029,College A,75.26,Portfolio website,1 internship - 3 months,Data analytics,Cybersecurity Analyst,Business Analyst,Switch career,Coding,Remote,Mumbai,24 months,14,5000-10000,0,0,2,0,3,4,2,2,1,2,2,1,1,4,1,2,4,3,1,3,3,2,2,1,0,2,2,1,0,1,4,2,4
P0344,User_0344,user0344@example.com,Student,B.Sc,EEE,2nd,2029,College D,73.34,No project yet,1 internship - 3 months,Cloud fundamentals,QA Engineer,Data Analyst,Switch career,"Design, Cybersecurity, Coding",Hybrid,Pune,6 months,1,Under 5000,2,0,0,2,3,2,0,1,1,2,3,3,1,1,1,0,1,1,3,0,0,2,3,3,1,1,1,3,3,2,3,4,1
P0345,User_0345,user0345@example.com,Student,B.E./B.Tech,IT,4th,2028,College D,68.36,E-commerce website,1 internship - 6 months,SQL,QA Engineer,Database Administrator,Become job-ready,Coding,No preference,Delhi,24 months,19,Under 5000,1,0,1,4,1,0,1,1,1,1,2,3,2,3,2,0,0,1,0,0,2,2,2,3,3,1,0,3,4,2,1,3,0
P0346,User_0346,user0346@example.com,Working professional,B.E./B.Tech,Civil,Graduated,2029,College A,85.91,UI/UX prototype,2 internships,Web development,Web Developer,UI/UX Designer,Build portfolio,"Coding, Design, Cloud",Onsite,Delhi,12 months,7,25000+,0,2,2,3,1,0,3,1,3,0,0,3,3,1,2,1,4,3,2,0,4,0,3,3,0,2,0,0,2,0,2,2,2
P0347,User_0347,user0347@example.com,Student,B.Sc,Computer Science,1st,2027,College B,57.37,Data analysis dashboard,2 internships,SQL,UI/UX Designer,Web Developer,Switch career,"Cloud, AI/ML, Design",Hybrid,Any location,12 months,15,Under 5000,0,2,1,4,3,1,2,0,2,0,1,4,3,0,3,3,2,0,1,1,3,1,2,3,3,1,4,1,0,0,1,0,4
P0348,User_0348,user0348@example.com,Student,B.Com,Commerce,2nd,2028,College D,91.12,Portfolio website,None,Data analytics,Business Analyst,Web Developer,Become job-ready,"Cybersecurity, Business, Web development",Onsite,Kolhapur,3 months,30,Free,0,4,1,0,3,4,1,2,0,0,0,2,0,0,0,0,3,2,0,0,2,1,3,0,4,0,2,1,2,2,0,1,0
P0349,User_0349,user0349@example.com,Student,MCA,Arts,1st,2030,College D,69.48,E-commerce website,1 internship - 2 months,Cybersecurity,QA Engineer,Software Developer,Switch career,Data,Hybrid,Hyderabad,12 months,37,Free,0,2,1,3,2,2,1,1,2,3,0,4,1,2,2,1,3,2,3,0,1,0,2,3,0,2,1,3,3,2,1,4,3
P0350,User_0350,user0350@example.com,Student,B.E./B.Tech,Commerce,2nd,2030,College C,87.2,Machine learning project,1 internship - 3 months,Python,DevOps Engineer,Data Analyst,Learn a new field,"Databases, Cloud, Data",Hybrid,Any location,6 months,13,5000-10000,4,1,0,1,2,2,2,1,3,2,0,2,3,1,1,4,1,4,1,2,2,3,2,3,2,3,2,0,1,1,3,0,2
P0351,User_0351,user0351@example.com,Student,BBA,Arts,3rd,2028,College B,58.16,E-commerce website,1 internship - 6 months,Multiple certifications,QA Engineer,Cybersecurity Analyst,Switch career,"Data, Databases",Hybrid,Pune,24 months,14,Free,0,1,0,1,0,3,3,0,0,3,3,3,1,3,2,1,1,2,3,2,1,1,1,2,3,4,1,4,4,2,3,3,0
P0352,User_0352,user0352@example.com,Student,MCA,IT,3rd,2027,College D,64.04,Cloud deployment project,1 internship - 3 months,SQL,Database Administrator,QA Engineer,Get a job,"Coding, Business, Cloud",Remote,Mumbai,18 months,27,25000+,1,3,2,3,1,3,0,3,0,2,1,1,1,1,0,3,0,3,3,0,2,2,2,0,0,4,0,3,1,1,0,2,0
P0353,User_0353,user0353@example.com,Job seeker,M.Tech,ECE,Graduated,2026,College A,66.15,E-commerce website,1 internship - 3 months,Cybersecurity,Cybersecurity Analyst,Software Developer,Learn a new field,Cybersecurity,Remote,Delhi,6 months,30,10000-25000,3,0,0,1,1,1,3,1,0,1,4,3,3,1,3,2,3,3,2,3,0,1,2,0,2,4,0,3,2,3,3,0,1
P0354,User_0354,user0354@example.com,Student,MCA,ECE,1st,2028,Other,69.09,No project yet,1 internship - 2 months,Web development,UI/UX Designer,QA Engineer,Learn a new field,Design,Onsite,Bengaluru,6 months,9,Under 5000,0,3,1,3,3,0,0,0,3,0,2,1,3,2,4,0,0,1,4,2,0,3,2,1,2,0,4,3,0,0,2,1,2
P0355,User_0355,user0355@example.com,Student,M.Tech,IT,2nd,2027,College A,93.55,E-commerce website,None,Data analytics,Data Analyst,DevOps Engineer,Learn a new field,"Web development, Cybersecurity, Cloud",No preference,Hyderabad,24 months,36,5000-10000,2,2,1,2,0,1,2,0,1,3,2,3,3,2,0,0,1,1,4,1,0,0,4,1,2,3,2,2,1,2,3,1,0
P0356,User_0356,user0356@example.com,Student,MCA,EEE,4th,2028,College A,88.11,Machine learning project,None,Python,Cloud Engineer,Software Developer,Build portfolio,"Coding, Cloud, Cybersecurity",Hybrid,Bengaluru,24 months,32,5000-10000,3,1,2,0,0,4,0,2,2,4,3,3,2,2,1,4,3,4,3,3,2,2,2,3,0,4,1,1,3,2,4,0,2
P0357,User_0357,user0357@example.com,Working professional,B.E./B.Tech,Commerce,Graduated,2026,College D,87.14,No project yet,1 internship - 3 months,Web development,Web Developer,Data Analyst,Get a job,"Business, Design, Databases",Hybrid,Kolhapur,18 months,12,Under 5000,2,1,0,3,0,1,1,0,2,2,0,4,3,1,1,2,2,0,1,2,4,3,2,1,1,2,1,2,3,1,1,0,3
P0358,User_0358,user0358@example.com,Student,M.Tech,Other,4th,2026,College D,68.15,Cloud deployment project,1 internship - 2 months,SQL,QA Engineer,Data Scientist,Get a job,"Cloud, Cybersecurity, Coding",Hybrid,Kolhapur,6 months,39,Free,0,2,2,0,2,0,1,3,2,2,1,4,1,3,2,1,2,1,0,0,1,1,0,2,2,2,2,3,0,4,2,4,1
P0359,User_0359,user0359@example.com,Student,MCA,EEE,3rd,2029,College C,77.6,Cloud deployment project,1 internship - 2 months,Web development,Data Analyst,Database Administrator,Prepare for internship,Coding,No preference,Any location,3 months,38,Free,0,0,0,3,2,1,1,4,2,3,3,1,2,0,1,2,1,1,2,1,1,2,2,4,4,1,3,3,1,3,0,3,0
P0360,User_0360,user0360@example.com,Student,BCA,Mechanical,3rd,2028,Other,73.04,CRUD web application,1 internship - 3 months,Python,QA Engineer,Data Scientist,Become job-ready,"Cybersecurity, Web development",Hybrid,Chennai,12 months,17,Free,2,1,2,1,1,0,1,1,0,1,0,3,1,3,1,0,0,1,1,1,3,3,2,2,1,3,2,2,4,2,3,4,1
P0361,User_0361,user0361@example.com,Student,MCA,Civil,3rd,2026,College A,67.07,Database management project,2 internships,Java,UI/UX Designer,Database Administrator,Build portfolio,Coding,Hybrid,Chennai,3 months,16,Under 5000,2,3,2,2,2,2,1,0,2,2,2,2,4,2,4,2,3,0,0,4,4,2,1,0,0,3,2,1,1,3,1,1,4
P0362,User_0362,user0362@example.com,Student,M.Sc,Other,3rd,2027,College B,56.34,Portfolio website,1 internship - 2 months,Cloud fundamentals,Business Analyst,Data Scientist,Prepare for internship,Cybersecurity,Hybrid,Any location,12 months,27,Under 5000,2,3,3,0,4,1,0,0,2,3,3,3,1,2,0,2,2,3,4,2,1,3,3,2,4,1,1,3,1,3,1,0,0
P0363,User_0363,user0363@example.com,Student,Diploma,ECE,2nd,2030,College C,71.88,UI/UX prototype,1 internship - 3 months,None,ML Engineer,Cybersecurity Analyst,Prepare for internship,AI/ML,No preference,Delhi,6 months,36,Under 5000,1,2,0,0,1,2,1,2,3,1,3,4,0,2,4,2,2,4,2,1,2,4,0,3,0,3,1,4,0,3,4,1,3
P0364,User_0364,user0364@example.com,Job seeker,B.Sc,EEE,Graduated,2027,College A,60.08,Database management project,1 internship - 2 months,SQL,Data Scientist,ML Engineer,Build portfolio,Cybersecurity,Remote,Pune,3 months,18,10000-25000,0,4,2,0,0,0,1,4,0,3,0,0,1,1,0,2,2,3,1,3,0,4,0,3,2,4,1,4,0,3,1,0,3
P0365,User_0365,user0365@example.com,Student,B.E./B.Tech,ECE,2nd,2028,College C,91.59,Cloud deployment project,2 internships,None,Business Analyst,Business Analyst,Learn a new field,"Design, Databases, Cybersecurity",Onsite,Bengaluru,18 months,35,Under 5000,0,2,2,1,4,0,3,2,3,3,3,1,2,0,3,2,2,1,1,0,2,2,3,3,1,1,1,3,3,2,2,2,1
P0366,User_0366,user0366@example.com,Student,B.E./B.Tech,Arts,1st,2027,Other,73.18,Data analysis dashboard,1 internship - 2 months,Java,QA Engineer,Data Analyst,Get a job,"Databases, Cloud",Hybrid,Hyderabad,6 months,16,Under 5000,0,2,3,2,0,0,4,0,1,1,0,3,2,3,3,2,2,3,3,1,0,3,1,0,2,2,0,2,4,2,2,2,1
P0367,User_0367,user0367@example.com,Student,M.Tech,Arts,3rd,2028,College D,64.33,No project yet,1 internship - 2 months,Cybersecurity,Web Developer,Data Analyst,Build portfolio,"Cybersecurity, AI/ML",No preference,Any location,12 months,39,Under 5000,1,1,1,4,2,2,3,0,0,2,2,4,2,1,3,3,3,1,3,1,3,3,0,1,3,0,3,2,2,2,0,2,1
P0368,User_0368,user0368@example.com,Student,MCA,Commerce,1st,2026,College B,63.19,Cloud deployment project,1 internship - 3 months,Multiple certifications,Data Analyst,Web Developer,Prepare for internship,Web development,Remote,Pune,12 months,22,25000+,3,2,0,0,1,1,0,2,0,3,2,0,2,0,1,3,3,1,0,2,1,2,2,2,2,3,3,3,0,3,1,2,0
P0369,User_0369,user0369@example.com,Student,M.Sc,Arts,4th,2029,College C,92.83,UI/UX prototype,1 internship - 6 months,SQL,UI/UX Designer,Cloud Engineer,Learn a new field,"Web development, Design",Hybrid,Mumbai,24 months,25,10000-25000,3,0,3,1,3,0,0,3,0,0,4,1,4,0,3,0,1,1,1,1,3,0,2,1,1,1,1,4,2,3,2,0,3
P0370,User_0370,user0370@example.com,Working professional,BCA,IT,Graduated,2026,College A,55.22,Portfolio website,1 internship - 2 months,Cybersecurity,Business Analyst,Data Scientist,Learn a new field,"Databases, Coding",Onsite,Delhi,6 months,11,25000+,0,3,0,2,4,1,0,0,0,3,0,1,2,1,2,0,2,3,3,2,3,3,0,3,3,3,1,3,4,3,2,0,0
P0371,User_0371,user0371@example.com,Student,BCA,EEE,4th,2029,College D,59.19,E-commerce website,None,Multiple certifications,Cloud Engineer,Cloud Engineer,Become job-ready,"Data, Databases",Hybrid,Mumbai,3 months,12,Free,2,0,1,0,3,1,3,3,3,0,1,3,3,3,2,2,3,2,0,3,2,0,1,1,0,2,3,4,0,3,2,1,2
P0372,User_0372,user0372@example.com,Working professional,BCA,IT,Graduated,2026,College C,93.8,Database management project,2 internships,Web development,Data Scientist,Cloud Engineer,Become job-ready,"Data, Business",Onsite,Hyderabad,12 months,33,10000-25000,0,1,0,3,2,0,2,3,2,0,3,1,2,3,1,1,3,4,2,1,3,3,0,1,2,4,3,2,2,4,1,3,3
P0373,User_0373,user0373@example.com,Student,MCA,Mechanical,1st,2030,College D,67.28,Database management project,2 internships,Cybersecurity,Data Analyst,QA Engineer,Build portfolio,"Coding, Web development",Hybrid,Delhi,24 months,36,25000+,2,0,2,2,2,1,2,3,1,4,2,1,3,0,1,1,1,2,4,1,0,1,1,3,4,4,3,3,2,3,2,0,2
P0374,User_0374,user0374@example.com,Student,MCA,Commerce,3rd,2028,Other,88.34,UI/UX prototype,2 internships,None,ML Engineer,Cybersecurity Analyst,Become job-ready,Web development,Remote,Bengaluru,3 months,12,25000+,1,0,1,3,3,3,0,1,1,1,3,3,1,2,3,0,1,4,1,1,1,2,0,2,3,4,1,2,3,4,2,0,1
P0375,User_0375,user0375@example.com,Job seeker,B.Com,IT,Graduated,2026,Other,85.45,No project yet,1 internship - 2 months,Web development,UI/UX Designer,Business Analyst,Get a job,"Cloud, Databases, Cybersecurity",Remote,Any location,6 months,37,10000-25000,2,0,2,1,3,2,1,0,2,1,4,2,2,1,4,0,0,4,2,3,0,0,2,2,2,1,2,3,2,2,0,4,3
P0376,User_0376,user0376@example.com,Working professional,B.Sc,IT,Graduated,2028,College D,67.29,Cloud deployment project,1 internship - 2 months,SQL,QA Engineer,Cloud Engineer,Switch career,"Cloud, Business, Databases",Hybrid,Delhi,12 months,2,25000+,3,0,2,0,1,2,0,1,1,3,1,3,3,3,1,1,1,3,1,3,0,3,1,2,0,3,1,3,4,0,3,4,0
P0377,User_0377,user0377@example.com,Student,BBA,Other,3rd,2028,College B,82.25,Cloud deployment project,2 internships,Data analytics,Data Scientist,Cybersecurity Analyst,Prepare for internship,AI/ML,Hybrid,Mumbai,18 months,38,Free,2,1,0,3,0,0,0,3,4,1,2,0,0,3,3,0,2,3,2,3,3,1,2,3,3,3,2,3,0,4,1,1,0
P0378,User_0378,user0378@example.com,Working professional,M.Tech,Other,Graduated,2027,College B,88.02,Machine learning project,1 internship - 2 months,Python,UI/UX Designer,UI/UX Designer,Become job-ready,"Cybersecurity, Databases, Coding",Onsite,Chennai,3 months,5,25000+,1,1,0,1,3,0,3,0,1,0,3,1,3,2,3,1,0,1,1,2,2,0,2,1,1,1,3,2,0,1,3,0,3
P0379,User_0379,user0379@example.com,Working professional,B.Sc,Commerce,Graduated,2029,College C,93.87,Cybersecurity mini project,1 internship - 2 months,SQL,DevOps Engineer,Cybersecurity Analyst,Get a job,"AI/ML, Cloud",Remote,Pune,3 months,25,Free,3,3,3,2,1,0,1,0,3,2,0,3,1,0,2,3,4,0,1,0,3,2,0,1,3,3,2,0,1,1,0,1,2
P0380,User_0380,user0380@example.com,Student,B.Sc,Other,1st,2030,College D,84.25,No project yet,None,Java,UI/UX Designer,Database Administrator,Learn a new field,Data,Remote,Kolhapur,12 months,29,25000+,2,1,0,0,4,3,2,1,0,0,3,2,3,1,3,1,2,1,1,2,3,3,2,1,1,0,3,1,2,1,2,2,4
P0381,User_0381,user0381@example.com,Student,BBA,Computer Science,1st,2030,College A,69.82,No project yet,2 internships,Java,UI/UX Designer,Data Analyst,Become job-ready,Business,No preference,Chennai,24 months,30,Under 5000,0,2,3,4,3,3,2,1,3,1,3,0,3,3,3,2,0,4,4,0,0,0,0,1,1,1,1,2,2,2,4,3,1
P0382,User_0382,user0382@example.com,Student,B.E./B.Tech,Other,1st,2027,College D,63.26,Portfolio website,1 internship - 3 months,Data analytics,Data Scientist,Web Developer,Switch career,AI/ML,No preference,Bengaluru,18 months,20,10000-25000,3,1,2,2,2,1,0,2,4,0,3,1,0,1,2,0,2,4,0,0,3,2,2,3,0,4,1,2,1,3,2,1,1
P0383,User_0383,user0383@example.com,Student,B.Sc,Other,2nd,2030,College D,94.87,Database management project,1 internship - 6 months,Java,Data Analyst,QA Engineer,Build portfolio,"Coding, AI/ML",No preference,Pune,12 months,35,Under 5000,3,0,2,1,2,2,0,0,2,4,2,1,4,4,3,1,1,4,1,0,2,3,3,2,3,2,1,4,0,3,1,2,0
P0384,User_0384,user0384@example.com,Student,B.Com,Mechanical,4th,2029,Other,86.89,CRUD web application,2 internships,SQL,ML Engineer,Cloud Engineer,Build portfolio,"Design, Cybersecurity, Coding",No preference,Hyderabad,24 months,37,Free,0,0,3,1,3,2,0,3,2,2,4,3,3,1,3,2,1,4,0,1,0,0,2,0,1,2,1,3,0,2,4,3,1
P0385,User_0385,user0385@example.com,Student,M.Sc,Other,1st,2030,College B,84.29,UI/UX prototype,1 internship - 6 months,SQL,Database Administrator,Data Scientist,Build portfolio,"Business, Web development, Design",Hybrid,Any location,18 months,23,Free,0,1,2,1,2,1,1,3,4,0,2,3,2,1,3,0,3,1,4,0,4,3,4,4,2,4,3,4,2,2,0,1,0
P0386,User_0386,user0386@example.com,Student,BCA,ECE,3rd,2030,College C,58.95,Cloud deployment project,1 internship - 2 months,Multiple certifications,ML Engineer,QA Engineer,Prepare for internship,"Data, Coding, Cloud",Onsite,Hyderabad,24 months,31,10000-25000,0,2,2,2,0,4,0,3,3,4,0,2,0,1,0,0,1,3,0,3,3,2,2,1,1,0,2,1,0,3,3,3,1
P0387,User_0387,user0387@example.com,Student,B.Sc,Computer Science,1st,2030,College C,62.86,No project yet,1 internship - 3 months,SQL,Software Developer,UI/UX Designer,Become job-ready,"Databases, AI/ML",Remote,Pune,12 months,5,10000-25000,2,2,3,2,4,3,3,0,0,0,1,3,0,3,1,3,2,0,1,0,3,0,0,1,1,3,0,3,0,1,2,0,3
P0388,User_0388,user0388@example.com,Student,B.Sc,Other,1st,2026,College B,88.0,Database management project,None,Web development,DevOps Engineer,ML Engineer,Switch career,"Cloud, Cybersecurity",Onsite,Kolhapur,12 months,27,Under 5000,3,0,0,0,1,2,4,0,3,2,0,4,0,1,0,2,3,1,0,1,3,2,1,0,0,4,1,3,2,2,2,4,0
P0389,User_0389,user0389@example.com,Student,BBA,Other,3rd,2030,College A,67.79,CRUD web application,1 internship - 6 months,None,Web Developer,UI/UX Designer,Become job-ready,Data,Remote,Kolhapur,18 months,7,25000+,2,0,1,2,2,2,0,2,3,2,2,3,4,2,3,0,2,0,0,2,3,0,3,1,0,1,4,2,0,4,0,3,3
P0390,User_0390,user0390@example.com,Student,M.Sc,EEE,4th,2028,Other,72.48,No project yet,1 internship - 2 months,SQL,Cloud Engineer,DevOps Engineer,Get a job,"Cybersecurity, Cloud",Onsite,Mumbai,6 months,35,25000+,4,2,2,3,3,1,2,2,4,1,1,2,1,0,0,1,3,1,1,2,3,2,0,2,2,3,2,2,0,1,0,2,2
P0391,User_0391,user0391@example.com,Student,Diploma,IT,4th,2029,Other,81.93,No project yet,1 internship - 2 months,SQL,UI/UX Designer,Database Administrator,Learn a new field,Business,No preference,Pune,18 months,13,Free,1,1,0,4,0,0,0,2,1,3,2,0,4,0,2,0,0,0,1,0,1,2,1,0,0,0,1,2,2,4,0,0,4
P0392,User_0392,user0392@example.com,Student,B.Sc,Computer Science,2nd,2028,College D,71.44,Cybersecurity mini project,None,Python,UI/UX Designer,DevOps Engineer,Switch career,"Cybersecurity, Design",No preference,Hyderabad,12 months,16,25000+,2,1,1,4,1,3,3,1,4,1,1,0,3,3,3,1,0,1,3,2,0,1,3,1,0,0,2,2,2,1,0,2,4
P0393,User_0393,user0393@example.com,Student,B.Sc,EEE,3rd,2026,Other,93.02,Database management project,None,None,Business Analyst,UI/UX Designer,Learn a new field,"Data, AI/ML",Hybrid,Mumbai,24 months,40,Free,1,3,1,2,1,2,1,2,0,2,2,3,2,0,0,0,1,3,1,0,4,1,0,1,4,1,2,4,1,4,1,4,1
P0394,User_0394,user0394@example.com,Student,BBA,Computer Science,4th,2029,College A,93.83,E-commerce website,1 internship - 6 months,Data analytics,QA Engineer,ML Engineer,Learn a new field,Cloud,Onsite,Kolhapur,18 months,20,10000-25000,1,0,0,2,1,2,1,3,1,3,0,3,0,3,1,0,0,0,0,0,0,3,3,0,3,3,4,3,1,0,0,4,3
P0395,User_0395,user0395@example.com,Student,MCA,ECE,2nd,2028,Other,66.74,Cybersecurity mini project,None,Web development,Data Scientist,DevOps Engineer,Get a job,"Web development, Business",Onsite,Pune,6 months,33,5000-10000,3,1,3,0,2,1,0,1,2,2,0,2,1,0,0,2,1,3,1,0,3,4,2,2,1,4,1,4,1,4,2,1,1
P0396,User_0396,user0396@example.com,Student,B.E./B.Tech,Arts,2nd,2029,College B,67.27,UI/UX prototype,2 internships,Python,Software Developer,Cybersecurity Analyst,Learn a new field,"AI/ML, Business, Data",Hybrid,Kolhapur,3 months,1,25000+,0,4,2,1,1,1,3,0,0,3,3,3,1,3,2,1,0,0,0,2,1,1,2,1,1,3,0,4,2,1,1,3,2
P0397,User_0397,user0397@example.com,Student,Diploma,EEE,1st,2026,College A,63.39,No project yet,1 internship - 6 months,Multiple certifications,UI/UX Designer,DevOps Engineer,Get a job,"Coding, Data, Web development",Onsite,Mumbai,18 months,18,Free,1,3,1,4,3,3,0,3,3,4,2,0,4,1,3,1,3,0,3,0,1,1,2,1,0,3,1,0,2,3,1,4,2
P0398,User_0398,user0398@example.com,Student,M.Tech,Other,1st,2029,College A,72.07,Database management project,1 internship - 2 months,Web development,Database Administrator,UI/UX Designer,Learn a new field,"Coding, Cybersecurity, Business",Remote,Any location,6 months,8,Under 5000,3,2,2,0,2,3,2,4,0,4,1,2,4,4,2,1,3,1,4,1,1,3,4,2,0,4,1,3,0,0,1,0,1
P0399,User_0399,user0399@example.com,Student,MCA,Computer Science,4th,2029,College A,70.56,No project yet,1 internship - 6 months,Multiple certifications,Data Scientist,DevOps Engineer,Learn a new field,"Business, Cloud",Hybrid,Mumbai,18 months,26,25000+,2,3,2,4,1,1,0,0,1,0,1,1,3,3,0,2,1,3,2,1,1,4,1,0,2,3,1,4,0,4,4,0,3
P0400,User_0400,user0400@example.com,Student,Diploma,Computer Science,3rd,2026,College B,59.04,CRUD web application,1 internship - 6 months,Python,Business Analyst,Web Developer,Build portfolio,Design,No preference,Delhi,24 months,15,10000-25000,0,3,4,3,3,3,3,0,0,2,1,1,0,0,1,0,0,0,3,3,1,1,2,1,2,2,0,3,0,2,1,1,0
P0401,User_0401,user0401@example.com,Working professional,BBA,Arts,Graduated,2030,College D,61.43,Cloud deployment project,1 internship - 3 months,Cloud fundamentals,Business Analyst,Business Analyst,Build portfolio,Databases,Remote,Kolhapur,12 months,3,5000-10000,1,4,0,2,4,3,0,1,0,3,3,3,1,1,1,4,1,3,2,1,4,1,0,1,4,3,0,3,0,3,1,3,0
P0402,User_0402,user0402@example.com,Student,MCA,Computer Science,2nd,2029,College B,77.2,No project yet,1 internship - 2 months,Data analytics,Cloud Engineer,ML Engineer,Get a job,"Databases, Web development",No preference,Chennai,18 months,10,5000-10000,4,3,1,1,2,1,0,0,2,1,0,3,0,1,1,2,3,2,0,3,0,0,1,4,1,4,3,1,0,1,3,2,2
P0403,User_0403,user0403@example.com,Working professional,BBA,Computer Science,Graduated,2029,College C,86.06,Database management project,1 internship - 2 months,Cybersecurity,Data Analyst,Cybersecurity Analyst,Prepare for internship,"Data, Design, Cloud",Hybrid,Chennai,18 months,29,Free,0,2,1,0,1,0,3,0,1,4,4,1,1,0,2,0,1,2,3,2,1,2,0,3,4,3,1,3,0,3,2,2,1
P0404,User_0404,user0404@example.com,Job seeker,B.Com,ECE,Graduated,2027,College A,88.42,CRUD web application,1 internship - 3 months,Cloud fundamentals,Business Analyst,Database Administrator,Get a job,"Databases, Cybersecurity, Coding",Onsite,Kolhapur,6 months,24,Free,1,3,1,2,3,0,3,2,3,2,2,1,3,1,3,2,0,2,0,2,0,2,1,0,1,1,1,4,1,2,1,1,0
P0405,User_0405,user0405@example.com,Student,B.E./B.Tech,Arts,2nd,2027,Other,56.3,No project yet,1 internship - 3 months,Web development,Data Analyst,Cloud Engineer,Switch career,"Cybersecurity, Coding",Hybrid,Pune,6 months,35,5000-10000,2,4,4,2,0,4,3,0,1,3,0,1,0,0,1,3,0,0,4,1,0,3,0,3,0,1,2,2,1,3,1,1,2
P0406,User_0406,user0406@example.com,Student,BBA,Computer Science,4th,2029,College C,85.14,Portfolio website,2 internships,Multiple certifications,Database Administrator,Software Developer,Prepare for internship,"Cloud, Coding",Remote,Pune,3 months,27,25000+,2,3,2,0,2,2,0,3,0,2,0,3,0,2,3,0,3,1,4,3,0,3,4,1,2,4,1,2,2,1,0,1,2
P0407,User_0407,user0407@example.com,Job seeker,BCA,Commerce,Graduated,2028,College B,70.76,Machine learning project,2 internships,SQL,Data Analyst,Data Analyst,Become job-ready,Cybersecurity,No preference,Kolhapur,3 months,11,25000+,2,0,2,3,2,3,3,0,0,3,2,0,0,3,1,0,0,0,0,1,0,3,3,4,3,4,0,4,0,3,1,2,3
P0408,User_0408,user0408@example.com,Working professional,BBA,IT,Graduated,2029,College C,64.28,Data analysis dashboard,1 internship - 6 months,Web development,Software Developer,Cloud Engineer,Prepare for internship,Cybersecurity,No preference,Hyderabad,18 months,7,5000-10000,1,2,3,2,0,3,4,2,0,3,0,4,2,3,3,2,2,4,0,0,1,0,1,1,1,2,3,3,2,3,2,2,3
P0409,User_0409,user0409@example.com,Student,M.Sc,Arts,4th,2028,College B,61.13,No project yet,1 internship - 6 months,Java,Data Analyst,Web Developer,Become job-ready,"Business, AI/ML",Onsite,Hyderabad,12 months,24,25000+,2,1,3,1,0,3,2,3,1,3,2,0,2,0,2,1,1,3,1,0,2,0,2,4,3,3,1,4,0,3,0,0,3
P0410,User_0410,user0410@example.com,Student,BBA,Commerce,4th,2029,College D,60.01,Data analysis dashboard,1 internship - 6 months,Java,Web Developer,Database Administrator,Prepare for internship,Web development,Hybrid,Hyderabad,6 months,18,5000-10000,2,2,4,3,1,1,1,2,3,0,0,2,2,2,3,1,1,2,0,1,4,2,4,1,3,1,3,2,2,1,3,1,4
P0411,User_0411,user0411@example.com,Student,M.Tech,Computer Science,2nd,2028,College D,62.77,E-commerce website,1 internship - 6 months,None,Business Analyst,Web Developer,Build portfolio,"Design, Coding",Hybrid,Pune,3 months,38,Under 5000,1,4,1,2,2,3,0,0,0,4,2,2,0,3,1,0,1,2,1,0,0,3,0,0,4,0,2,2,0,0,2,1,0
P0412,User_0412,user0412@example.com,Student,BBA,EEE,4th,2027,College B,81.93,Data analysis dashboard,1 internship - 2 months,Cloud fundamentals,Database Administrator,Data Scientist,Prepare for internship,"Data, Business",No preference,Mumbai,3 months,28,25000+,0,2,0,0,1,0,2,2,1,1,0,2,1,0,0,4,4,0,3,0,1,1,4,2,3,1,4,4,1,0,1,3,0
P0413,User_0413,user0413@example.com,Student,M.Tech,EEE,2nd,2027,College D,67.31,Cybersecurity mini project,1 internship - 2 months,None,ML Engineer,ML Engineer,Get a job,Cloud,No preference,Kolhapur,6 months,36,5000-10000,1,0,1,0,0,0,1,3,1,3,0,2,1,3,1,1,1,4,0,3,0,1,1,2,0,3,1,1,1,3,3,1,4
P0414,User_0414,user0414@example.com,Working professional,BCA,Civil,Graduated,2029,College A,67.19,Portfolio website,2 internships,SQL,Cybersecurity Analyst,QA Engineer,Learn a new field,"Web development, Data",No preference,Mumbai,12 months,17,Under 5000,1,1,0,3,2,3,2,0,1,1,1,4,1,2,1,2,3,1,0,3,2,0,0,4,2,2,3,3,1,2,1,0,2
P0415,User_0415,user0415@example.com,Job seeker,B.E./B.Tech,Computer Science,Graduated,2027,College C,71.48,Cloud deployment project,None,Web development,DevOps Engineer,Cloud Engineer,Get a job,"Web development, Databases, Coding",Hybrid,Pune,6 months,19,Under 5000,3,3,1,0,0,2,0,2,4,4,1,3,3,3,0,4,4,1,3,3,2,1,1,2,1,4,2,2,3,0,1,2,2
P0416,User_0416,user0416@example.com,Job seeker,B.Com,ECE,Graduated,2030,College B,60.56,E-commerce website,None,Data analytics,DevOps Engineer,Web Developer,Learn a new field,"Design, Coding, Databases",No preference,Pune,12 months,20,25000+,3,1,1,0,1,2,2,0,3,2,3,2,3,0,0,3,4,3,2,2,2,2,1,2,1,2,2,2,3,0,1,0,1
P0417,User_0417,user0417@example.com,Student,Diploma,Other,4th,2028,College B,56.21,Cybersecurity mini project,2 internships,Cloud fundamentals,Cloud Engineer,Business Analyst,Learn a new field,Databases,Onsite,Mumbai,6 months,38,5000-10000,4,2,1,1,2,0,1,0,1,0,2,3,4,3,0,0,4,2,2,3,2,2,2,1,0,2,0,2,4,2,2,0,0
P0418,User_0418,user0418@example.com,Student,Diploma,Commerce,4th,2029,College C,90.3,Cybersecurity mini project,1 internship - 2 months,Python,ML Engineer,Database Administrator,Learn a new field,"Web development, Coding",Onsite,Mumbai,12 months,7,Free,2,2,2,0,1,2,4,1,4,2,0,3,1,0,1,4,1,4,1,2,1,2,2,0,0,2,3,3,2,3,3,1,1
P0419,User_0419,user0419@example.com,Student,B.Sc,Arts,3rd,2030,College D,89.34,CRUD web application,None,Cybersecurity,Data Scientist,Data Analyst,Build portfolio,"Coding, Databases, Cloud",No preference,Chennai,6 months,8,Free,3,2,0,0,2,0,2,0,3,0,1,1,1,3,4,0,0,2,0,3,2,3,2,4,3,3,3,3,0,2,1,2,1
P0420,User_0420,user0420@example.com,Student,B.Sc,EEE,4th,2030,College D,71.2,Cloud deployment project,1 internship - 2 months,None,UI/UX Designer,Business Analyst,Get a job,Web development,Onsite,Chennai,18 months,18,Free,0,0,0,3,3,2,3,4,1,2,4,1,2,3,3,2,2,1,1,3,1,0,0,2,1,2,2,1,2,1,1,0,1
P0421,User_0421,user0421@example.com,Student,B.Sc,EEE,4th,2030,College A,60.17,Portfolio website,1 internship - 6 months,Cybersecurity,Data Analyst,Database Administrator,Switch career,"Web development, Databases",No preference,Kolhapur,6 months,19,Free,3,1,1,0,2,2,0,1,2,3,1,0,1,1,1,3,2,4,3,3,1,3,1,2,3,4,1,3,1,3,2,1,4
P0422,User_0422,user0422@example.com,Student,MCA,Computer Science,3rd,2030,College B,58.83,CRUD web application,1 internship - 2 months,Cloud fundamentals,ML Engineer,Data Scientist,Become job-ready,"AI/ML, Coding, Cloud",Onsite,Mumbai,6 months,17,Under 5000,0,1,0,4,2,0,1,1,4,3,2,3,0,1,2,2,3,3,3,2,2,2,2,0,1,3,1,4,2,3,3,2,1
P0423,User_0423,user0423@example.com,Student,B.Sc,Mechanical,1st,2027,College C,88.27,Cloud deployment project,2 internships,Java,Cloud Engineer,Software Developer,Become job-ready,Web development,No preference,Chennai,18 months,12,25000+,0,0,0,1,2,2,1,1,4,2,3,4,1,2,0,0,3,3,0,3,0,1,2,1,3,4,1,0,2,1,1,2,1
P0424,User_0424,user0424@example.com,Student,B.Com,Arts,3rd,2029,Other,67.63,CRUD web application,1 internship - 2 months,Data analytics,Web Developer,Cloud Engineer,Get a job,Data,Remote,Pune,18 months,13,10000-25000,2,1,3,3,3,2,4,2,3,4,0,4,3,1,4,0,2,0,3,1,3,0,1,2,4,0,4,3,2,2,3,0,0
P0425,User_0425,user0425@example.com,Student,BCA,Civil,1st,2026,Other,89.13,Portfolio website,1 internship - 6 months,Cybersecurity,DevOps Engineer,Cybersecurity Analyst,Get a job,"Data, Web development",No preference,Bengaluru,6 months,31,25000+,2,0,1,4,0,1,2,2,2,0,2,4,2,2,2,3,3,0,1,0,2,3,3,1,3,3,2,2,1,0,2,1,3
P0426,User_0426,user0426@example.com,Student,B.Com,Computer Science,2nd,2026,College B,78.54,No project yet,2 internships,Java,Database Administrator,Cloud Engineer,Prepare for internship,Data,Remote,Bengaluru,24 months,35,5000-10000,1,1,1,4,0,3,2,3,0,1,2,2,3,1,3,1,4,2,3,0,2,3,1,1,1,1,0,2,3,0,1,3,0
P0427,User_0427,user0427@example.com,Student,M.Sc,Arts,1st,2027,College A,58.68,No project yet,1 internship - 2 months,None,UI/UX Designer,QA Engineer,Prepare for internship,"Data, Web development, Cloud",No preference,Chennai,3 months,19,Free,2,2,1,4,4,2,1,0,1,0,3,0,4,1,3,2,3,2,1,1,0,3,2,1,1,0,3,3,2,3,1,1,4
P0428,User_0428,user0428@example.com,Job seeker,MCA,IT,Graduated,2027,College D,62.19,Machine learning project,2 internships,Cloud fundamentals,Cybersecurity Analyst,Cybersecurity Analyst,Learn a new field,"Business, Databases",No preference,Pune,12 months,27,Under 5000,1,2,2,1,3,2,2,0,2,0,4,4,2,0,0,0,4,2,1,4,1,1,1,2,2,4,2,3,0,2,0,1,0
P0429,User_0429,user0429@example.com,Student,Diploma,ECE,3rd,2028,Other,73.7,Data analysis dashboard,None,Cloud fundamentals,Software Developer,Database Administrator,Switch career,"AI/ML, Cybersecurity",Onsite,Mumbai,24 months,30,Under 5000,0,1,4,1,0,1,3,1,0,1,1,3,3,3,0,1,1,0,0,2,3,0,2,1,0,3,0,4,2,2,4,0,2
P0430,User_0430,user0430@example.com,Student,MCA,ECE,2nd,2029,College A,67.6,No project yet,1 internship - 3 months,Java,Cloud Engineer,Cloud Engineer,Build portfolio,Business,Remote,Bengaluru,18 months,40,Free,1,2,1,0,3,1,3,3,4,2,1,3,2,4,0,1,3,2,2,4,0,0,2,2,0,3,1,2,1,1,3,1,1
P0431,User_0431,user0431@example.com,Student,M.Tech,Mechanical,1st,2029,Other,57.18,E-commerce website,1 internship - 3 months,Data analytics,Cloud Engineer,Business Analyst,Build portfolio,Data,Remote,Mumbai,24 months,21,25000+,4,1,1,1,1,3,0,1,4,0,0,4,0,1,0,1,2,0,1,3,2,0,1,0,1,3,1,0,0,1,0,0,1
P0432,User_0432,user0432@example.com,Student,BCA,EEE,2nd,2030,College D,66.56,Data analysis dashboard,2 internships,Web development,UI/UX Designer,Software Developer,Prepare for internship,AI/ML,Onsite,Delhi,6 months,14,Under 5000,1,4,3,4,3,0,1,3,2,0,3,2,3,2,3,1,0,2,0,0,0,2,1,1,2,1,0,0,2,2,0,2,3
P0433,User_0433,user0433@example.com,Student,M.Tech,Civil,3rd,2029,College C,72.46,CRUD web application,1 internship - 3 months,Cloud fundamentals,Cloud Engineer,Business Analyst,Become job-ready,"Design, AI/ML, Cybersecurity",Remote,Bengaluru,24 months,4,Under 5000,4,3,1,2,2,0,0,1,2,3,0,4,3,2,0,0,2,2,1,4,0,2,0,2,1,3,0,1,2,2,1,3,0
P0434,User_0434,user0434@example.com,Student,B.Sc,Mechanical,1st,2026,College D,73.93,Portfolio website,1 internship - 6 months,Cloud fundamentals,Web Developer,Cybersecurity Analyst,Become job-ready,"Coding, AI/ML, Cybersecurity",Onsite,Chennai,18 months,18,10000-25000,0,2,1,3,0,2,0,2,4,2,0,2,3,1,2,0,3,1,4,4,3,1,1,3,1,0,3,0,2,1,1,2,2
P0435,User_0435,user0435@example.com,Job seeker,B.E./B.Tech,Mechanical,Graduated,2027,College B,87.94,Portfolio website,2 internships,Data analytics,Data Analyst,Cloud Engineer,Switch career,"Coding, Cloud",Onsite,Kolhapur,6 months,39,Under 5000,1,3,3,1,0,3,0,1,3,3,1,3,3,1,4,1,1,0,2,1,2,2,0,3,2,3,2,3,2,4,2,3,2
P0436,User_0436,user0436@example.com,Student,M.Sc,Arts,1st,2029,Other,80.72,UI/UX prototype,2 internships,Multiple certifications,Database Administrator,QA Engineer,Build portfolio,AI/ML,Remote,Delhi,24 months,14,5000-10000,1,1,0,0,1,2,3,4,0,3,0,2,2,1,1,0,1,2,3,2,3,0,4,3,4,4,1,3,0,3,2,1,2
P0437,User_0437,user0437@example.com,Student,MCA,IT,4th,2028,College C,84.3,E-commerce website,1 internship - 2 months,None,Web Developer,QA Engineer,Become job-ready,Databases,No preference,Hyderabad,12 months,21,10000-25000,1,0,2,4,0,2,2,1,1,2,2,3,4,1,0,2,1,2,2,2,4,0,2,0,0,2,4,0,1,0,3,0,3
P0438,User_0438,user0438@example.com,Job seeker,BCA,EEE,Graduated,2026,College A,73.11,UI/UX prototype,1 internship - 6 months,None,QA Engineer,Data Scientist,Build portfolio,"Cybersecurity, Design, Databases",Onsite,Pune,24 months,31,5000-10000,3,3,1,2,1,1,0,4,1,1,0,1,1,3,2,1,1,0,2,1,1,1,1,0,3,4,1,4,3,1,1,2,3
P0439,User_0439,user0439@example.com,Student,B.Com,Civil,1st,2026,Other,67.87,Database management project,1 internship - 2 months,Data analytics,ML Engineer,QA Engineer,Learn a new field,"Business, Cloud",Onsite,Hyderabad,3 months,33,5000-10000,0,0,2,0,0,2,2,1,2,0,4,4,1,0,1,2,2,3,0,2,2,3,3,3,3,2,1,4,2,2,3,2,1
P0440,User_0440,user0440@example.com,Student,M.Sc,Commerce,3rd,2027,Other,67.8,UI/UX prototype,1 internship - 2 months,SQL,Database Administrator,QA Engineer,Become job-ready,Web development,No preference,Hyderabad,3 months,34,25000+,3,2,0,2,1,0,2,3,2,3,0,0,0,3,2,2,3,1,4,0,0,1,1,0,2,3,1,3,1,2,4,0,1
P0441,User_0441,user0441@example.com,Student,MCA,Civil,3rd,2027,College B,73.41,No project yet,1 internship - 3 months,Cybersecurity,Cloud Engineer,Data Analyst,Prepare for internship,"Web development, Coding, Cybersecurity",No preference,Mumbai,18 months,10,25000+,2,2,0,4,1,2,1,1,4,2,0,3,1,3,0,3,3,2,1,2,2,2,2,2,1,4,1,3,2,1,1,1,0
P0442,User_0442,user0442@example.com,Working professional,BCA,Arts,Graduated,2030,College C,69.78,Cloud deployment project,2 internships,Python,UI/UX Designer,Database Administrator,Learn a new field,"Business, Coding",No preference,Kolhapur,18 months,36,25000+,3,0,0,2,3,3,0,2,2,4,3,1,4,1,3,0,3,1,1,1,1,1,2,1,1,1,2,0,3,3,1,2,4
P0443,User_0443,user0443@example.com,Working professional,MCA,Commerce,Graduated,2030,Other,60.76,CRUD web application,None,Web development,Data Scientist,UI/UX Designer,Become job-ready,"AI/ML, Cybersecurity, Business",Onsite,Bengaluru,12 months,10,25000+,1,2,1,0,0,0,0,1,0,0,1,0,0,2,2,0,3,4,1,3,0,4,2,3,2,4,2,1,2,4,0,3,0
P0444,User_0444,user0444@example.com,Student,B.E./B.Tech,Other,4th,2028,College C,94.27,No project yet,2 internships,SQL,QA Engineer,UI/UX Designer,Prepare for internship,"Cloud, Web development, AI/ML",Remote,Mumbai,12 months,3,Free,3,1,1,3,3,0,1,1,1,1,1,3,2,2,4,1,2,0,1,0,0,0,3,3,0,3,1,1,4,1,2,1,0
P0445,User_0445,user0445@example.com,Student,B.Com,Computer Science,2nd,2027,College B,79.53,E-commerce website,1 internship - 6 months,Cloud fundamentals,ML Engineer,DevOps Engineer,Prepare for internship,Data,No preference,Bengaluru,3 months,28,5000-10000,3,4,2,2,2,3,4,2,3,0,1,3,1,2,3,2,2,4,2,1,3,2,1,3,0,3,1,4,1,3,3,1,1
P0446,User_0446,user0446@example.com,Student,BCA,Mechanical,3rd,2030,College C,76.79,E-commerce website,1 internship - 6 months,Cloud fundamentals,Database Administrator,QA Engineer,Get a job,"AI/ML, Data",No preference,Hyderabad,24 months,23,Free,3,1,2,0,3,2,2,2,1,4,2,0,0,2,0,2,4,2,3,4,0,0,1,3,2,1,1,4,1,2,2,0,1
P0447,User_0447,user0447@example.com,Student,Diploma,ECE,4th,2029,College D,73.1,Cloud deployment project,None,Cybersecurity,Cloud Engineer,Web Developer,Become job-ready,"AI/ML, Data, Cloud",No preference,Chennai,18 months,13,10000-25000,1,0,0,0,0,1,0,2,1,3,1,4,0,2,3,2,3,3,2,3,2,2,3,1,2,2,3,3,1,1,2,0,0
P0448,User_0448,user0448@example.com,Student,BCA,Civil,1st,2029,College A,59.4,Database management project,1 internship - 3 months,Cybersecurity,Web Developer,Cloud Engineer,Prepare for internship,"Databases, Cloud",No preference,Kolhapur,18 months,9,Under 5000,0,4,2,4,1,3,3,0,3,0,2,4,3,2,1,3,0,1,1,0,3,1,2,0,3,2,3,2,1,1,1,0,0
P0449,User_0449,user0449@example.com,Student,M.Tech,ECE,2nd,2027,College A,65.11,UI/UX prototype,2 internships,SQL,Web Developer,Cybersecurity Analyst,Switch career,"Coding, Cloud, Cybersecurity",No preference,Mumbai,12 months,16,10000-25000,2,2,1,4,1,2,1,2,0,0,2,3,4,3,3,0,0,3,2,3,3,4,2,1,0,2,2,3,4,2,3,1,1
P0450,User_0450,user0450@example.com,Student,M.Sc,Commerce,2nd,2030,College D,80.23,CRUD web application,None,Web development,ML Engineer,Cybersecurity Analyst,Build portfolio,"Data, Business, Coding",Hybrid,Kolhapur,12 months,3,10000-25000,2,0,1,0,2,2,1,1,3,0,0,3,1,2,1,1,2,3,1,0,1,1,0,0,2,3,0,3,2,3,4,1,1
P0451,User_0451,user0451@example.com,Student,B.E./B.Tech,Mechanical,3rd,2029,College B,63.23,No project yet,2 internships,Java,Software Developer,Business Analyst,Become job-ready,Data,Onsite,Kolhapur,6 months,26,Under 5000,1,1,4,0,1,2,2,3,2,1,1,4,0,3,0,0,0,1,3,4,2,1,2,2,3,2,1,1,1,0,1,1,0
P0452,User_0452,user0452@example.com,Student,M.Sc,Commerce,3rd,2030,Other,72.2,Cybersecurity mini project,2 internships,Web development,ML Engineer,Data Scientist,Switch career,"Coding, AI/ML",Onsite,Pune,24 months,17,5000-10000,0,4,0,4,0,2,0,1,2,0,2,3,0,0,2,1,1,2,0,0,0,0,1,4,2,2,2,3,3,3,3,0,1
P0453,User_0453,user0453@example.com,Student,BBA,EEE,2nd,2028,College D,72.37,E-commerce website,2 internships,Data analytics,Data Scientist,Cybersecurity Analyst,Learn a new field,Cloud,Onsite,Delhi,6 months,29,25000+,1,1,2,2,3,0,2,2,2,0,1,0,1,2,1,0,1,4,1,1,3,3,2,3,0,4,3,3,2,3,1,1,2
P0454,User_0454,user0454@example.com,Working professional,B.E./B.Tech,Commerce,Graduated,2028,College B,81.95,Cybersecurity mini project,2 internships,Web development,Database Administrator,UI/UX Designer,Get a job,"Cybersecurity, Data, Web development",Remote,Chennai,24 months,7,Under 5000,2,2,1,2,3,2,3,4,0,0,3,2,1,3,0,0,3,0,3,2,3,4,4,1,0,3,3,3,1,1,1,2,0
P0455,User_0455,user0455@example.com,Student,B.Sc,Commerce,3rd,2027,Other,89.42,Cloud deployment project,1 internship - 6 months,SQL,Business Analyst,Database Administrator,Learn a new field,Data,Hybrid,Pune,6 months,30,10000-25000,1,0,0,3,3,1,1,0,3,0,0,1,1,1,2,2,2,0,2,2,0,4,4,1,2,2,2,3,0,3,3,2,4
P0456,User_0456,user0456@example.com,Student,BCA,Arts,4th,2030,College C,58.54,Database management project,1 internship - 2 months,Cloud fundamentals,Database Administrator,Software Developer,Get a job,"Data, Cloud, Coding",No preference,Any location,24 months,37,Under 5000,1,3,0,2,0,1,3,4,2,0,1,4,0,2,2,0,2,0,2,1,0,2,3,0,2,2,2,4,0,2,0,0,4
P0457,User_0457,user0457@example.com,Student,B.Com,Other,3rd,2026,College D,77.62,Data analysis dashboard,None,SQL,Software Developer,QA Engineer,Get a job,"Cybersecurity, Data",No preference,Mumbai,6 months,28,25000+,0,1,3,0,0,1,3,2,2,2,0,3,3,2,3,0,2,3,3,3,1,1,0,4,3,3,0,2,4,2,1,3,3
P0458,User_0458,user0458@example.com,Student,M.Sc,Civil,4th,2030,College A,56.5,E-commerce website,1 internship - 3 months,Cybersecurity,Cloud Engineer,QA Engineer,Build portfolio,Data,Hybrid,Mumbai,18 months,16,Free,1,1,1,3,3,2,0,3,4,0,2,4,3,4,1,1,4,0,3,3,2,1,0,3,1,3,1,3,3,0,3,0,1
P0459,User_0459,user0459@example.com,Student,BBA,Commerce,4th,2026,Other,94.62,No project yet,1 internship - 3 months,Multiple certifications,Database Administrator,Business Analyst,Learn a new field,"Cybersecurity, Coding, Business",Hybrid,Chennai,18 months,24,5000-10000,4,0,2,0,1,0,2,1,1,1,1,2,4,0,0,1,4,1,4,0,2,2,4,0,2,3,2,1,2,2,2,2,1
P0460,User_0460,user0460@example.com,Student,Diploma,Computer Science,4th,2030,College B,55.31,E-commerce website,2 internships,None,QA Engineer,Cloud Engineer,Prepare for internship,"Cloud, Data, Cybersecurity",Onsite,Mumbai,3 months,9,5000-10000,3,0,1,1,3,3,0,2,0,0,1,4,1,3,1,3,1,2,0,3,2,1,3,0,3,3,4,3,2,0,2,3,3
P0461,User_0461,user0461@example.com,Student,M.Sc,ECE,1st,2030,College D,75.97,E-commerce website,1 internship - 3 months,Python,QA Engineer,Software Developer,Prepare for internship,"Design, Business, Cloud",Remote,Mumbai,3 months,3,5000-10000,0,0,2,0,2,1,1,1,3,1,1,3,2,1,1,0,2,1,2,0,1,2,2,3,1,0,3,4,2,4,3,4,0
P0462,User_0462,user0462@example.com,Student,B.E./B.Tech,ECE,1st,2030,College A,67.76,Machine learning project,2 internships,Web development,Web Developer,Cybersecurity Analyst,Become job-ready,"Cybersecurity, Databases",Hybrid,Delhi,18 months,39,5000-10000,2,3,2,3,1,2,3,0,2,2,0,3,3,2,4,1,3,0,0,0,3,2,2,0,0,1,4,2,2,0,4,1,2
P0463,User_0463,user0463@example.com,Student,Diploma,ECE,3rd,2030,Other,61.43,Machine learning project,None,Multiple certifications,Database Administrator,Database Administrator,Build portfolio,"Cybersecurity, Business",Hybrid,Hyderabad,12 months,26,10000-25000,2,2,0,2,0,3,0,3,4,2,0,1,3,1,3,1,3,2,3,1,0,1,3,1,0,3,0,3,3,1,2,1,3
P0464,User_0464,user0464@example.com,Student,BCA,EEE,2nd,2028,Other,91.86,No project yet,1 internship - 3 months,Cloud fundamentals,DevOps Engineer,Data Analyst,Become job-ready,"AI/ML, Cybersecurity",No preference,Bengaluru,3 months,6,5000-10000,4,0,3,3,1,2,0,0,3,0,1,4,1,1,0,2,3,0,3,2,1,1,1,3,2,0,0,1,3,0,1,1,0
P0465,User_0465,user0465@example.com,Job seeker,Diploma,Mechanical,Graduated,2030,College A,59.25,Portfolio website,1 internship - 2 months,Java,Software Developer,Data Scientist,Learn a new field,Databases,Onsite,Bengaluru,12 months,7,25000+,3,0,3,0,3,2,1,0,1,4,2,4,0,1,1,3,0,0,2,2,3,1,0,3,3,3,4,4,2,4,0,0,0
P0466,User_0466,user0466@example.com,Student,M.Sc,IT,3rd,2026,College A,79.6,Cloud deployment project,1 internship - 6 months,Cloud fundamentals,Data Scientist,Cybersecurity Analyst,Prepare for internship,"Cloud, Cybersecurity",Remote,Mumbai,18 months,29,10000-25000,1,1,2,0,2,0,2,1,0,0,3,1,2,1,1,1,1,4,1,2,2,3,3,2,1,4,2,4,0,2,4,2,1
P0467,User_0467,user0467@example.com,Student,BBA,ECE,1st,2029,College A,58.33,Data analysis dashboard,1 internship - 6 months,Multiple certifications,Cloud Engineer,Data Analyst,Become job-ready,"Cloud, Design, Cybersecurity",Hybrid,Bengaluru,3 months,15,Free,4,2,1,1,2,2,2,0,0,2,2,4,2,1,0,2,4,2,0,2,2,1,2,2,1,3,3,2,0,0,0,2,0
P0468,User_0468,user0468@example.com,Student,B.Com,Computer Science,4th,2029,College B,89.86,Cloud deployment project,1 internship - 2 months,Cybersecurity,Software Developer,Cybersecurity Analyst,Get a job,"Cloud, AI/ML",Onsite,Any location,6 months,28,5000-10000,3,0,4,2,0,2,3,2,3,2,0,2,1,3,2,3,1,0,4,2,1,1,1,2,3,3,1,1,4,3,3,0,0
P0469,User_0469,user0469@example.com,Student,B.Sc,Arts,4th,2030,College B,65.3,Database management project,1 internship - 2 months,SQL,Cybersecurity Analyst,ML Engineer,Prepare for internship,"Design, Coding, Cloud",Remote,Kolhapur,24 months,29,Free,3,0,3,0,4,3,1,3,1,1,1,3,1,2,0,1,4,1,1,2,1,2,1,4,2,4,1,3,3,3,0,2,3
P0470,User_0470,user0470@example.com,Student,BCA,Arts,2nd,2029,College D,55.47,Portfolio website,2 internships,Cloud fundamentals,ML Engineer,Data Scientist,Build portfolio,"Data, Databases",Onsite,Kolhapur,24 months,32,10000-25000,1,2,1,0,0,0,3,1,4,2,3,3,2,1,1,1,2,4,0,0,1,2,0,0,0,3,0,3,2,4,4,3,2
P0471,User_0471,user0471@example.com,Student,B.Com,Mechanical,4th,2026,College A,89.68,No project yet,1 internship - 2 months,None,Data Scientist,Data Analyst,Switch career,"Design, Databases, AI/ML",Hybrid,Mumbai,24 months,37,Under 5000,0,0,0,2,0,3,3,3,2,1,1,1,1,1,4,1,0,4,1,1,2,0,2,2,4,3,1,4,2,3,1,3,2
P0472,User_0472,user0472@example.com,Student,M.Sc,EEE,4th,2026,Other,80.57,Cybersecurity mini project,1 internship - 6 months,Data analytics,Cybersecurity Analyst,Web Developer,Build portfolio,"Web development, Coding",Hybrid,Chennai,12 months,13,10000-25000,0,2,3,0,0,3,1,1,2,1,2,4,0,3,0,1,3,2,2,1,1,0,1,1,0,3,3,3,2,3,0,2,0
P0473,User_0473,user0473@example.com,Student,Diploma,Civil,1st,2030,College A,78.52,Cloud deployment project,2 internships,SQL,Web Developer,Cloud Engineer,Switch career,"Cybersecurity, Cloud",No preference,Kolhapur,24 months,23,5000-10000,1,3,1,1,4,2,0,1,3,0,3,3,3,2,3,0,0,1,3,1,4,4,0,2,1,3,3,2,2,0,0,1,1
P0474,User_0474,user0474@example.com,Student,B.Com,Civil,1st,2029,College A,93.73,Cloud deployment project,None,Java,Data Scientist,Software Developer,Become job-ready,"AI/ML, Design",No preference,Bengaluru,3 months,20,25000+,1,0,0,2,2,1,1,1,2,0,3,2,1,0,2,1,1,3,1,2,0,4,2,0,2,3,0,4,0,4,1,2,2
P0475,User_0475,user0475@example.com,Student,BCA,Computer Science,3rd,2030,Other,80.24,Database management project,1 internship - 6 months,Web development,Database Administrator,Web Developer,Build portfolio,Databases,Hybrid,Chennai,12 months,8,10000-25000,3,0,2,0,1,3,2,4,0,1,1,1,2,2,0,2,3,1,3,1,1,1,0,2,0,4,0,1,0,3,0,1,1
P0476,User_0476,user0476@example.com,Student,B.E./B.Tech,Civil,4th,2026,College D,83.35,No project yet,None,Python,Cloud Engineer,Data Analyst,Build portfolio,"Coding, Data",Remote,Pune,24 months,3,Free,4,1,0,2,2,1,0,1,3,0,2,2,3,3,3,4,3,2,0,3,0,2,0,0,0,3,4,2,1,1,1,2,1
P0477,User_0477,user0477@example.com,Student,M.Tech,ECE,4th,2028,College C,89.33,E-commerce website,1 internship - 3 months,Java,Data Analyst,Database Administrator,Prepare for internship,"AI/ML, Cloud, Cybersecurity",No preference,Kolhapur,12 months,35,Free,1,2,2,2,3,3,2,3,3,2,1,1,2,1,3,2,0,2,1,0,1,0,3,3,3,3,3,3,0,2,3,0,4
P0478,User_0478,user0478@example.com,Working professional,Diploma,Computer Science,Graduated,2030,College A,84.08,UI/UX prototype,2 internships,SQL,Software Developer,ML Engineer,Become job-ready,Web development,Remote,Kolhapur,24 months,29,Under 5000,3,2,4,2,0,1,1,1,2,2,1,3,2,3,0,0,3,1,2,2,3,2,0,0,3,4,3,3,2,3,0,0,3
P0479,User_0479,user0479@example.com,Student,BBA,EEE,1st,2026,Other,72.31,CRUD web application,None,Data analytics,Cybersecurity Analyst,Data Scientist,Become job-ready,"Web development, Cybersecurity, Design",No preference,Hyderabad,6 months,16,Free,2,1,1,3,2,2,2,2,0,3,2,3,1,0,2,1,3,2,1,4,0,0,2,1,1,4,2,3,1,2,1,1,0
P0480,User_0480,user0480@example.com,Student,B.Sc,ECE,4th,2029,College D,58.43,E-commerce website,1 internship - 6 months,Web development,UI/UX Designer,Cloud Engineer,Switch career,"Web development, Coding, Cloud",Onsite,Kolhapur,24 months,13,25000+,2,0,1,3,3,1,1,3,2,2,2,3,3,2,1,1,1,3,2,1,4,1,0,1,3,2,0,2,1,2,2,1,3
P0481,User_0481,user0481@example.com,Job seeker,B.E./B.Tech,ECE,Graduated,2028,Other,72.14,E-commerce website,1 internship - 3 months,Python,QA Engineer,Software Developer,Learn a new field,"Web development, Business, Coding",Hybrid,Pune,3 months,8,25000+,3,1,2,1,2,0,1,1,0,1,1,3,1,4,3,1,0,3,3,1,2,0,0,0,2,4,0,3,4,2,1,3,0
P0482,User_0482,user0482@example.com,Student,M.Sc,Computer Science,4th,2028,College B,91.19,Data analysis dashboard,None,None,Data Analyst,QA Engineer,Learn a new field,"Cybersecurity, Coding",No preference,Kolhapur,12 months,9,25000+,1,2,2,1,1,3,1,2,4,3,2,2,2,0,0,3,1,0,2,1,2,1,0,4,0,3,2,2,0,2,0,2,3
P0483,User_0483,user0483@example.com,Student,BBA,Other,2nd,2030,College D,80.2,Cybersecurity mini project,2 internships,SQL,DevOps Engineer,Cloud Engineer,Build portfolio,"Web development, Cybersecurity",Onsite,Chennai,18 months,23,5000-10000,3,1,2,2,4,2,1,3,3,3,2,3,3,4,1,3,4,1,0,1,3,2,1,1,3,2,1,0,1,1,1,1,3
P0484,User_0484,user0484@example.com,Student,Diploma,Computer Science,4th,2029,College B,91.59,Machine learning project,1 internship - 3 months,Java,UI/UX Designer,DevOps Engineer,Prepare for internship,"Cybersecurity, Coding, Design",Hybrid,Hyderabad,12 months,30,Free,1,0,3,4,3,1,0,1,2,0,4,2,4,2,2,3,1,0,4,1,2,1,1,1,2,2,1,0,4,0,0,1,3
P0485,User_0485,user0485@example.com,Student,Diploma,Mechanical,2nd,2029,College D,91.24,E-commerce website,1 internship - 3 months,Java,Data Scientist,QA Engineer,Switch career,"Cloud, AI/ML",Remote,Pune,24 months,36,5000-10000,2,0,1,1,4,0,0,0,2,0,4,0,0,2,1,1,3,2,1,1,2,3,0,2,1,4,2,2,2,4,0,0,2
P0486,User_0486,user0486@example.com,Student,B.E./B.Tech,Civil,4th,2029,College A,75.55,Cloud deployment project,1 internship - 6 months,Java,DevOps Engineer,UI/UX Designer,Get a job,"Cloud, Data",No preference,Chennai,6 months,12,Free,2,0,2,1,1,4,1,2,4,2,3,3,2,1,0,3,4,1,1,2,0,1,0,2,0,2,3,1,0,1,1,4,0
P0487,User_0487,user0487@example.com,Student,B.Com,Other,3rd,2030,College B,71.03,CRUD web application,1 internship - 3 months,Java,Database Administrator,Cybersecurity Analyst,Get a job,AI/ML,Onsite,Kolhapur,6 months,24,Free,2,0,2,0,3,0,2,2,2,1,0,2,3,1,0,1,3,2,2,3,3,2,3,0,3,4,4,2,2,3,1,2,4
P0488,User_0488,user0488@example.com,Student,M.Tech,ECE,4th,2026,College D,60.65,Cloud deployment project,None,Web development,Data Scientist,Database Administrator,Get a job,AI/ML,Remote,Any location,6 months,33,25000+,1,1,2,1,1,2,0,2,1,0,1,1,3,1,2,2,0,4,1,3,0,1,2,2,4,3,0,3,1,3,2,0,2
P0489,User_0489,user0489@example.com,Student,BCA,Mechanical,3rd,2026,College B,80.94,Portfolio website,1 internship - 2 months,Data analytics,Data Analyst,Software Developer,Switch career,"Databases, Business, Web development",Remote,Bengaluru,12 months,26,10000-25000,0,2,0,2,0,1,0,1,2,2,0,0,1,1,0,2,1,2,2,2,1,0,1,3,0,4,0,4,1,4,0,1,2
P0490,User_0490,user0490@example.com,Student,M.Sc,IT,4th,2026,College D,94.61,Machine learning project,1 internship - 6 months,None,QA Engineer,Business Analyst,Build portfolio,Web development,Remote,Any location,24 months,37,25000+,2,2,1,0,2,0,2,1,0,0,0,3,0,2,0,2,0,0,1,0,1,0,0,1,1,3,0,1,3,0,2,4,2
P0491,User_0491,user0491@example.com,Student,B.Sc,Commerce,3rd,2026,College B,72.57,Cloud deployment project,1 internship - 6 months,Python,Business Analyst,Business Analyst,Learn a new field,"AI/ML, Business, Cybersecurity",Remote,Chennai,6 months,32,10000-25000,1,3,1,0,0,0,1,2,2,4,3,1,1,1,1,2,2,2,3,1,0,1,1,0,2,2,2,3,2,3,1,1,2
P0492,User_0492,user0492@example.com,Student,B.E./B.Tech,Arts,4th,2030,College B,59.51,CRUD web application,1 internship - 3 months,Java,Data Scientist,Cloud Engineer,Become job-ready,"Data, Design, Web development",No preference,Bengaluru,18 months,19,5000-10000,2,1,0,1,3,3,1,0,0,1,0,0,1,3,1,1,4,2,0,2,3,4,1,3,0,3,1,3,1,2,0,1,2
P0493,User_0493,user0493@example.com,Student,B.E./B.Tech,Computer Science,3rd,2027,College B,75.54,Portfolio website,1 internship - 6 months,Java,DevOps Engineer,ML Engineer,Build portfolio,"Data, Web development, Cloud",Remote,Bengaluru,3 months,29,Free,0,1,1,1,2,2,3,3,2,2,2,2,0,1,1,3,3,1,0,3,2,2,0,4,2,4,3,0,2,1,0,1,0
P0494,User_0494,user0494@example.com,Student,Diploma,Commerce,1st,2027,College A,61.73,Database management project,1 internship - 2 months,Data analytics,UI/UX Designer,DevOps Engineer,Switch career,"Cybersecurity, Data",Hybrid,Any location,6 months,27,10000-25000,0,2,2,4,3,3,1,2,1,2,4,1,3,2,4,2,1,2,1,3,0,1,0,1,1,1,1,1,0,2,2,4,4
P0495,User_0495,user0495@example.com,Student,M.Sc,Civil,3rd,2027,Other,69.29,No project yet,None,None,Web Developer,ML Engineer,Switch career,"Coding, Cybersecurity",Hybrid,Bengaluru,12 months,31,10000-25000,1,1,1,3,2,0,2,3,1,2,2,3,3,1,4,0,0,2,2,0,1,4,1,2,2,0,2,4,0,3,3,0,1
P0496,User_0496,user0496@example.com,Student,B.E./B.Tech,Other,4th,2030,College C,67.73,Machine learning project,2 internships,Cloud fundamentals,Data Scientist,Web Developer,Switch career,"Cloud, Data",No preference,Bengaluru,3 months,14,25000+,2,3,1,3,0,3,4,0,2,0,1,4,1,1,1,3,2,2,2,3,2,4,3,4,3,4,3,4,0,4,0,0,3
P0497,User_0497,user0497@example.com,Student,MCA,Arts,1st,2027,College C,60.3,Database management project,1 internship - 2 months,Python,Data Scientist,Data Analyst,Learn a new field,"Cybersecurity, Cloud",Onsite,Hyderabad,3 months,1,25000+,0,2,1,1,2,1,4,0,2,2,1,3,2,1,2,3,0,4,2,3,2,3,2,4,1,4,3,3,1,1,0,4,1
P0498,User_0498,user0498@example.com,Student,B.E./B.Tech,Civil,4th,2028,College B,79.84,Cybersecurity mini project,None,Cloud fundamentals,UI/UX Designer,Database Administrator,Learn a new field,Cloud,Remote,Bengaluru,18 months,32,Free,3,3,0,4,3,3,0,0,1,3,1,1,3,1,3,1,4,3,1,2,2,0,1,3,2,0,2,1,1,3,0,2,3
P0499,User_0499,user0499@example.com,Student,B.Com,IT,1st,2027,College C,55.09,UI/UX prototype,1 internship - 2 months,None,Cybersecurity Analyst,Cloud Engineer,Learn a new field,"Cybersecurity, Cloud, Data",Onsite,Bengaluru,12 months,18,10000-25000,1,2,1,1,0,3,0,3,0,3,2,4,0,2,1,1,3,2,2,2,2,0,1,2,1,3,4,3,2,2,0,1,0
P0500,User_0500,user0500@example.com,Job seeker,M.Sc,Civil,Graduated,2027,College C,79.04,Database management project,None,SQL,Data Scientist,DevOps Engineer,Build portfolio,"Databases, Web development, AI/ML",Hybrid,Pune,12 months,21,10000-25000,0,1,1,2,4,1,1,0,4,1,1,2,2,1,2,1,1,3,2,0,3,4,2,3,1,2,3,0,3,2,2,2,3
P0501,User_0501,user0501@example.com,Student,BCA,Other,3rd,2029,College C,55.0,Database management project,None,Data analytics,Web Developer,Cybersecurity Analyst,Get a job,"Business, Design",No preference,Pune,3 months,27,10000-25000,3,1,0,4,2,1,0,1,1,3,4,4,3,1,3,4,1,2,2,1,0,2,1,3,2,3,4,1,0,3,2,3,0
P0502,User_0502,user0502@example.com,Student,BBA,Arts,1st,2028,College D,72.11,Cybersecurity mini project,None,Java,DevOps Engineer,Data Analyst,Build portfolio,"Coding, Cybersecurity",Hybrid,Mumbai,18 months,35,Under 5000,3,1,3,2,0,2,4,1,4,4,2,3,3,4,1,4,0,1,1,3,2,3,1,1,0,4,3,3,2,1,1,2,2
P0503,User_0503,user0503@example.com,Student,B.Sc,Computer Science,2nd,2028,College D,75.35,E-commerce website,1 internship - 2 months,Cloud fundamentals,UI/UX Designer,Database Administrator,Build portfolio,"Cloud, Cybersecurity",Onsite,Bengaluru,3 months,39,25000+,2,2,2,3,3,0,1,1,1,0,4,0,1,2,3,2,2,0,3,2,0,1,3,3,0,3,2,1,1,2,0,0,3
P0504,User_0504,user0504@example.com,Student,B.Com,EEE,3rd,2028,College A,93.49,UI/UX prototype,1 internship - 3 months,Java,Web Developer,Data Scientist,Build portfolio,"Design, Cybersecurity, Business",No preference,Any location,18 months,30,25000+,2,0,0,3,1,1,3,3,1,0,0,3,3,1,3,1,2,3,1,3,3,1,0,2,3,3,3,3,1,1,2,1,1
P0505,User_0505,user0505@example.com,Student,BBA,EEE,3rd,2026,College C,73.66,Data analysis dashboard,1 internship - 2 months,Java,DevOps Engineer,Database Administrator,Learn a new field,"Databases, Coding",Remote,Mumbai,3 months,1,Under 5000,3,1,0,4,1,1,0,2,3,1,0,4,2,2,0,3,1,0,2,2,1,0,1,1,2,2,2,2,1,1,4,1,2
P0506,User_0506,user0506@example.com,Student,MCA,Other,2nd,2030,Other,70.0,No project yet,None,Data analytics,ML Engineer,UI/UX Designer,Learn a new field,"AI/ML, Design, Cybersecurity",Remote,Hyderabad,6 months,22,Under 5000,2,2,1,1,0,2,2,2,2,3,4,1,0,3,1,2,1,4,1,0,2,1,1,0,2,3,1,3,1,3,3,1,2
P0507,User_0507,user0507@example.com,Student,B.Com,Mechanical,1st,2026,Other,91.63,Portfolio website,1 internship - 2 months,SQL,Business Analyst,QA Engineer,Learn a new field,"Business, Cybersecurity, Databases",No preference,Chennai,12 months,23,10000-25000,0,4,2,0,3,1,0,1,1,2,1,0,0,1,1,0,0,1,0,1,1,0,2,3,3,2,1,2,1,4,3,0,1
P0508,User_0508,user0508@example.com,Student,MCA,Civil,3rd,2030,College B,92.7,UI/UX prototype,None,Cybersecurity,DevOps Engineer,Web Developer,Become job-ready,"Design, AI/ML",Onsite,Hyderabad,24 months,14,25000+,3,0,4,3,0,2,0,1,3,1,3,3,1,3,1,4,4,2,1,0,0,2,1,3,3,1,2,1,3,2,0,0,4
P0509,User_0509,user0509@example.com,Student,BBA,Civil,2nd,2026,College C,66.87,Portfolio website,None,Data analytics,Web Developer,DevOps Engineer,Build portfolio,Coding,Remote,Mumbai,3 months,13,25000+,1,2,0,1,0,1,3,3,0,0,2,4,3,0,3,3,2,2,0,2,1,2,3,0,1,0,4,1,4,1,1,0,0
P0510,User_0510,user0510@example.com,Student,B.E./B.Tech,Computer Science,1st,2029,Other,60.66,UI/UX prototype,1 internship - 2 months,Java,Business Analyst,UI/UX Designer,Prepare for internship,"Cloud, AI/ML, Databases",Onsite,Mumbai,18 months,8,5000-10000,1,3,1,2,3,1,3,1,2,3,4,1,2,2,0,2,0,3,3,2,1,0,1,0,3,2,0,3,0,3,1,2,2
P0511,User_0511,user0511@example.com,Job seeker,B.Com,EEE,Graduated,2027,College A,68.25,CRUD web application,1 internship - 2 months,Data analytics,QA Engineer,UI/UX Designer,Learn a new field,Cloud,Remote,Kolhapur,24 months,22,10000-25000,1,2,1,2,2,4,0,0,1,2,3,1,0,3,0,2,2,3,3,1,0,0,2,0,0,2,0,3,3,3,2,3,2
P0512,User_0512,user0512@example.com,Student,M.Sc,Other,4th,2026,College D,80.89,E-commerce website,1 internship - 3 months,Cybersecurity,Software Developer,Data Analyst,Become job-ready,"Cybersecurity, Data, Business",Remote,Mumbai,3 months,25,Under 5000,3,0,3,0,3,0,0,2,3,3,1,4,1,4,4,0,2,1,0,1,2,1,1,4,1,1,3,3,3,1,0,1,1
P0513,User_0513,user0513@example.com,Student,B.E./B.Tech,Commerce,4th,2029,College A,87.31,Machine learning project,None,Data analytics,UI/UX Designer,ML Engineer,Become job-ready,"Cybersecurity, AI/ML, Design",No preference,Chennai,12 months,26,10000-25000,1,3,1,3,3,1,3,2,2,0,0,1,4,2,4,1,2,2,2,2,4,2,1,2,2,1,3,2,4,0,1,2,3
P0514,User_0514,user0514@example.com,Student,BBA,Arts,3rd,2028,College C,82.35,Data analysis dashboard,None,SQL,Business Analyst,Business Analyst,Switch career,"Cybersecurity, Data",Onsite,Any location,12 months,31,25000+,2,3,0,2,4,1,0,3,1,2,1,0,2,1,0,1,0,3,1,1,2,2,3,1,3,1,0,4,1,4,0,4,2
P0515,User_0515,user0515@example.com,Student,BBA,Other,2nd,2028,Other,74.02,Portfolio website,None,Cybersecurity,Business Analyst,QA Engineer,Prepare for internship,Coding,Onsite,Hyderabad,6 months,6,Under 5000,1,3,4,0,3,4,1,3,3,3,1,0,2,0,2,1,1,0,2,1,1,2,2,1,4,2,1,3,0,4,3,0,4
P0516,User_0516,user0516@example.com,Student,MCA,Computer Science,3rd,2028,College D,80.32,Machine learning project,2 internships,Java,UI/UX Designer,Data Analyst,Build portfolio,"Coding, Databases",Onsite,Pune,12 months,32,Under 5000,1,1,2,3,3,0,1,2,2,1,3,2,1,0,3,1,0,0,0,3,2,0,3,3,1,0,2,1,1,2,0,1,3
P0517,User_0517,user0517@example.com,Student,BBA,Commerce,4th,2030,College A,88.25,UI/UX prototype,1 internship - 3 months,Cloud fundamentals,Cloud Engineer,Cybersecurity Analyst,Get a job,"Databases, Coding, Cybersecurity",Remote,Mumbai,18 months,36,10000-25000,4,3,1,2,0,2,2,3,3,1,2,3,3,1,0,4,4,3,4,4,3,2,2,2,3,3,1,3,1,0,0,0,1
P0518,User_0518,user0518@example.com,Student,M.Sc,Arts,4th,2030,College C,85.71,CRUD web application,1 internship - 3 months,Cybersecurity,Cybersecurity Analyst,Software Developer,Build portfolio,"AI/ML, Web development, Design",No preference,Bengaluru,12 months,1,Free,1,0,2,1,0,3,2,1,2,1,1,3,1,2,0,2,3,2,1,3,1,2,2,0,0,3,2,3,2,0,3,0,2
P0519,User_0519,user0519@example.com,Student,BBA,ECE,2nd,2028,College D,84.87,Data analysis dashboard,2 internships,Data analytics,Cybersecurity Analyst,ML Engineer,Build portfolio,"Design, Coding",Hybrid,Mumbai,18 months,38,10000-25000,0,2,1,4,2,2,3,2,1,3,2,3,1,2,3,2,3,1,0,4,1,1,1,0,1,3,2,3,0,1,3,1,0
P0520,User_0520,user0520@example.com,Student,BCA,Arts,3rd,2027,Other,87.99,Cloud deployment project,1 internship - 6 months,None,Software Developer,Web Developer,Get a job,Business,Remote,Any location,12 months,2,25000+,0,3,3,3,2,0,2,0,0,2,2,3,1,3,1,1,3,4,1,2,1,4,2,1,3,4,0,3,2,2,2,4,1
P0521,User_0521,user0521@example.com,Student,M.Sc,Commerce,1st,2030,College B,65.8,Database management project,None,Web development,QA Engineer,Web Developer,Prepare for internship,AI/ML,Onsite,Delhi,3 months,35,Under 5000,0,3,2,1,0,1,2,2,2,1,1,3,3,3,2,1,2,0,2,2,2,2,2,3,1,3,0,4,4,1,0,4,2
P0522,User_0522,user0522@example.com,Working professional,MCA,Computer Science,Graduated,2028,College A,60.66,Cloud deployment project,1 internship - 2 months,Cybersecurity,Database Administrator,UI/UX Designer,Become job-ready,Business,No preference,Chennai,24 months,38,Free,0,1,0,1,3,0,2,4,0,1,2,0,1,2,2,1,4,0,3,1,0,2,4,3,0,1,1,4,3,2,1,1,3
P0523,User_0523,user0523@example.com,Student,M.Sc,Civil,1st,2028,College B,57.32,Machine learning project,1 internship - 6 months,Web development,Web Developer,UI/UX Designer,Learn a new field,Web development,Remote,Bengaluru,18 months,2,10000-25000,3,2,4,4,0,1,2,1,0,1,3,3,4,1,4,0,1,2,1,4,4,1,1,2,1,1,2,1,3,1,3,0,0
P0524,User_0524,user0524@example.com,Student,M.Tech,Commerce,2nd,2029,College B,93.34,No project yet,1 internship - 3 months,None,UI/UX Designer,DevOps Engineer,Prepare for internship,"Databases, Business",Remote,Hyderabad,24 months,5,25000+,1,0,2,3,3,0,1,0,0,0,3,0,2,1,1,0,0,0,0,1,0,1,3,1,1,3,0,2,4,2,1,0,3
P0525,User_0525,user0525@example.com,Student,B.E./B.Tech,Arts,1st,2030,College B,78.18,CRUD web application,2 internships,Python,UI/UX Designer,DevOps Engineer,Get a job,"Design, Data, Business",No preference,Hyderabad,6 months,26,Free,1,0,1,3,4,0,0,3,0,3,3,2,3,1,3,2,0,0,2,2,0,2,1,3,2,2,4,2,2,2,0,0,4
P0526,User_0526,user0526@example.com,Student,B.E./B.Tech,Arts,3rd,2027,College A,67.17,Cloud deployment project,1 internship - 3 months,Cybersecurity,Cybersecurity Analyst,Web Developer,Prepare for internship,"Cybersecurity, Design, Coding",Onsite,Bengaluru,3 months,2,25000+,3,0,0,3,2,4,1,0,2,0,0,3,3,0,2,1,4,1,0,4,2,0,4,1,2,4,0,4,2,0,1,0,3
P0527,User_0527,user0527@example.com,Student,B.E./B.Tech,Other,4th,2028,College B,67.41,E-commerce website,1 internship - 6 months,Web development,Cybersecurity Analyst,QA Engineer,Learn a new field,"Databases, Coding, Business",No preference,Bengaluru,3 months,25,10000-25000,1,4,2,1,2,4,1,2,2,0,3,1,1,0,0,1,3,0,2,1,1,3,1,1,4,3,3,4,2,2,0,1,2
P0528,User_0528,user0528@example.com,Student,B.Com,Arts,4th,2029,College D,67.27,CRUD web application,None,Python,Data Scientist,DevOps Engineer,Switch career,Business,Hybrid,Delhi,18 months,37,5000-10000,0,0,1,2,2,2,1,3,4,3,1,3,0,0,1,3,3,3,2,4,2,2,0,1,1,0,1,3,1,3,2,2,3
P0529,User_0529,user0529@example.com,Job seeker,M.Tech,Arts,Graduated,2029,College D,78.57,Database management project,None,SQL,DevOps Engineer,Business Analyst,Build portfolio,"Databases, AI/ML, Cybersecurity",Remote,Mumbai,3 months,15,10000-25000,2,2,1,0,2,0,1,1,4,0,0,0,1,4,1,4,4,0,1,2,2,0,3,2,3,1,1,3,2,1,2,3,3
P0530,User_0530,user0530@example.com,Job seeker,BBA,Arts,Graduated,2028,College B,74.3,Cloud deployment project,1 internship - 2 months,Cloud fundamentals,Data Scientist,Software Developer,Get a job,AI/ML,No preference,Hyderabad,12 months,33,25000+,4,0,2,1,0,2,1,4,2,0,0,0,2,2,0,0,2,4,1,1,2,4,3,4,4,3,4,3,0,4,1,1,0
P0531,User_0531,user0531@example.com,Student,B.Sc,IT,2nd,2029,College D,91.9,CRUD web application,1 internship - 6 months,None,UI/UX Designer,Database Administrator,Become job-ready,Design,Onsite,Any location,24 months,36,25000+,1,1,2,3,2,4,2,2,1,0,2,1,3,0,4,1,4,1,4,4,1,3,1,3,4,2,2,1,1,2,0,2,4
P0532,User_0532,user0532@example.com,Student,B.E./B.Tech,Arts,3rd,2030,College D,79.78,Cybersecurity mini project,1 internship - 3 months,Cloud fundamentals,DevOps Engineer,QA Engineer,Learn a new field,Databases,Remote,Pune,12 months,18,10000-25000,2,3,1,3,2,1,0,1,3,1,2,2,3,2,1,2,0,0,0,2,0,0,1,2,0,3,1,0,3,0,0,2,2
P0533,User_0533,user0533@example.com,Student,B.Sc,EEE,2nd,2026,Other,80.37,E-commerce website,1 internship - 6 months,Python,Cloud Engineer,Software Developer,Get a job,"Web development, Design",Hybrid,Pune,3 months,33,25000+,2,1,2,0,0,0,2,2,3,0,0,4,1,1,3,1,4,3,3,2,2,1,4,0,0,3,1,2,0,0,0,1,1
P0534,User_0534,user0534@example.com,Student,M.Tech,IT,3rd,2026,College C,91.59,No project yet,1 internship - 2 months,None,Cloud Engineer,ML Engineer,Become job-ready,"Design, Business",No preference,Bengaluru,24 months,20,10000-25000,3,4,4,2,0,0,0,0,2,2,1,4,0,0,0,2,4,3,2,4,2,2,1,2,0,3,3,3,3,3,0,3,3
P0535,User_0535,user0535@example.com,Student,BCA,Other,1st,2026,College C,60.01,Data analysis dashboard,2 internships,None,Data Analyst,DevOps Engineer,Become job-ready,Cloud,No preference,Pune,3 months,35,Free,1,1,0,3,0,0,1,2,4,4,1,1,2,2,2,1,0,2,1,2,0,3,3,3,3,3,2,4,1,2,3,2,3
P0536,User_0536,user0536@example.com,Student,B.E./B.Tech,Mechanical,4th,2028,College B,91.74,Cloud deployment project,1 internship - 6 months,None,Database Administrator,Data Scientist,Prepare for internship,Data,Hybrid,Hyderabad,18 months,34,5000-10000,1,2,1,1,0,1,1,2,1,2,2,0,1,2,3,0,4,0,3,0,4,3,3,0,0,3,1,2,2,2,0,0,1
P0537,User_0537,user0537@example.com,Student,B.Com,Mechanical,2nd,2028,College A,83.58,Database management project,2 internships,Web development,Data Analyst,ML Engineer,Prepare for internship,Design,Onsite,Mumbai,18 months,21,25000+,0,1,0,2,2,2,2,2,3,3,1,3,4,0,2,2,0,2,0,1,2,0,1,1,2,3,0,1,4,1,1,1,0
P0538,User_0538,user0538@example.com,Student,BCA,Computer Science,2nd,2028,College D,92.34,Machine learning project,1 internship - 6 months,Cloud fundamentals,DevOps Engineer,Software Developer,Learn a new field,AI/ML,Hybrid,Bengaluru,18 months,10,Under 5000,3,2,2,2,1,1,3,3,2,0,4,3,1,0,1,2,4,2,0,4,1,1,2,0,1,2,2,1,3,0,3,0,1
P0539,User_0539,user0539@example.com,Working professional,Diploma,Arts,Graduated,2028,Other,93.44,No project yet,None,SQL,Software Developer,Web Developer,Become job-ready,"Design, Coding, AI/ML",No preference,Mumbai,12 months,15,10000-25000,0,1,3,0,0,0,2,0,0,2,1,3,1,3,3,4,1,4,0,0,3,3,2,3,1,1,2,2,3,3,0,0,3
P0540,User_0540,user0540@example.com,Student,MCA,Arts,4th,2026,Other,56.52,CRUD web application,1 internship - 3 months,SQL,Cybersecurity Analyst,Software Developer,Get a job,"Cybersecurity, Databases, Coding",Hybrid,Chennai,3 months,33,Free,1,3,3,1,2,2,1,2,4,1,0,4,0,1,3,0,3,1,1,4,1,1,0,2,1,4,1,3,0,2,2,1,1
P0541,User_0541,user0541@example.com,Student,M.Tech,ECE,4th,2027,College B,73.32,Data analysis dashboard,None,Multiple certifications,Business Analyst,Cybersecurity Analyst,Build portfolio,Cloud,Hybrid,Pune,18 months,29,25000+,0,2,3,1,3,1,0,1,4,3,0,3,2,0,4,1,1,1,1,2,3,3,0,1,1,2,1,3,2,4,1,0,0
P0542,User_0542,user0542@example.com,Student,BBA,Commerce,2nd,2027,College A,83.79,Cybersecurity mini project,1 internship - 2 months,Python,Data Scientist,Data Analyst,Switch career,"Coding, Business, Data",Hybrid,Chennai,12 months,38,Under 5000,2,2,0,1,0,1,1,3,2,2,4,1,2,1,1,1,1,4,1,1,2,4,1,3,1,3,3,3,1,2,1,1,0
P0543,User_0543,user0543@example.com,Student,M.Tech,Commerce,4th,2026,College D,63.58,Machine learning project,2 internships,Multiple certifications,Data Scientist,Data Scientist,Switch career,"AI/ML, Cloud",Onsite,Bengaluru,3 months,25,Free,2,2,1,0,2,0,1,2,0,2,3,0,1,1,0,3,0,3,0,1,3,3,0,1,1,3,0,4,2,3,2,2,0
P0544,User_0544,user0544@example.com,Student,MCA,Arts,4th,2030,College A,88.04,CRUD web application,1 internship - 2 months,Data analytics,Software Developer,Web Developer,Become job-ready,Design,Onsite,Pune,12 months,34,Free,2,1,3,2,2,0,0,2,2,0,4,3,2,3,1,2,0,2,2,1,1,2,0,1,1,3,1,0,0,0,0,4,0
P0545,User_0545,user0545@example.com,Student,M.Tech,IT,3rd,2026,College B,70.21,Cloud deployment project,None,SQL,Cloud Engineer,Cloud Engineer,Learn a new field,Data,Remote,Hyderabad,3 months,35,25000+,3,0,1,0,0,2,1,2,4,1,2,3,1,0,0,0,3,1,2,4,3,1,0,0,2,3,2,1,1,1,2,0,1
P0546,User_0546,user0546@example.com,Student,M.Sc,IT,3rd,2029,Other,81.74,Portfolio website,1 internship - 3 months,Python,Data Scientist,ML Engineer,Switch career,"Cybersecurity, AI/ML, Business",No preference,Pune,24 months,8,5000-10000,2,1,1,0,1,2,0,1,3,0,0,2,2,0,1,3,4,3,0,1,1,3,2,2,0,1,1,3,0,1,0,3,4
P0547,User_0547,user0547@example.com,Student,Diploma,EEE,2nd,2029,College C,57.83,No project yet,None,SQL,Cloud Engineer,Cloud Engineer,Get a job,"Cloud, Data",Onsite,Kolhapur,18 months,12,10000-25000,0,2,2,3,3,1,1,3,3,0,0,2,3,1,3,1,3,3,0,3,4,2,2,1,1,2,3,3,1,2,2,3,1
P0548,User_0548,user0548@example.com,Student,BCA,Commerce,1st,2029,College B,81.15,Portfolio website,None,Web development,Cybersecurity Analyst,Cybersecurity Analyst,Become job-ready,"Coding, Data",Hybrid,Bengaluru,6 months,29,Free,0,0,2,0,1,4,0,2,0,0,1,3,1,1,0,1,3,1,1,1,1,4,1,2,3,3,2,3,1,1,1,0,0
P0549,User_0549,user0549@example.com,Student,BBA,EEE,1st,2029,College A,93.29,Portfolio website,1 internship - 3 months,Java,DevOps Engineer,Database Administrator,Build portfolio,"Databases, Design",No preference,Bengaluru,3 months,14,10000-25000,3,0,3,1,2,2,3,4,3,0,3,3,1,3,3,3,3,1,0,0,2,1,2,1,2,3,3,0,4,1,2,3,2
P0550,User_0550,user0550@example.com,Student,Diploma,Civil,3rd,2030,College B,59.74,UI/UX prototype,None,Web development,Data Scientist,Business Analyst,Get a job,Design,No preference,Kolhapur,12 months,30,Free,4,3,2,2,0,1,2,0,3,2,3,3,3,1,1,2,3,2,1,3,2,3,1,1,3,2,2,4,3,3,2,1,0
P0551,User_0551,user0551@example.com,Student,Diploma,ECE,4th,2026,College C,71.97,Portfolio website,None,None,Cloud Engineer,Cloud Engineer,Get a job,"Data, Web development, Design",No preference,Bengaluru,24 months,4,5000-10000,3,2,2,3,1,1,1,0,3,2,1,2,1,4,2,1,0,3,2,2,2,1,3,0,1,3,4,2,0,1,2,3,0
P0552,User_0552,user0552@example.com,Student,MCA,Civil,3rd,2030,College B,90.15,E-commerce website,None,Java,ML Engineer,Software Developer,Build portfolio,Data,Onsite,Mumbai,24 months,34,10000-25000,4,2,2,0,3,3,0,2,2,0,2,3,1,4,3,2,2,3,3,2,2,1,0,2,0,1,2,3,1,4,4,3,0
P0553,User_0553,user0553@example.com,Student,B.E./B.Tech,ECE,4th,2027,College C,62.4,No project yet,1 internship - 2 months,Web development,ML Engineer,Database Administrator,Build portfolio,"Cloud, Design, Databases",Hybrid,Hyderabad,12 months,11,25000+,0,1,2,2,2,3,0,1,2,2,1,2,1,1,2,2,1,3,1,3,0,2,2,2,2,3,4,2,3,2,4,3,3
P0554,User_0554,user0554@example.com,Student,B.E./B.Tech,ECE,1st,2027,College D,70.81,Cybersecurity mini project,1 internship - 6 months,SQL,ML Engineer,Software Developer,Prepare for internship,"AI/ML, Data",Onsite,Bengaluru,12 months,27,25000+,2,0,3,2,2,2,1,0,4,0,1,4,0,1,0,2,0,3,1,3,1,1,2,2,0,3,1,4,2,3,4,0,3
P0555,User_0555,user0555@example.com,Student,M.Tech,Commerce,1st,2026,College A,76.72,CRUD web application,1 internship - 2 months,Data analytics,ML Engineer,Cybersecurity Analyst,Build portfolio,"Cloud, AI/ML, Data",Onsite,Pune,24 months,14,Under 5000,0,2,0,1,2,2,4,1,0,1,3,3,2,1,1,2,2,1,4,3,1,1,2,0,1,2,1,4,0,4,3,4,1
P0556,User_0556,user0556@example.com,Student,MCA,EEE,4th,2026,College A,93.28,Cloud deployment project,None,Java,Database Administrator,Web Developer,Get a job,"Design, Web development, AI/ML",Remote,Hyderabad,24 months,6,5000-10000,4,2,4,2,1,0,3,4,2,0,1,2,1,0,2,0,3,1,4,1,0,0,2,0,1,0,1,3,1,2,1,2,1
P0557,User_0557,user0557@example.com,Job seeker,MCA,Commerce,Graduated,2028,College C,91.4,Cybersecurity mini project,None,SQL,Business Analyst,Web Developer,Get a job,Coding,No preference,Mumbai,18 months,17,10000-25000,0,3,0,2,0,1,4,0,0,1,2,1,0,3,2,2,3,2,0,1,3,2,4,2,2,4,0,3,3,4,0,1,3
P0558,User_0558,user0558@example.com,Working professional,B.Sc,ECE,Graduated,2028,College B,68.99,Cloud deployment project,2 internships,Multiple certifications,ML Engineer,ML Engineer,Learn a new field,Business,Remote,Hyderabad,18 months,29,10000-25000,2,0,2,1,2,1,0,1,2,1,1,3,1,2,1,2,1,2,0,3,2,4,1,2,2,1,2,2,1,2,3,0,0
P0559,User_0559,user0559@example.com,Student,B.Com,ECE,2nd,2030,College B,56.81,No project yet,1 internship - 2 months,Data analytics,Data Analyst,Business Analyst,Switch career,"Design, Cloud, Web development",No preference,Any location,12 months,24,10000-25000,3,2,2,2,0,0,0,1,0,3,1,1,0,1,1,1,1,0,4,1,2,4,0,4,3,4,3,3,2,3,0,1,0
P0560,User_0560,user0560@example.com,Student,MCA,Computer Science,1st,2030,Other,90.52,UI/UX prototype,1 internship - 2 months,Cloud fundamentals,DevOps Engineer,Database Administrator,Become job-ready,"Databases, Data",Onsite,Pune,18 months,9,5000-10000,3,4,0,2,2,4,2,0,4,2,1,4,1,1,2,3,1,1,1,4,3,4,2,3,0,4,3,2,4,0,2,0,2
P0561,User_0561,user0561@example.com,Student,BCA,Arts,4th,2030,College C,79.62,Machine learning project,None,None,Cloud Engineer,Database Administrator,Learn a new field,"Coding, Business, Data",Hybrid,Hyderabad,12 months,32,10000-25000,4,2,2,2,2,2,1,3,4,0,0,4,1,1,0,2,4,0,2,4,3,2,3,0,1,3,3,3,1,1,0,2,1
P0562,User_0562,user0562@example.com,Job seeker,MCA,Civil,Graduated,2026,College D,74.08,Database management project,2 internships,SQL,QA Engineer,ML Engineer,Prepare for internship,"Business, Design, Cybersecurity",Hybrid,Pune,18 months,36,Under 5000,3,2,3,1,0,4,1,2,3,2,0,3,3,3,0,2,3,4,0,1,3,2,0,2,3,2,2,3,3,2,2,1,3
P0563,User_0563,user0563@example.com,Student,MCA,Civil,2nd,2030,College D,61.24,Data analysis dashboard,1 internship - 6 months,SQL,Software Developer,Database Administrator,Learn a new field,"Design, Data",Remote,Bengaluru,6 months,19,Under 5000,4,2,1,2,1,4,1,3,2,0,2,3,0,3,0,2,0,0,2,1,0,3,1,2,1,4,1,4,2,0,2,4,3
P0564,User_0564,user0564@example.com,Student,Diploma,Commerce,3rd,2027,Other,80.96,Portfolio website,1 internship - 6 months,Cybersecurity,Data Scientist,QA Engineer,Learn a new field,AI/ML,Remote,Delhi,18 months,11,5000-10000,1,1,1,2,1,0,0,1,1,2,4,0,4,0,1,1,0,3,1,3,2,3,2,4,0,2,2,2,2,1,2,1,2
P0565,User_0565,user0565@example.com,Working professional,B.Sc,Commerce,Graduated,2028,College A,71.02,Data analysis dashboard,1 internship - 2 months,Java,ML Engineer,DevOps Engineer,Become job-ready,Business,Remote,Chennai,18 months,24,Free,1,2,0,0,1,1,3,1,1,0,1,4,1,1,1,1,3,3,2,0,0,1,4,2,2,3,3,1,1,3,4,1,1
P0566,User_0566,user0566@example.com,Student,Diploma,Other,2nd,2027,College D,86.18,Data analysis dashboard,2 internships,SQL,Business Analyst,Cybersecurity Analyst,Switch career,"Business, Web development, Design",Hybrid,Any location,24 months,18,25000+,0,3,0,0,2,3,1,2,1,3,3,3,1,2,2,0,0,2,0,2,3,0,2,2,3,2,0,0,1,0,0,0,1
P0567,User_0567,user0567@example.com,Student,BBA,ECE,3rd,2030,Other,65.43,Database management project,1 internship - 2 months,Web development,DevOps Engineer,DevOps Engineer,Get a job,"Business, Cloud, Cybersecurity",Hybrid,Chennai,12 months,32,10000-25000,4,3,3,0,0,0,2,3,4,0,0,4,1,2,0,3,3,1,1,1,2,1,1,3,1,3,0,1,3,1,0,2,3
P0568,User_0568,user0568@example.com,Student,MCA,Commerce,3rd,2030,College B,90.9,Database management project,2 internships,Data analytics,DevOps Engineer,Data Analyst,Switch career,"Data, AI/ML, Cybersecurity",Onsite,Delhi,6 months,38,5000-10000,3,3,4,0,3,1,2,4,2,1,1,1,2,1,4,4,3,0,2,1,0,0,1,3,0,3,1,1,2,1,1,2,0
P0569,User_0569,user0569@example.com,Student,B.Com,Commerce,1st,2026,College A,82.05,Portfolio website,1 internship - 3 months,Python,QA Engineer,Software Developer,Get a job,Coding,No preference,Delhi,3 months,37,Under 5000,2,0,1,0,2,0,2,2,2,1,0,4,1,3,2,2,1,3,1,0,1,0,3,1,1,3,0,4,3,2,2,3,0
P0570,User_0570,user0570@example.com,Student,B.Com,ECE,1st,2029,College C,56.57,Cybersecurity mini project,None,Cybersecurity,Software Developer,QA Engineer,Switch career,"Data, Design",Remote,Bengaluru,6 months,14,10000-25000,1,0,3,2,0,2,3,2,2,0,0,3,2,4,1,2,2,1,1,2,2,3,2,3,1,3,2,3,1,3,0,0,2
P0571,User_0571,user0571@example.com,Student,Diploma,Civil,4th,2027,College B,65.34,Cybersecurity mini project,1 internship - 3 months,Data analytics,Database Administrator,Data Scientist,Switch career,Web development,Onsite,Any location,24 months,28,Free,2,3,2,2,1,2,2,3,1,0,2,1,3,3,1,1,1,2,3,2,2,1,3,1,1,3,2,1,0,4,2,1,0
P0572,User_0572,user0572@example.com,Job seeker,B.Sc,Civil,Graduated,2030,College D,91.86,Data analysis dashboard,None,Data analytics,Web Developer,UI/UX Designer,Get a job,"Cloud, AI/ML",Onsite,Mumbai,12 months,37,10000-25000,3,0,4,4,1,3,3,4,1,2,3,3,3,2,3,3,0,1,2,0,3,0,2,2,0,1,4,1,3,0,0,2,1
P0573,User_0573,user0573@example.com,Student,M.Tech,Civil,3rd,2027,College C,55.17,Cybersecurity mini project,1 internship - 3 months,Multiple certifications,QA Engineer,Database Administrator,Prepare for internship,"Business, Cloud",Onsite,Chennai,3 months,5,5000-10000,1,2,1,1,0,0,0,1,0,2,3,3,4,4,0,1,1,1,1,3,1,0,3,0,1,4,1,4,3,2,2,3,1
P0574,User_0574,user0574@example.com,Student,B.Com,Other,1st,2029,College C,64.65,Cloud deployment project,1 internship - 2 months,Python,Database Administrator,Software Developer,Prepare for internship,"Coding, AI/ML",No preference,Kolhapur,18 months,9,Free,1,2,1,4,4,2,1,4,1,0,0,1,4,1,1,2,3,2,3,0,3,4,3,3,0,2,3,4,0,3,1,2,1
P0575,User_0575,user0575@example.com,Student,M.Sc,ECE,3rd,2026,College C,88.37,Data analysis dashboard,None,Java,UI/UX Designer,Database Administrator,Switch career,"Web development, Databases, Cybersecurity",No preference,Hyderabad,6 months,38,25000+,1,2,1,3,4,1,3,2,0,2,2,2,3,3,3,1,2,0,1,0,2,1,2,1,1,1,1,1,3,0,3,0,4
P0576,User_0576,user0576@example.com,Job seeker,M.Tech,ECE,Graduated,2029,College D,77.44,E-commerce website,None,SQL,UI/UX Designer,ML Engineer,Build portfolio,Coding,Remote,Pune,18 months,33,Under 5000,3,4,3,4,3,0,0,0,2,3,2,2,3,3,1,2,3,0,0,0,3,3,1,4,0,1,3,1,1,1,1,2,3
P0577,User_0577,user0577@example.com,Student,Diploma,Mechanical,2nd,2029,Other,79.15,Cybersecurity mini project,None,Java,QA Engineer,Business Analyst,Learn a new field,"Design, Web development",Onsite,Any location,18 months,19,Free,1,3,1,2,3,2,4,2,1,0,3,2,4,2,3,3,1,2,0,1,0,1,2,1,0,2,1,4,3,0,2,4,3
P0578,User_0578,user0578@example.com,Student,M.Tech,Computer Science,1st,2028,College B,71.87,E-commerce website,1 internship - 2 months,SQL,ML Engineer,Software Developer,Build portfolio,"Cloud, Design, Web development",No preference,Pune,24 months,38,25000+,0,1,4,1,4,1,2,2,3,1,2,2,1,2,3,1,0,4,1,2,3,2,1,2,0,4,2,1,2,3,3,1,1
P0579,User_0579,user0579@example.com,Student,M.Sc,Arts,1st,2028,College C,93.43,Cloud deployment project,1 internship - 6 months,Data analytics,Cybersecurity Analyst,Cybersecurity Analyst,Become job-ready,"Databases, Design, Cybersecurity",Hybrid,Delhi,12 months,38,Free,0,0,3,0,3,2,1,2,0,3,1,4,1,1,0,1,3,1,3,4,0,1,0,0,3,2,1,4,1,1,0,2,1
P0580,User_0580,user0580@example.com,Student,B.Com,Civil,4th,2026,College B,73.94,Cybersecurity mini project,1 internship - 3 months,Data analytics,Cybersecurity Analyst,Cloud Engineer,Become job-ready,Coding,Hybrid,Any location,6 months,14,Free,1,2,2,1,2,3,1,1,1,3,3,4,2,2,3,2,2,3,3,2,3,3,3,2,2,3,2,1,2,0,0,2,0
P0581,User_0581,user0581@example.com,Student,Diploma,Mechanical,4th,2028,College C,71.27,No project yet,1 internship - 3 months,Python,UI/UX Designer,Web Developer,Become job-ready,Cybersecurity,Remote,Mumbai,6 months,10,5000-10000,2,1,1,1,4,1,3,0,3,2,4,1,4,0,4,2,4,1,1,3,2,2,0,2,0,2,0,2,2,1,2,2,1
P0582,User_0582,user0582@example.com,Job seeker,M.Sc,IT,Graduated,2030,College A,82.04,E-commerce website,1 internship - 3 months,Data analytics,Business Analyst,Database Administrator,Get a job,Cybersecurity,Onsite,Mumbai,6 months,8,Under 5000,4,4,1,1,3,0,0,2,2,3,3,1,1,0,0,3,0,0,0,0,0,2,0,0,2,0,2,3,0,3,4,0,1
P0583,User_0583,user0583@example.com,Student,B.Com,Civil,4th,2028,College A,88.06,Portfolio website,1 internship - 6 months,Python,Cybersecurity Analyst,DevOps Engineer,Build portfolio,"Web development, Business",Hybrid,Kolhapur,12 months,26,10000-25000,1,2,3,0,1,2,2,3,2,1,4,4,2,2,0,1,0,2,2,4,0,0,1,2,1,3,3,2,2,2,0,3,0
P0584,User_0584,user0584@example.com,Student,MCA,EEE,2nd,2026,College C,75.92,Machine learning project,1 internship - 2 months,Web development,Data Analyst,Software Developer,Get a job,Coding,No preference,Mumbai,12 months,32,Free,0,3,2,0,1,3,2,4,1,1,2,3,2,2,1,3,2,4,4,4,2,2,1,4,1,3,1,0,2,3,3,3,4
P0585,User_0585,user0585@example.com,Student,MCA,Computer Science,2nd,2030,Other,91.36,Cybersecurity mini project,2 internships,Java,UI/UX Designer,UI/UX Designer,Learn a new field,Databases,No preference,Bengaluru,18 months,32,25000+,1,0,0,2,1,2,1,1,1,1,3,2,3,2,3,0,1,2,3,1,0,3,1,1,2,2,2,1,1,1,3,0,4
P0586,User_0586,user0586@example.com,Student,B.Sc,Other,1st,2030,College D,59.73,Cybersecurity mini project,1 internship - 2 months,Cybersecurity,QA Engineer,ML Engineer,Build portfolio,Data,Remote,Bengaluru,18 months,27,Free,0,4,1,0,2,1,1,1,1,3,1,3,1,4,0,0,2,0,1,0,1,3,2,1,0,3,1,0,2,2,1,4,1
P0587,User_0587,user0587@example.com,Student,Diploma,IT,1st,2027,Other,70.06,No project yet,1 internship - 6 months,Java,Web Developer,Database Administrator,Build portfolio,Business,Hybrid,Kolhapur,3 months,10,10000-25000,1,0,2,0,1,1,2,1,1,1,2,3,2,1,3,3,2,3,0,1,4,3,0,3,2,2,3,4,3,1,1,1,0
P0588,User_0588,user0588@example.com,Student,M.Tech,Computer Science,1st,2028,College B,78.76,E-commerce website,1 internship - 2 months,Web development,Business Analyst,Cybersecurity Analyst,Switch career,"Design, Web development, Business",Hybrid,Chennai,18 months,8,25000+,3,2,2,0,3,2,0,2,3,3,0,2,0,0,2,2,1,3,1,1,0,1,2,1,4,2,0,3,1,3,1,3,4
P0589,User_0589,user0589@example.com,Student,M.Sc,Arts,1st,2026,College B,82.32,Portfolio website,None,Python,Cybersecurity Analyst,Database Administrator,Switch career,"Coding, Business",Hybrid,Any location,18 months,36,Free,1,3,4,2,1,3,4,3,0,1,1,4,0,4,2,4,4,3,2,3,1,1,2,1,2,3,0,3,3,2,2,3,1
P0590,User_0590,user0590@example.com,Student,MCA,Mechanical,4th,2030,College D,93.39,Database management project,None,Python,Business Analyst,QA Engineer,Become job-ready,"Web development, AI/ML",Hybrid,Mumbai,3 months,5,10000-25000,2,1,1,4,4,2,2,0,3,3,2,3,3,3,1,1,0,4,3,1,2,1,2,3,4,3,2,3,2,3,0,0,3
P0591,User_0591,user0591@example.com,Student,M.Tech,Arts,1st,2027,College C,92.26,Portfolio website,1 internship - 6 months,Multiple certifications,Business Analyst,Data Analyst,Get a job,"Data, AI/ML, Business",Remote,Kolhapur,6 months,16,10000-25000,2,2,1,0,4,1,1,2,4,4,3,0,2,1,3,0,2,3,1,4,3,2,3,3,4,4,0,3,2,3,1,2,4
P0592,User_0592,user0592@example.com,Student,M.Sc,Commerce,4th,2030,Other,64.38,No project yet,1 internship - 2 months,Java,DevOps Engineer,UI/UX Designer,Switch career,Business,Onsite,Chennai,18 months,3,5000-10000,3,2,2,2,1,0,1,1,4,0,4,4,2,1,0,3,4,2,0,0,2,3,0,4,1,4,2,3,0,0,0,1,0
P0593,User_0593,user0593@example.com,Student,Diploma,EEE,2nd,2027,College B,55.4,E-commerce website,1 internship - 3 months,Data analytics,UI/UX Designer,Business Analyst,Get a job,Design,No preference,Hyderabad,3 months,29,10000-25000,1,1,2,3,3,3,2,2,1,1,3,0,3,1,3,2,1,1,1,2,1,2,0,3,0,1,2,2,0,1,0,2,4
P0594,User_0594,user0594@example.com,Student,BCA,Arts,2nd,2027,College D,87.98,Data analysis dashboard,1 internship - 3 months,SQL,Data Scientist,Business Analyst,Learn a new field,Coding,Remote,Pune,24 months,15,25000+,1,1,1,2,1,1,1,0,1,2,1,2,2,0,2,1,3,2,2,2,2,2,0,3,0,3,0,4,2,2,3,1,1
P0595,User_0595,user0595@example.com,Student,MCA,Other,1st,2026,College C,74.58,E-commerce website,1 internship - 3 months,Data analytics,ML Engineer,Business Analyst,Become job-ready,"Design, Cloud, AI/ML",Onsite,Any location,24 months,10,Under 5000,0,0,3,0,2,0,0,0,2,2,2,3,3,0,1,1,2,1,1,1,1,3,1,0,0,3,2,3,2,3,2,3,2
P0596,User_0596,user0596@example.com,Student,BBA,IT,1st,2029,College A,71.13,Data analysis dashboard,1 internship - 3 months,None,Cloud Engineer,DevOps Engineer,Prepare for internship,"Databases, Web development",Hybrid,Any location,18 months,34,10000-25000,3,1,2,2,1,2,4,2,3,1,0,4,0,4,0,3,1,2,2,3,3,2,1,0,0,3,0,0,2,1,2,2,4
P0597,User_0597,user0597@example.com,Student,MCA,Civil,2nd,2027,College A,55.63,CRUD web application,1 internship - 6 months,None,Web Developer,Data Analyst,Learn a new field,"Business, Cybersecurity, Coding",No preference,Bengaluru,18 months,4,10000-25000,3,3,2,3,0,2,1,2,3,0,1,2,2,1,2,0,1,2,0,2,3,2,4,0,2,2,4,1,0,2,1,2,1
P0598,User_0598,user0598@example.com,Job seeker,BCA,Arts,Graduated,2026,Other,81.84,No project yet,1 internship - 3 months,Cloud fundamentals,Data Scientist,Database Administrator,Prepare for internship,Business,No preference,Mumbai,18 months,28,5000-10000,2,4,1,1,2,0,2,0,3,0,3,1,2,2,0,2,0,1,0,2,1,3,1,4,0,3,4,4,1,3,2,2,2
P0599,User_0599,user0599@example.com,Working professional,M.Tech,IT,Graduated,2029,Other,67.76,Database management project,1 internship - 3 months,SQL,Business Analyst,Data Scientist,Become job-ready,"Design, Coding",Remote,Chennai,6 months,39,5000-10000,2,3,3,0,3,2,3,2,1,4,3,1,1,0,4,0,1,1,0,2,3,2,0,3,0,1,1,4,0,2,1,3,2
P0600,User_0600,user0600@example.com,Student,M.Tech,Commerce,3rd,2026,College B,62.1,Database management project,1 internship - 3 months,Web development,Software Developer,Cybersecurity Analyst,Get a job,"Data, Web development",Onsite,Chennai,12 months,28,5000-10000,0,0,4,2,3,1,3,2,2,1,0,4,0,3,1,1,4,0,0,1,0,0,1,0,1,2,3,3,1,1,3,2,0
P0601,User_0601,user0601@example.com,Working professional,M.Tech,IT,Graduated,2030,Other,59.64,Cloud deployment project,2 internships,None,UI/UX Designer,Cloud Engineer,Learn a new field,"Data, Cloud",Hybrid,Pune,12 months,39,5000-10000,2,2,2,4,3,3,0,2,1,1,3,0,3,3,3,2,1,0,0,1,2,2,0,2,2,1,2,0,4,3,0,3,4
P0602,User_0602,user0602@example.com,Job seeker,BCA,Mechanical,Graduated,2027,College D,89.91,Data analysis dashboard,1 internship - 2 months,None,Web Developer,Web Developer,Build portfolio,"Cloud, Coding, Design",No preference,Delhi,24 months,4,25000+,2,2,2,3,3,2,1,0,1,2,0,0,0,1,4,2,0,0,3,4,3,2,2,3,1,1,4,0,1,0,2,0,0
P0603,User_0603,user0603@example.com,Student,BCA,EEE,1st,2026,College D,86.52,Data analysis dashboard,1 internship - 3 months,Data analytics,Cybersecurity Analyst,Data Scientist,Get a job,"Web development, Business, Cloud",Hybrid,Delhi,24 months,9,10000-25000,1,2,1,0,1,1,3,3,0,1,4,2,0,0,0,1,4,1,0,3,2,0,0,1,3,1,0,2,2,3,2,2,3
P0604,User_0604,user0604@example.com,Student,M.Tech,IT,3rd,2028,Other,90.01,Portfolio website,2 internships,SQL,UI/UX Designer,Software Developer,Build portfolio,"Databases, Design",Remote,Delhi,24 months,17,Free,2,1,2,4,2,0,2,1,0,2,4,0,3,0,2,0,2,3,2,0,0,2,2,3,3,2,1,2,3,3,3,2,3
P0605,User_0605,user0605@example.com,Student,Diploma,IT,4th,2029,Other,67.81,Cybersecurity mini project,1 internship - 6 months,Java,Cloud Engineer,Software Developer,Prepare for internship,"Databases, Data, Cybersecurity",No preference,Kolhapur,24 months,19,10000-25000,4,2,1,1,1,2,2,2,4,1,2,3,0,4,0,0,3,0,2,3,3,2,3,0,3,3,2,1,1,1,0,2,1
P0606,User_0606,user0606@example.com,Student,BCA,Civil,2nd,2030,Other,67.36,Cloud deployment project,1 internship - 6 months,None,Cloud Engineer,Cloud Engineer,Get a job,Web development,No preference,Kolhapur,3 months,21,5000-10000,1,2,1,2,1,1,2,1,3,1,3,4,2,2,2,1,3,0,1,2,1,1,2,0,0,3,3,4,0,2,0,0,0
P0607,User_0607,user0607@example.com,Working professional,M.Sc,Arts,Graduated,2026,College B,58.87,Cybersecurity mini project,1 internship - 2 months,Web development,Software Developer,Web Developer,Build portfolio,"Web development, AI/ML",Onsite,Bengaluru,3 months,20,Under 5000,1,0,3,3,3,1,4,0,0,1,3,0,2,4,0,2,0,0,2,0,2,3,3,2,3,4,0,2,3,3,2,0,3
P0608,User_0608,user0608@example.com,Student,B.Sc,Civil,3rd,2026,College D,93.8,Cybersecurity mini project,1 internship - 2 months,Java,DevOps Engineer,QA Engineer,Become job-ready,"Design, Cybersecurity, AI/ML",Onsite,Pune,12 months,8,Free,3,2,2,2,0,0,0,0,3,1,3,2,1,4,1,3,4,3,2,1,1,4,2,3,3,3,2,1,1,1,0,2,1
P0609,User_0609,user0609@example.com,Student,B.E./B.Tech,Computer Science,4th,2026,College D,58.26,Cybersecurity mini project,None,Cloud fundamentals,Data Scientist,ML Engineer,Switch career,"Cybersecurity, Coding",Onsite,Chennai,12 months,8,5000-10000,1,1,2,1,1,1,0,1,1,1,3,2,1,1,4,1,2,4,1,2,0,3,1,1,3,2,3,3,2,2,2,2,1
P0610,User_0610,user0610@example.com,Job seeker,B.E./B.Tech,Arts,Graduated,2028,College B,73.25,Portfolio website,1 internship - 2 months,Python,Business Analyst,Data Scientist,Become job-ready,"AI/ML, Business",Onsite,Any location,12 months,39,25000+,1,3,0,0,4,3,0,0,3,2,3,3,2,3,0,1,2,0,0,0,0,2,0,1,3,1,2,4,3,4,2,2,1
P0611,User_0611,user0611@example.com,Working professional,B.Sc,ECE,Graduated,2027,Other,71.61,CRUD web application,1 internship - 2 months,Multiple certifications,Software Developer,UI/UX Designer,Prepare for internship,Data,No preference,Hyderabad,18 months,38,Under 5000,4,0,2,0,0,2,3,0,3,0,1,3,4,4,3,3,1,2,2,1,1,3,1,1,0,3,3,4,1,0,2,1,4
P0612,User_0612,user0612@example.com,Student,B.E./B.Tech,ECE,3rd,2026,College D,85.29,Data analysis dashboard,None,None,Cloud Engineer,Software Developer,Switch career,"Cybersecurity, Business",Onsite,Chennai,12 months,36,25000+,3,2,2,0,0,1,2,2,4,1,0,4,3,1,4,0,3,1,0,2,1,3,0,1,3,3,3,2,0,1,1,3,1
P0613,User_0613,user0613@example.com,Student,B.E./B.Tech,Civil,2nd,2029,College B,62.68,UI/UX prototype,None,Multiple certifications,Web Developer,Database Administrator,Become job-ready,"Web development, Cloud, Data",Remote,Any location,18 months,28,Free,0,1,1,3,1,4,2,2,1,3,0,3,3,2,4,0,3,0,2,1,3,1,1,1,1,1,2,2,1,0,2,0,1
P0614,User_0614,user0614@example.com,Working professional,M.Tech,EEE,Graduated,2027,College A,78.36,E-commerce website,1 internship - 6 months,Cybersecurity,Cybersecurity Analyst,Cloud Engineer,Get a job,"Cybersecurity, Databases",Remote,Kolhapur,6 months,29,10000-25000,3,0,0,0,0,3,4,1,0,0,4,3,0,0,4,2,1,3,1,3,3,1,3,3,3,4,0,4,4,2,2,0,4
P0615,User_0615,user0615@example.com,Student,M.Sc,Civil,4th,2026,Other,68.72,UI/UX prototype,2 internships,Multiple certifications,Data Analyst,Database Administrator,Build portfolio,"Web development, Databases, Business",Onsite,Delhi,24 months,5,10000-25000,1,0,0,1,2,2,1,0,1,3,4,0,3,2,1,2,2,0,3,1,0,2,1,3,4,3,1,3,0,4,1,3,2
P0616,User_0616,user0616@example.com,Student,BCA,Mechanical,4th,2027,College D,74.81,Cybersecurity mini project,1 internship - 3 months,None,DevOps Engineer,Database Administrator,Learn a new field,"AI/ML, Cloud, Coding",Remote,Hyderabad,24 months,24,25000+,4,3,3,1,0,2,0,3,3,3,0,3,0,1,1,3,4,3,2,3,2,2,1,2,1,3,3,2,4,2,1,3,3
P0617,User_0617,user0617@example.com,Student,Diploma,Commerce,2nd,2029,College C,75.66,Data analysis dashboard,1 internship - 3 months,None,Cloud Engineer,UI/UX Designer,Build portfolio,"Data, Coding",No preference,Bengaluru,6 months,10,5000-10000,3,0,2,1,0,1,3,1,4,0,4,3,1,1,0,1,4,2,0,3,0,2,1,2,0,4,3,0,0,0,4,3,0
P0618,User_0618,user0618@example.com,Job seeker,M.Sc,Mechanical,Graduated,2027,College A,72.08,Database management project,2 internships,Web development,Cloud Engineer,ML Engineer,Switch career,Web development,Onsite,Delhi,18 months,13,5000-10000,3,2,1,4,2,3,3,2,2,3,4,4,0,2,2,1,3,0,0,4,2,3,0,3,0,3,1,1,1,2,2,0,1
P0619,User_0619,user0619@example.com,Student,M.Sc,Mechanical,1st,2028,Other,86.14,Machine learning project,1 internship - 2 months,Web development,ML Engineer,Software Developer,Build portfolio,"Web development, Business",Remote,Pune,18 months,1,5000-10000,2,1,2,3,0,3,1,2,2,0,0,4,0,1,1,1,2,1,0,3,2,2,0,0,0,4,1,1,0,2,2,1,1
P0620,User_0620,user0620@example.com,Student,MCA,Mechanical,2nd,2030,College C,92.93,CRUD web application,1 internship - 6 months,Web development,Web Developer,ML Engineer,Get a job,"Web development, Design, Business",Hybrid,Bengaluru,3 months,40,Under 5000,3,3,1,3,4,1,2,2,1,1,1,4,4,0,3,2,1,1,3,2,3,0,1,1,0,0,1,0,0,1,3,1,2
P0621,User_0621,user0621@example.com,Student,Diploma,ECE,4th,2028,College B,58.74,Machine learning project,1 internship - 2 months,None,Data Analyst,Cybersecurity Analyst,Get a job,AI/ML,Remote,Hyderabad,6 months,39,Under 5000,4,0,2,1,0,2,1,1,2,1,2,0,3,2,3,2,2,2,1,0,4,3,0,2,4,3,1,0,0,3,2,0,1
P0622,User_0622,user0622@example.com,Working professional,BBA,IT,Graduated,2030,College C,89.72,Database management project,1 internship - 2 months,SQL,Web Developer,Web Developer,Become job-ready,"AI/ML, Databases, Web development",Hybrid,Kolhapur,12 months,9,5000-10000,2,1,2,4,2,1,1,3,0,1,0,3,3,3,1,4,1,1,1,3,3,2,1,1,0,3,4,0,3,1,2,0,3
P0623,User_0623,user0623@example.com,Student,BCA,Civil,1st,2028,Other,75.43,Database management project,1 internship - 6 months,Data analytics,QA Engineer,Software Developer,Become job-ready,"Design, Cybersecurity",Onsite,Kolhapur,18 months,24,10000-25000,1,1,1,1,2,1,1,0,0,1,2,4,3,3,3,1,1,1,2,1,3,2,1,1,2,4,3,4,3,0,1,3,1
P0624,User_0624,user0624@example.com,Student,BCA,Civil,4th,2026,College B,86.06,Database management project,None,Java,Cybersecurity Analyst,Cloud Engineer,Build portfolio,"Design, Cybersecurity",Hybrid,Pune,18 months,22,5000-10000,1,2,1,1,1,3,3,1,3,0,0,3,3,2,3,0,3,2,0,1,1,1,1,4,1,3,2,3,3,3,3,0,1
P0625,User_0625,user0625@example.com,Student,M.Tech,Commerce,4th,2026,College A,75.11,UI/UX prototype,None,Multiple certifications,Web Developer,Business Analyst,Get a job,"Design, Coding, AI/ML",Hybrid,Bengaluru,3 months,38,10000-25000,2,3,4,3,2,1,0,0,1,1,0,3,3,1,4,3,0,1,1,2,4,1,2,1,3,3,4,4,1,2,4,0,1
P0626,User_0626,user0626@example.com,Student,MCA,Mechanical,1st,2027,College D,78.5,Portfolio website,2 internships,SQL,Web Developer,Data Analyst,Get a job,"Cybersecurity, Web development, Cloud",Onsite,Any location,24 months,28,Under 5000,1,1,1,3,0,2,2,2,0,2,3,4,3,4,4,2,1,1,4,3,4,1,2,0,0,1,4,2,2,0,1,0,0
P0627,User_0627,user0627@example.com,Student,M.Tech,Commerce,4th,2028,Other,77.66,Machine learning project,1 internship - 6 months,Data analytics,QA Engineer,ML Engineer,Build portfolio,"Data, Business, Cybersecurity",No preference,Mumbai,12 months,20,5000-10000,4,0,1,0,1,4,1,0,2,2,1,2,3,4,3,2,1,1,2,0,0,2,1,1,0,4,1,4,3,2,0,3,0
P0628,User_0628,user0628@example.com,Student,B.Sc,Mechanical,4th,2029,College B,64.22,UI/UX prototype,1 internship - 6 months,Java,Cloud Engineer,Business Analyst,Become job-ready,Coding,Hybrid,Pune,18 months,15,Free,4,0,2,2,1,0,1,3,3,2,0,3,3,2,2,2,0,2,2,3,2,2,1,2,3,1,3,2,1,3,2,2,0
P0629,User_0629,user0629@example.com,Student,B.Com,EEE,4th,2026,College C,93.49,Machine learning project,1 internship - 2 months,Web development,Data Scientist,Cybersecurity Analyst,Prepare for internship,Design,Hybrid,Hyderabad,6 months,27,Free,1,1,1,3,1,1,1,0,1,1,2,2,3,1,2,2,2,3,2,1,3,3,2,0,3,3,3,2,1,4,2,1,1
P0630,User_0630,user0630@example.com,Working professional,B.Sc,Arts,Graduated,2026,College D,56.62,Cybersecurity mini project,1 internship - 2 months,SQL,Software Developer,Business Analyst,Become job-ready,Web development,Remote,Any location,3 months,7,Free,1,0,3,1,1,2,4,0,0,0,2,3,1,3,2,3,1,2,0,1,3,1,1,2,4,4,3,4,1,3,3,1,4
P0631,User_0631,user0631@example.com,Student,B.Sc,ECE,1st,2026,College C,94.93,E-commerce website,2 internships,Web development,Cybersecurity Analyst,Data Scientist,Prepare for internship,"Design, Cybersecurity",Remote,Hyderabad,6 months,30,Free,0,2,1,1,3,3,3,1,3,1,2,0,3,1,2,1,3,0,0,3,1,4,3,0,3,0,1,4,2,1,0,1,0
P0632,User_0632,user0632@example.com,Student,MCA,Other,4th,2027,College A,82.91,Portfolio website,1 internship - 6 months,None,Database Administrator,Web Developer,Build portfolio,"Business, Data",No preference,Bengaluru,6 months,5,Under 5000,0,1,2,0,1,1,3,2,0,0,1,1,1,1,0,1,3,0,3,0,0,0,3,1,0,3,1,0,3,1,2,3,2
P0633,User_0633,user0633@example.com,Student,B.E./B.Tech,Civil,3rd,2027,College B,66.38,UI/UX prototype,2 internships,None,Cybersecurity Analyst,Cybersecurity Analyst,Learn a new field,"Data, Coding",Onsite,Bengaluru,18 months,39,Under 5000,2,0,3,2,3,0,3,1,1,2,1,1,3,1,3,3,3,0,3,4,0,0,0,2,1,3,1,4,1,0,0,2,1
P0634,User_0634,user0634@example.com,Job seeker,B.E./B.Tech,Arts,Graduated,2026,College C,79.17,E-commerce website,2 internships,Python,Data Scientist,DevOps Engineer,Learn a new field,"Databases, Business",Onsite,Bengaluru,3 months,24,Free,0,1,2,2,0,2,0,2,1,1,1,4,0,3,0,2,0,3,3,2,1,2,0,4,3,2,3,4,0,2,3,3,2
P0635,User_0635,user0635@example.com,Job seeker,BBA,Computer Science,Graduated,2027,College B,73.01,E-commerce website,1 internship - 2 months,None,Software Developer,Database Administrator,Learn a new field,"Web development, Design",Onsite,Chennai,3 months,28,Under 5000,2,2,4,2,2,2,3,0,2,1,0,4,1,3,1,2,1,1,1,2,3,1,4,1,0,4,2,4,1,0,1,3,1
P0636,User_0636,user0636@example.com,Student,Diploma,IT,3rd,2030,College C,72.07,No project yet,1 internship - 6 months,Java,QA Engineer,QA Engineer,Learn a new field,"Databases, AI/ML, Coding",No preference,Hyderabad,18 months,7,Free,2,2,3,0,2,1,3,2,0,2,3,2,3,3,0,1,2,3,0,1,0,0,0,2,2,3,1,4,3,2,1,4,3
P0637,User_0637,user0637@example.com,Working professional,M.Sc,IT,Graduated,2029,College D,79.29,CRUD web application,1 internship - 6 months,Web development,DevOps Engineer,Cybersecurity Analyst,Become job-ready,"Web development, Business",Hybrid,Hyderabad,6 months,19,25000+,3,2,4,1,2,2,0,2,2,0,3,4,0,0,1,4,4,2,2,1,1,1,2,0,0,3,0,1,1,3,1,2,0
P0638,User_0638,user0638@example.com,Student,BCA,EEE,3rd,2028,Other,93.24,Cloud deployment project,1 internship - 2 months,Cybersecurity,Data Scientist,ML Engineer,Build portfolio,"AI/ML, Coding, Data",Remote,Mumbai,6 months,39,25000+,1,2,2,2,0,0,0,0,0,2,3,1,2,0,3,0,0,3,2,0,1,3,0,1,2,3,0,3,1,2,2,2,1
P0639,User_0639,user0639@example.com,Student,B.Com,EEE,3rd,2026,College C,74.8,Cloud deployment project,1 internship - 2 months,Data analytics,Data Analyst,Software Developer,Become job-ready,Web development,Onsite,Any location,6 months,5,Free,1,3,2,1,1,1,2,0,0,3,0,2,1,1,3,2,2,1,2,3,1,2,2,3,4,3,1,3,3,1,1,0,0
P0640,User_0640,user0640@example.com,Student,B.Com,EEE,3rd,2030,College A,75.2,Cybersecurity mini project,2 internships,Java,Database Administrator,QA Engineer,Become job-ready,Coding,No preference,Mumbai,6 months,7,Under 5000,1,0,2,1,2,1,2,4,0,2,0,2,1,1,3,1,0,1,3,0,2,1,4,2,3,3,0,4,0,1,3,2,2
P0641,User_0641,user0641@example.com,Student,B.Sc,ECE,2nd,2028,College B,66.05,No project yet,1 internship - 3 months,None,QA Engineer,Cloud Engineer,Get a job,"Data, Business",Hybrid,Hyderabad,18 months,16,Free,2,1,4,1,1,2,3,0,0,2,0,2,1,3,2,3,3,1,3,2,1,1,3,3,1,4,0,2,2,0,2,4,2
P0642,User_0642,user0642@example.com,Student,MCA,Civil,1st,2030,College A,72.57,Data analysis dashboard,2 internships,Data analytics,Business Analyst,Database Administrator,Get a job,"Data, Design, Cybersecurity",Hybrid,Any location,24 months,21,Under 5000,2,3,2,0,3,3,0,1,4,3,1,1,0,2,2,2,0,0,1,0,1,0,1,3,3,1,3,3,4,3,0,0,0
P0643,User_0643,user0643@example.com,Student,Diploma,ECE,1st,2030,Other,70.64,No project yet,2 internships,Cloud fundamentals,Database Administrator,Cybersecurity Analyst,Become job-ready,"Cloud, Databases, Web development",Hybrid,Mumbai,24 months,33,Under 5000,0,1,2,1,0,0,2,2,2,2,0,2,2,1,1,1,4,0,3,1,2,3,3,2,1,2,1,0,0,0,2,0,1
P0644,User_0644,user0644@example.com,Student,B.Sc,ECE,3rd,2026,College B,67.53,E-commerce website,1 internship - 2 months,Cybersecurity,DevOps Engineer,ML Engineer,Prepare for internship,"Data, Cybersecurity",Onsite,Chennai,18 months,11,Free,2,2,0,2,1,2,3,4,4,1,1,3,0,3,1,4,4,2,0,0,0,1,3,0,1,4,1,0,4,1,1,3,4
P0645,User_0645,user0645@example.com,Student,M.Tech,ECE,3rd,2028,College A,72.47,Database management project,1 internship - 2 months,Data analytics,DevOps Engineer,QA Engineer,Become job-ready,"AI/ML, Databases",Onsite,Kolhapur,18 months,23,10000-25000,3,0,2,2,2,2,2,2,3,1,2,4,1,1,1,1,3,3,3,1,0,0,2,0,1,3,0,3,2,3,1,0,2
P0646,User_0646,user0646@example.com,Student,MCA,ECE,1st,2026,College D,94.34,Machine learning project,1 internship - 3 months,SQL,Business Analyst,QA Engineer,Get a job,"Business, Coding",No preference,Any location,12 months,23,Free,4,4,0,2,3,0,2,3,0,4,2,3,2,4,2,2,1,2,1,1,4,3,1,2,2,3,1,3,0,3,1,0,3
P0647,User_0647,user0647@example.com,Student,B.E./B.Tech,Civil,3rd,2026,College A,78.87,CRUD web application,2 internships,Cybersecurity,Business Analyst,DevOps Engineer,Switch career,Design,Hybrid,Mumbai,6 months,8,10000-25000,2,4,3,2,3,2,2,1,2,3,1,2,1,2,0,3,3,3,1,2,3,2,2,1,2,3,2,3,0,4,0,0,1
P0648,User_0648,user0648@example.com,Student,BBA,Mechanical,4th,2028,Other,71.92,Cloud deployment project,1 internship - 2 months,Python,Data Scientist,DevOps Engineer,Prepare for internship,AI/ML,Remote,Mumbai,12 months,29,25000+,1,1,2,3,1,0,0,0,3,3,0,1,1,2,3,2,1,4,0,2,3,4,0,3,1,2,0,1,2,3,2,2,2
P0649,User_0649,user0649@example.com,Student,MCA,IT,4th,2028,Other,79.26,UI/UX prototype,1 internship - 6 months,Multiple certifications,Data Scientist,DevOps Engineer,Get a job,"Cybersecurity, AI/ML",Onsite,Kolhapur,3 months,5,5000-10000,0,4,3,4,1,0,0,3,2,1,4,3,2,0,0,3,0,4,0,1,1,3,0,1,0,1,0,1,1,3,1,0,1
P0650,User_0650,user0650@example.com,Job seeker,MCA,IT,Graduated,2026,College B,75.0,UI/UX prototype,1 internship - 6 months,Web development,Data Scientist,DevOps Engineer,Learn a new field,"Business, Web development",Remote,Kolhapur,6 months,24,25000+,2,2,1,2,1,0,0,1,3,3,1,1,0,2,0,0,1,3,2,2,0,4,2,4,2,2,0,4,1,4,2,0,0
P0651,User_0651,user0651@example.com,Student,BBA,Other,3rd,2027,College A,69.47,No project yet,1 internship - 2 months,Python,UI/UX Designer,ML Engineer,Switch career,"Design, Cybersecurity, Web development",Onsite,Bengaluru,24 months,26,Under 5000,0,4,0,3,3,0,1,1,0,1,3,1,4,1,3,3,2,2,3,0,0,2,2,1,4,2,2,2,0,2,2,1,3
P0652,User_0652,user0652@example.com,Working professional,M.Sc,Other,Graduated,2026,College C,55.87,Data analysis dashboard,None,None,DevOps Engineer,Database Administrator,Switch career,"Coding, Business, Databases",No preference,Mumbai,3 months,9,Under 5000,1,2,1,3,0,1,1,1,2,0,1,3,2,0,2,3,1,3,1,2,2,2,2,1,3,4,1,3,1,2,1,1,4
P0653,User_0653,user0653@example.com,Student,Diploma,Mechanical,3rd,2029,College D,85.91,Machine learning project,None,Web development,ML Engineer,Database Administrator,Become job-ready,AI/ML,No preference,Hyderabad,24 months,20,Free,1,2,1,1,2,3,1,3,0,2,1,3,1,1,1,1,4,2,1,3,4,0,1,1,1,2,0,2,1,4,2,0,1
P0654,User_0654,user0654@example.com,Student,B.E./B.Tech,Arts,1st,2027,College B,69.16,Portfolio website,1 internship - 2 months,Cloud fundamentals,Data Scientist,Cloud Engineer,Learn a new field,Business,No preference,Hyderabad,3 months,18,5000-10000,2,0,2,0,4,3,1,2,2,3,2,1,3,0,1,1,1,2,3,0,0,3,4,2,0,4,3,3,3,1,2,0,1
P0655,User_0655,user0655@example.com,Student,B.Sc,Civil,4th,2030,Other,67.44,CRUD web application,None,Cybersecurity,Data Scientist,Business Analyst,Prepare for internship,Design,No preference,Mumbai,24 months,40,5000-10000,1,1,3,2,0,0,1,0,0,2,3,0,0,1,1,0,1,3,0,0,3,2,4,3,0,4,2,3,4,2,2,3,2
P0656,User_0656,user0656@example.com,Student,M.Tech,Other,1st,2028,College B,66.22,No project yet,1 internship - 6 months,SQL,Cybersecurity Analyst,Business Analyst,Build portfolio,"Cloud, Web development",No preference,Any location,18 months,9,5000-10000,1,1,2,3,1,2,1,2,2,0,0,4,2,3,1,0,4,0,1,3,0,1,0,0,2,4,1,3,1,0,0,3,1
P0657,User_0657,user0657@example.com,Student,M.Tech,ECE,3rd,2026,Other,88.35,Cybersecurity mini project,1 internship - 3 months,SQL,ML Engineer,Database Administrator,Prepare for internship,"Databases, Coding, Business",Onsite,Hyderabad,18 months,28,Free,2,1,1,2,0,1,1,0,1,1,1,3,0,1,1,4,2,3,1,0,1,0,3,4,1,3,1,4,0,2,2,3,1
P0658,User_0658,user0658@example.com,Job seeker,BBA,Mechanical,Graduated,2027,College A,74.72,No project yet,1 internship - 3 months,Web development,DevOps Engineer,ML Engineer,Learn a new field,"Web development, Data, Business",Onsite,Any location,3 months,29,25000+,3,1,0,2,3,0,1,0,3,2,0,3,2,0,2,3,3,0,2,1,1,3,3,1,2,2,3,1,2,1,3,2,2
P0659,User_0659,user0659@example.com,Job seeker,B.Com,Civil,Graduated,2028,College B,63.25,Data analysis dashboard,2 internships,Java,Data Scientist,Data Scientist,Switch career,"Databases, Business",Hybrid,Bengaluru,6 months,31,10000-25000,0,0,2,3,0,2,0,3,3,1,0,1,3,2,2,1,0,4,1,2,0,2,1,3,4,4,1,4,2,4,1,2,0
P0660,User_0660,user0660@example.com,Student,M.Sc,Other,2nd,2028,College A,74.05,CRUD web application,2 internships,Web development,Data Scientist,Data Scientist,Prepare for internship,Coding,No preference,Any location,6 months,37,Free,2,0,1,4,2,2,2,0,4,0,0,1,1,2,0,0,2,3,4,1,4,3,2,4,3,3,3,1,3,3,0,0,0
P0661,User_0661,user0661@example.com,Student,BBA,Commerce,1st,2030,Other,83.86,Data analysis dashboard,1 internship - 2 months,SQL,Data Analyst,Cybersecurity Analyst,Get a job,Design,No preference,Delhi,18 months,40,25000+,2,4,3,1,0,1,1,3,2,3,1,3,1,2,3,0,0,1,0,2,1,0,2,3,1,2,2,3,3,4,1,0,4
P0662,User_0662,user0662@example.com,Student,B.Sc,EEE,4th,2030,College D,93.22,E-commerce website,2 internships,Cloud fundamentals,Software Developer,Web Developer,Become job-ready,"Databases, AI/ML, Cybersecurity",Remote,Hyderabad,6 months,12,Free,0,0,4,2,1,2,4,3,1,0,1,2,2,3,3,3,0,1,1,1,1,2,1,1,1,4,0,3,2,1,0,2,3
P0663,User_0663,user0663@example.com,Student,BBA,Other,3rd,2029,College D,80.64,Database management project,1 internship - 3 months,Python,ML Engineer,Cloud Engineer,Switch career,Coding,Remote,Any location,24 months,26,Under 5000,2,3,2,1,2,3,2,2,3,0,1,3,2,3,2,0,2,3,1,3,3,2,1,1,0,3,2,3,2,3,4,3,2
P0664,User_0664,user0664@example.com,Student,B.Sc,Computer Science,2nd,2028,College D,90.64,Data analysis dashboard,1 internship - 6 months,SQL,QA Engineer,Data Analyst,Get a job,"Business, Data",Onsite,Bengaluru,3 months,10,Free,2,1,3,0,1,0,0,2,3,0,2,3,2,3,0,3,4,4,1,0,1,1,1,2,1,1,1,3,3,2,4,4,3
P0665,User_0665,user0665@example.com,Job seeker,M.Sc,Mechanical,Graduated,2026,College D,65.89,Database management project,None,Web development,UI/UX Designer,Cloud Engineer,Get a job,Databases,Hybrid,Bengaluru,6 months,3,10000-25000,2,1,1,3,4,0,0,2,0,2,3,0,3,2,0,3,3,3,0,2,0,4,0,3,1,3,4,3,1,2,0,1,3
P0666,User_0666,user0666@example.com,Student,B.Com,ECE,4th,2030,Other,73.81,UI/UX prototype,1 internship - 3 months,SQL,Software Developer,Cloud Engineer,Prepare for internship,"Data, Cloud, Coding",Hybrid,Kolhapur,3 months,39,Under 5000,4,2,4,0,3,1,3,4,0,2,0,4,3,4,0,3,1,0,0,1,1,1,1,0,1,4,3,3,0,0,2,2,1
P0667,User_0667,user0667@example.com,Student,BCA,IT,1st,2029,College C,87.66,E-commerce website,1 internship - 3 months,Data analytics,Data Analyst,Business Analyst,Build portfolio,"Databases, Business",No preference,Chennai,12 months,29,10000-25000,0,0,3,3,1,3,3,0,2,0,1,3,0,4,2,0,2,3,1,2,1,3,1,3,4,3,2,3,2,3,1,1,2
P0668,User_0668,user0668@example.com,Student,M.Sc,Commerce,3rd,2029,College B,78.37,Portfolio website,None,Cybersecurity,Cloud Engineer,Data Scientist,Prepare for internship,"AI/ML, Cloud",Remote,Hyderabad,6 months,27,Free,1,1,0,2,3,3,0,1,3,1,0,3,0,2,1,1,2,2,1,2,1,2,0,0,0,3,1,0,3,0,3,1,2
P0669,User_0669,user0669@example.com,Student,M.Sc,Arts,1st,2027,Other,83.48,Machine learning project,1 internship - 3 months,Data analytics,Data Scientist,Database Administrator,Switch career,"Databases, Web development",No preference,Hyderabad,3 months,16,10000-25000,0,2,4,3,0,3,3,0,0,3,1,0,1,1,1,1,1,2,1,0,1,3,1,3,1,3,1,4,0,1,1,2,1
P0670,User_0670,user0670@example.com,Student,Diploma,ECE,4th,2027,Other,93.2,CRUD web application,2 internships,None,QA Engineer,DevOps Engineer,Prepare for internship,"Design, AI/ML, Databases",Remote,Kolhapur,3 months,1,5000-10000,1,0,3,1,0,0,2,2,0,3,2,2,3,4,1,1,2,0,0,3,2,1,0,1,1,2,4,3,3,2,3,4,0
P0671,User_0671,user0671@example.com,Student,B.E./B.Tech,Mechanical,2nd,2026,College D,66.2,Portfolio website,1 internship - 2 months,Cloud fundamentals,QA Engineer,Software Developer,Learn a new field,"Cloud, Cybersecurity, Databases",Onsite,Bengaluru,6 months,23,25000+,0,0,1,1,2,0,1,4,1,2,0,1,1,3,2,0,0,2,0,0,0,0,0,0,1,4,0,1,3,1,3,4,3
P0672,User_0672,user0672@example.com,Student,B.Com,Arts,1st,2030,College B,86.95,Data analysis dashboard,1 internship - 6 months,Cybersecurity,Software Developer,Database Administrator,Learn a new field,"Data, Design",Onsite,Hyderabad,6 months,16,10000-25000,3,2,4,2,1,0,3,1,2,0,3,0,1,3,0,2,2,0,3,2,1,2,0,1,1,3,0,2,1,3,1,1,3
P0673,User_0673,user0673@example.com,Student,BBA,Civil,4th,2027,College B,56.34,CRUD web application,1 internship - 3 months,Java,Business Analyst,Business Analyst,Build portfolio,Data,Hybrid,Mumbai,3 months,27,Free,0,2,0,0,3,0,1,3,2,3,1,1,3,1,2,3,1,3,3,1,0,3,2,3,3,2,0,3,0,3,0,1,2
P0674,User_0674,user0674@example.com,Job seeker,BCA,EEE,Graduated,2029,College B,80.37,Machine learning project,None,None,Business Analyst,Data Analyst,Switch career,Coding,No preference,Any location,18 months,4,5000-10000,1,3,1,3,3,1,0,0,2,4,1,0,0,2,4,2,2,1,0,3,4,1,1,1,3,0,2,4,3,4,1,1,0
P0675,User_0675,user0675@example.com,Job seeker,M.Tech,Commerce,Graduated,2026,College A,86.43,Cloud deployment project,2 internships,Data analytics,ML Engineer,QA Engineer,Prepare for internship,"Databases, Design, Web development",Onsite,Any location,12 months,27,Under 5000,1,2,0,0,2,4,2,0,1,1,0,2,1,1,2,4,2,4,1,3,2,1,2,2,1,3,1,3,4,1,4,1,2
P0676,User_0676,user0676@example.com,Student,BCA,Civil,2nd,2026,College C,77.71,Cybersecurity mini project,1 internship - 2 months,Java,Data Analyst,Data Analyst,Become job-ready,Design,Hybrid,Pune,18 months,3,10000-25000,2,1,1,1,0,0,0,4,0,1,1,1,3,2,3,0,2,0,1,0,0,0,1,2,2,4,0,1,2,2,2,0,0
P0677,User_0677,user0677@example.com,Working professional,BBA,Civil,Graduated,2030,College B,63.43,Cloud deployment project,1 internship - 6 months,Java,QA Engineer,Data Analyst,Switch career,"Business, AI/ML, Cybersecurity",No preference,Kolhapur,18 months,25,Under 5000,2,2,1,2,3,1,3,2,2,2,1,3,0,4,1,0,1,1,1,2,2,0,3,3,2,3,1,3,3,3,2,4,0
P0678,User_0678,user0678@example.com,Student,M.Tech,ECE,3rd,2028,College A,75.81,Cybersecurity mini project,2 internships,Cloud fundamentals,QA Engineer,Cloud Engineer,Become job-ready,Cybersecurity,Hybrid,Chennai,3 months,40,Under 5000,3,2,3,3,3,2,0,4,2,1,0,4,2,3,1,3,1,1,0,0,4,2,2,0,0,3,1,2,4,1,2,3,1
P0679,User_0679,user0679@example.com,Working professional,B.Sc,EEE,Graduated,2029,College B,82.16,Cloud deployment project,1 internship - 2 months,SQL,QA Engineer,ML Engineer,Get a job,Cybersecurity,Onsite,Mumbai,6 months,16,10000-25000,1,0,2,1,2,0,0,0,0,1,2,3,1,1,0,3,3,1,1,4,0,4,2,0,2,4,0,4,1,0,1,3,0
P0680,User_0680,user0680@example.com,Student,BCA,Other,4th,2029,Other,59.61,CRUD web application,1 internship - 3 months,Python,Software Developer,DevOps Engineer,Learn a new field,"Cloud, Business",Remote,Any location,3 months,20,Under 5000,0,0,3,1,0,3,2,1,0,3,0,3,1,3,1,2,2,0,0,0,2,4,2,4,1,3,4,2,2,3,3,1,1
P0681,User_0681,user0681@example.com,Student,Diploma,ECE,1st,2027,Other,93.18,Machine learning project,None,Python,DevOps Engineer,Business Analyst,Prepare for internship,"Business, Design",Onsite,Chennai,18 months,19,Free,2,4,3,3,0,2,2,2,3,3,1,4,1,2,2,2,2,0,2,0,1,2,2,0,2,3,0,2,1,2,1,1,2
P0682,User_0682,user0682@example.com,Student,B.Com,IT,1st,2028,Other,67.8,Cloud deployment project,None,Web development,Web Developer,UI/UX Designer,Switch career,"Design, Coding",No preference,Any location,18 months,34,Free,2,0,1,2,3,4,1,3,1,2,4,0,3,1,3,3,2,1,0,0,2,2,1,1,3,3,2,3,1,2,1,0,2
P0683,User_0683,user0683@example.com,Student,B.E./B.Tech,EEE,3rd,2030,Other,56.58,Portfolio website,1 internship - 6 months,SQL,Data Scientist,Software Developer,Prepare for internship,"Web development, Coding",Hybrid,Pune,18 months,5,5000-10000,2,1,1,2,0,0,2,0,0,1,1,1,0,3,0,1,3,1,3,1,1,3,1,4,0,2,0,4,1,2,0,0,2
P0684,User_0684,user0684@example.com,Student,B.E./B.Tech,Mechanical,3rd,2030,College C,60.17,E-commerce website,1 internship - 6 months,Cybersecurity,Web Developer,Database Administrator,Build portfolio,"Business, Databases",Remote,Mumbai,18 months,5,Free,0,1,2,3,4,3,2,1,2,1,1,4,3,1,3,1,0,2,0,4,4,3,1,2,0,2,3,0,0,4,1,2,3
P0685,User_0685,user0685@example.com,Working professional,M.Tech,ECE,Graduated,2026,Other,64.71,Machine learning project,1 internship - 3 months,Web development,Database Administrator,UI/UX Designer,Build portfolio,"Coding, AI/ML, Design",No preference,Bengaluru,24 months,17,25000+,0,0,1,1,3,1,3,4,0,3,2,2,1,4,4,1,3,0,3,0,3,2,1,3,2,3,0,3,2,1,0,2,1
P0686,User_0686,user0686@example.com,Student,B.Sc,IT,3rd,2027,College D,61.85,E-commerce website,1 internship - 2 months,Cloud fundamentals,ML Engineer,UI/UX Designer,Become job-ready,"Design, AI/ML, Databases",No preference,Kolhapur,6 months,27,Under 5000,2,1,1,0,1,2,0,2,1,2,0,2,0,2,1,1,0,4,1,1,4,0,0,1,0,3,0,4,1,2,3,0,1
P0687,User_0687,user0687@example.com,Working professional,B.Com,Arts,Graduated,2027,College C,72.64,Cybersecurity mini project,1 internship - 6 months,Cloud fundamentals,Cybersecurity Analyst,Data Scientist,Switch career,Web development,Onsite,Any location,12 months,29,25000+,1,1,1,1,2,4,3,3,0,3,3,1,0,1,3,1,4,1,2,2,3,2,1,1,3,4,1,3,3,0,2,0,3
P0688,User_0688,user0688@example.com,Student,Diploma,IT,3rd,2029,Other,80.07,E-commerce website,None,Cybersecurity,Web Developer,Data Scientist,Learn a new field,"Databases, Data",No preference,Hyderabad,24 months,2,Free,1,3,0,3,0,1,3,0,1,3,1,3,4,3,1,4,3,2,1,2,4,0,1,0,1,1,4,2,1,2,4,3,1
P0689,User_0689,user0689@example.com,Student,Diploma,Other,4th,2029,Other,70.8,CRUD web application,1 internship - 3 months,Multiple certifications,Data Analyst,Cloud Engineer,Become job-ready,"AI/ML, Design",No preference,Hyderabad,6 months,3,Free,2,2,1,1,4,2,1,0,0,4,1,1,0,0,0,0,2,0,1,0,1,0,3,3,3,4,1,4,4,3,0,0,3
P0690,User_0690,user0690@example.com,Student,M.Tech,Other,2nd,2026,College A,69.76,E-commerce website,1 internship - 6 months,Cybersecurity,Software Developer,Data Scientist,Become job-ready,Business,Hybrid,Mumbai,12 months,20,Free,2,1,3,1,1,0,3,3,0,2,1,3,2,3,1,1,3,1,2,3,1,4,2,2,0,4,1,4,1,2,0,1,1
P0691,User_0691,user0691@example.com,Student,B.Sc,Mechanical,3rd,2028,College B,68.45,No project yet,1 internship - 3 months,None,ML Engineer,ML Engineer,Learn a new field,"Design, Cybersecurity, AI/ML",Onsite,Any location,18 months,26,25000+,3,0,0,0,4,1,0,0,1,2,1,3,1,2,3,1,1,3,3,1,3,1,0,0,0,3,0,2,0,3,3,3,1
P0692,User_0692,user0692@example.com,Student,B.Com,Commerce,3rd,2026,College B,81.59,Data analysis dashboard,1 internship - 2 months,Cybersecurity,Cybersecurity Analyst,Cybersecurity Analyst,Switch career,"Cloud, Coding",Remote,Any location,3 months,10,Free,0,1,3,3,3,4,1,3,1,3,2,4,2,2,2,1,2,3,3,4,3,1,2,3,0,3,3,4,3,3,2,2,0
P0693,User_0693,user0693@example.com,Student,M.Sc,Arts,2nd,2030,College B,81.36,Database management project,1 internship - 2 months,Multiple certifications,UI/UX Designer,Business Analyst,Become job-ready,Databases,Remote,Hyderabad,3 months,23,25000+,1,0,2,1,2,0,2,1,3,0,3,1,4,0,4,3,1,0,0,1,0,0,1,0,1,1,0,1,0,1,1,0,3
P0694,User_0694,user0694@example.com,Student,M.Tech,Arts,4th,2028,College C,68.23,Machine learning project,1 internship - 6 months,Data analytics,Web Developer,Software Developer,Prepare for internship,"Databases, Cloud",Hybrid,Mumbai,24 months,23,5000-10000,1,3,3,1,0,4,2,2,0,3,1,1,3,0,3,3,0,0,0,2,2,0,3,1,2,2,1,2,3,1,4,3,1
P0695,User_0695,user0695@example.com,Student,BBA,IT,3rd,2028,Other,94.36,Cybersecurity mini project,2 internships,Web development,Business Analyst,Business Analyst,Switch career,"AI/ML, Data",Onsite,Any location,24 months,27,10000-25000,1,3,2,0,4,0,2,2,1,2,0,2,2,0,0,2,3,0,2,4,1,2,1,2,0,0,1,0,0,4,0,1,2
P0696,User_0696,user0696@example.com,Student,B.Com,Civil,4th,2030,College A,56.21,Cybersecurity mini project,1 internship - 3 months,Cybersecurity,Data Scientist,Web Developer,Switch career,"Design, AI/ML",Onsite,Hyderabad,6 months,16,25000+,0,2,0,2,3,3,1,2,0,2,2,1,2,1,2,0,1,3,1,2,2,1,2,4,2,4,3,3,0,3,1,2,2
P0697,User_0697,user0697@example.com,Student,MCA,Computer Science,2nd,2029,Other,79.72,CRUD web application,1 internship - 6 months,Python,Cloud Engineer,QA Engineer,Learn a new field,Cloud,Remote,Chennai,12 months,1,5000-10000,3,1,1,3,2,1,1,1,3,2,0,3,1,3,2,2,4,1,0,3,1,0,0,1,0,4,1,0,1,2,3,1,1
P0698,User_0698,user0698@example.com,Student,BCA,Commerce,3rd,2026,College A,63.76,E-commerce website,None,Data analytics,DevOps Engineer,Database Administrator,Switch career,"Design, Web development, Coding",No preference,Bengaluru,6 months,27,Under 5000,3,0,1,2,2,2,2,0,2,2,1,3,1,3,4,3,3,3,1,1,1,2,0,1,3,3,0,1,2,2,1,0,0
P0699,User_0699,user0699@example.com,Student,B.Sc,ECE,3rd,2026,College B,74.31,No project yet,None,Cybersecurity,ML Engineer,Cloud Engineer,Become job-ready,"AI/ML, Cybersecurity",Remote,Mumbai,18 months,1,10000-25000,3,3,1,1,2,0,0,3,2,1,2,4,3,2,2,3,2,3,1,2,3,2,4,2,0,3,0,3,1,1,4,1,3
P0700,User_0700,user0700@example.com,Student,B.Sc,Arts,2nd,2028,College D,63.28,Portfolio website,1 internship - 2 months,Java,Data Scientist,Cybersecurity Analyst,Prepare for internship,"Web development, AI/ML",Onsite,Delhi,18 months,29,Free,4,2,0,3,3,0,4,2,3,1,1,3,0,2,0,0,0,3,0,2,1,3,2,3,2,3,3,0,1,0,4,0,3
P0701,User_0701,user0701@example.com,Student,B.Com,Arts,2nd,2030,Other,66.2,UI/UX prototype,None,SQL,Web Developer,Software Developer,Prepare for internship,Databases,Onsite,Any location,24 months,21,Free,2,2,0,4,3,1,2,1,3,2,2,3,4,4,3,2,0,2,2,0,2,2,0,2,1,2,1,3,2,1,1,1,2
P0702,User_0702,user0702@example.com,Working professional,B.Com,Other,Graduated,2027,College A,91.28,UI/UX prototype,1 internship - 3 months,Java,Business Analyst,Web Developer,Switch career,"Web development, Cybersecurity, Cloud",Remote,Hyderabad,24 months,33,10000-25000,0,3,1,4,4,1,0,2,0,4,2,0,1,1,3,1,2,1,3,2,1,3,3,2,1,1,1,1,2,2,3,1,0
P0703,User_0703,user0703@example.com,Student,MCA,Commerce,1st,2026,Other,89.03,Machine learning project,2 internships,Multiple certifications,DevOps Engineer,Business Analyst,Switch career,"Design, Web development",Hybrid,Chennai,18 months,2,25000+,3,1,0,1,0,3,1,3,2,3,0,2,3,2,0,3,3,1,3,2,0,3,0,1,3,3,1,2,2,1,3,1,3
P0704,User_0704,user0704@example.com,Student,B.E./B.Tech,ECE,1st,2029,College B,92.77,No project yet,2 internships,Cybersecurity,Data Scientist,Data Scientist,Learn a new field,"Business, Databases",No preference,Bengaluru,12 months,15,5000-10000,0,0,2,4,2,1,3,2,0,3,3,2,1,0,1,1,0,4,2,1,2,3,0,4,0,3,0,4,0,3,0,3,0
P0705,User_0705,user0705@example.com,Job seeker,BBA,Other,Graduated,2026,College B,93.7,UI/UX prototype,None,None,UI/UX Designer,Data Analyst,Build portfolio,Design,No preference,Kolhapur,12 months,14,5000-10000,0,3,1,3,3,0,2,0,1,3,3,1,4,0,3,1,1,1,1,2,0,1,2,2,2,1,4,3,2,1,4,2,1
P0706,User_0706,user0706@example.com,Student,M.Sc,Mechanical,1st,2030,College B,60.74,Machine learning project,None,Multiple certifications,DevOps Engineer,Data Scientist,Get a job,"Databases, Business",Hybrid,Hyderabad,6 months,5,25000+,4,3,2,2,1,1,3,2,3,3,2,3,2,0,0,3,1,3,0,0,1,1,1,3,2,3,2,1,3,2,0,2,4
P0707,User_0707,user0707@example.com,Student,M.Sc,Civil,1st,2030,College D,66.47,Machine learning project,1 internship - 3 months,None,QA Engineer,QA Engineer,Learn a new field,"Cybersecurity, Business, Cloud",Onsite,Pune,24 months,14,Free,1,2,0,2,0,4,2,0,2,2,3,0,1,3,1,3,1,1,2,3,0,2,2,0,2,4,2,4,3,1,4,3,0
P0708,User_0708,user0708@example.com,Student,B.Sc,Computer Science,2nd,2026,College C,75.14,Portfolio website,1 internship - 2 months,Multiple certifications,UI/UX Designer,Data Analyst,Prepare for internship,"Design, Business",Remote,Bengaluru,18 months,18,Free,0,0,2,3,2,2,2,1,0,1,3,1,4,1,3,1,0,1,0,3,0,3,1,0,1,1,3,1,2,4,2,3,3
P0709,User_0709,user0709@example.com,Job seeker,Diploma,IT,Graduated,2027,Other,89.58,CRUD web application,None,Python,Cloud Engineer,Web Developer,Switch career,"Databases, Business",No preference,Chennai,12 months,16,10000-25000,3,1,0,3,0,2,1,3,3,1,3,1,3,1,3,1,3,1,2,3,0,1,0,1,1,4,2,3,1,0,3,0,1
P0710,User_0710,user0710@example.com,Student,M.Tech,Computer Science,3rd,2030,Other,55.3,CRUD web application,1 internship - 3 months,Data analytics,DevOps Engineer,QA Engineer,Prepare for internship,"Business, AI/ML, Cybersecurity",Onsite,Hyderabad,6 months,13,10000-25000,4,2,0,1,3,4,0,2,2,2,4,4,0,1,2,2,3,1,1,0,2,2,3,1,2,4,2,2,0,2,3,0,2
P0711,User_0711,user0711@example.com,Student,B.E./B.Tech,ECE,2nd,2030,College C,89.7,Data analysis dashboard,2 internships,None,Web Developer,Web Developer,Become job-ready,"AI/ML, Design",Hybrid,Hyderabad,12 months,16,5000-10000,1,2,2,3,0,3,1,2,2,1,2,3,4,0,4,0,1,0,2,2,3,2,1,3,0,1,3,3,3,2,0,2,4
P0712,User_0712,user0712@example.com,Job seeker,BBA,Computer Science,Graduated,2028,College D,70.46,Data analysis dashboard,2 internships,Cybersecurity,ML Engineer,QA Engineer,Learn a new field,"Design, Databases, AI/ML",Onsite,Bengaluru,3 months,14,25000+,0,1,0,1,1,3,0,1,0,3,1,2,0,3,1,1,0,3,3,0,4,2,2,4,1,2,3,3,2,3,1,0,2
P0713,User_0713,user0713@example.com,Student,B.Com,EEE,1st,2029,College D,62.16,Machine learning project,None,None,Data Analyst,Data Analyst,Become job-ready,"Data, Databases, Cybersecurity",Hybrid,Delhi,12 months,16,5000-10000,3,1,0,2,2,1,1,3,0,2,1,0,3,1,0,1,2,4,0,2,0,0,3,3,1,4,1,4,1,3,2,1,4
P0714,User_0714,user0714@example.com,Student,MCA,ECE,3rd,2030,College C,67.78,Cybersecurity mini project,None,None,Web Developer,DevOps Engineer,Prepare for internship,"Databases, Business",Onsite,Mumbai,18 months,35,5000-10000,1,0,2,3,3,3,1,0,2,0,3,3,3,1,1,1,4,1,0,2,1,3,3,1,2,2,3,2,1,1,2,0,3
P0715,User_0715,user0715@example.com,Student,BBA,Civil,3rd,2027,College B,55.23,CRUD web application,1 internship - 2 months,Multiple certifications,Software Developer,Data Analyst,Become job-ready,"AI/ML, Cloud, Databases",Remote,Delhi,6 months,38,Free,3,3,3,3,2,2,3,2,3,0,0,1,3,3,2,2,1,0,2,0,1,3,0,1,1,3,1,4,2,2,1,0,1
P0716,User_0716,user0716@example.com,Student,BCA,Other,3rd,2027,Other,78.36,Cybersecurity mini project,None,SQL,UI/UX Designer,ML Engineer,Prepare for internship,"Databases, Design",Hybrid,Pune,6 months,17,Under 5000,2,4,1,2,3,1,0,4,0,2,2,4,4,2,3,0,2,1,3,0,3,1,0,3,2,0,0,2,1,2,3,2,2
P0717,User_0717,user0717@example.com,Student,B.Com,Computer Science,1st,2029,College C,81.97,Machine learning project,1 internship - 3 months,Data analytics,Software Developer,DevOps Engineer,Prepare for internship,"Web development, Cloud",No preference,Hyderabad,12 months,34,25000+,1,2,4,1,1,0,2,2,1,3,1,1,3,4,1,1,0,2,3,0,0,0,1,0,2,3,1,3,2,2,2,1,1
P0718,User_0718,user0718@example.com,Job seeker,MCA,Commerce,Graduated,2029,Other,57.78,UI/UX prototype,None,SQL,Cloud Engineer,Cybersecurity Analyst,Prepare for internship,"Data, Databases, Web development",Hybrid,Mumbai,6 months,26,5000-10000,3,3,1,0,1,0,1,3,3,0,0,2,0,1,2,1,2,3,0,3,3,2,0,0,0,3,1,0,2,2,1,1,0
P0719,User_0719,user0719@example.com,Student,M.Tech,Arts,1st,2030,College C,69.58,Cybersecurity mini project,2 internships,None,Data Scientist,Cloud Engineer,Switch career,"Databases, Business, Cloud",No preference,Any location,6 months,5,25000+,1,3,0,3,3,0,2,0,4,2,1,2,0,2,3,0,2,4,0,2,2,3,0,4,0,1,2,3,3,3,4,1,1
P0720,User_0720,user0720@example.com,Student,B.E./B.Tech,Commerce,3rd,2028,College A,59.75,UI/UX prototype,1 internship - 6 months,Java,Cloud Engineer,ML Engineer,Become job-ready,Databases,Hybrid,Any location,24 months,16,10000-25000,1,3,2,2,1,1,0,3,3,3,2,4,1,2,1,0,3,4,1,3,1,0,1,2,0,2,2,2,1,2,3,2,1
P0721,User_0721,user0721@example.com,Student,B.Com,EEE,4th,2029,College A,74.72,E-commerce website,1 internship - 2 months,Python,DevOps Engineer,Web Developer,Build portfolio,"Design, Web development, Cloud",Hybrid,Hyderabad,24 months,26,Free,4,0,0,1,1,0,3,2,2,2,3,2,1,2,2,3,3,2,1,4,2,2,1,2,1,4,1,4,2,3,0,2,0
P0722,User_0722,user0722@example.com,Job seeker,BBA,IT,Graduated,2030,College D,88.45,Machine learning project,1 internship - 6 months,Cybersecurity,ML Engineer,Business Analyst,Learn a new field,"Design, Cloud, Cybersecurity",Onsite,Any location,3 months,24,Free,2,0,0,2,0,1,1,0,2,4,0,3,4,0,2,2,0,3,2,0,2,2,1,2,0,4,2,3,2,3,4,2,3
P0723,User_0723,user0723@example.com,Student,M.Tech,Arts,1st,2027,College D,61.29,Database management project,1 internship - 6 months,SQL,Business Analyst,Business Analyst,Become job-ready,"Design, Coding, Cybersecurity",Remote,Hyderabad,6 months,19,25000+,1,4,2,0,3,2,2,2,1,2,1,2,0,2,1,3,2,1,4,0,1,2,0,0,4,1,1,3,1,3,4,1,4
P0724,User_0724,user0724@example.com,Student,BBA,Computer Science,2nd,2026,College B,61.19,E-commerce website,None,SQL,UI/UX Designer,QA Engineer,Get a job,"Coding, Business",No preference,Chennai,18 months,15,10000-25000,2,1,2,3,2,3,3,1,0,1,2,0,3,4,3,1,1,1,3,0,1,3,1,1,3,0,2,2,1,0,2,0,4
P0725,User_0725,user0725@example.com,Student,B.Com,Civil,3rd,2026,College D,55.45,Cloud deployment project,1 internship - 2 months,Cybersecurity,Cloud Engineer,Business Analyst,Switch career,Design,Hybrid,Any location,3 months,8,5000-10000,4,1,0,0,2,1,2,2,3,1,2,2,0,0,4,2,4,1,2,3,3,0,4,0,1,2,0,1,3,3,2,3,2
P0726,User_0726,user0726@example.com,Job seeker,BCA,Arts,Graduated,2027,College C,85.61,No project yet,1 internship - 3 months,SQL,Data Analyst,ML Engineer,Switch career,AI/ML,Remote,Mumbai,24 months,30,10000-25000,2,1,2,1,3,1,0,2,1,3,2,3,2,2,2,3,1,1,0,1,1,0,1,2,3,1,0,4,4,4,1,4,0
P0727,User_0727,user0727@example.com,Student,B.Com,EEE,4th,2026,College D,85.16,Cybersecurity mini project,2 internships,Python,Cloud Engineer,Database Administrator,Prepare for internship,Databases,Remote,Pune,24 months,33,Free,3,0,3,1,0,1,1,1,4,3,1,3,0,0,3,2,4,2,0,3,0,4,0,1,0,3,1,2,1,0,3,2,4
P0728,User_0728,user0728@example.com,Student,B.Com,Commerce,1st,2028,College B,75.23,Data analysis dashboard,None,Java,Cybersecurity Analyst,Data Analyst,Learn a new field,"Databases, Business",Hybrid,Bengaluru,18 months,28,Under 5000,1,3,2,0,3,4,1,1,1,0,1,4,1,0,3,0,4,0,1,4,0,4,1,3,1,4,2,3,4,2,4,0,2
P0729,User_0729,user0729@example.com,Student,M.Sc,Commerce,3rd,2030,College C,62.6,CRUD web application,1 internship - 6 months,Cloud fundamentals,Software Developer,Data Analyst,Prepare for internship,"Coding, Databases",Onsite,Pune,18 months,10,Under 5000,1,3,3,3,2,1,4,2,2,3,1,4,0,2,0,3,2,1,4,1,2,3,2,1,1,4,1,1,0,4,2,3,1
P0730,User_0730,user0730@example.com,Student,B.Sc,Computer Science,4th,2030,College D,87.41,No project yet,1 internship - 6 months,Data analytics,ML Engineer,DevOps Engineer,Build portfolio,"Cybersecurity, AI/ML",Onsite,Kolhapur,6 months,24,10000-25000,3,4,2,1,1,3,1,3,2,2,3,4,1,1,1,0,2,3,3,0,0,3,0,0,1,4,1,2,2,3,3,1,1
P0731,User_0731,user0731@example.com,Student,B.Com,Arts,2nd,2030,College A,56.23,Cloud deployment project,1 internship - 2 months,Cloud fundamentals,UI/UX Designer,Data Scientist,Prepare for internship,Cloud,Onsite,Mumbai,24 months,16,10000-25000,0,3,1,2,3,1,2,2,2,1,3,4,4,3,4,0,3,2,3,3,3,0,3,1,2,0,0,1,3,0,2,2,3
P0732,User_0732,user0732@example.com,Working professional,BBA,EEE,Graduated,2029,College D,85.8,No project yet,1 internship - 2 months,Java,QA Engineer,DevOps Engineer,Build portfolio,"AI/ML, Design",Hybrid,Delhi,18 months,32,5000-10000,2,4,3,2,3,1,1,2,1,2,0,1,3,1,3,1,2,1,0,1,2,1,2,2,1,4,2,4,3,0,3,4,0
P0733,User_0733,user0733@example.com,Student,M.Tech,Computer Science,4th,2027,College C,67.42,No project yet,1 internship - 2 months,Java,Software Developer,Web Developer,Build portfolio,"Design, Cybersecurity, Data",No preference,Hyderabad,18 months,4,10000-25000,0,0,4,1,1,0,4,1,1,4,0,3,1,3,1,2,1,3,3,0,2,2,2,1,1,3,2,3,2,1,1,2,1
P0734,User_0734,user0734@example.com,Student,MCA,Civil,3rd,2030,College B,87.4,No project yet,2 internships,Web development,QA Engineer,Data Analyst,Get a job,"Business, Data, Design",Remote,Mumbai,3 months,31,Free,1,2,0,4,2,2,0,1,3,3,3,3,2,4,1,2,0,4,0,2,2,0,4,1,2,1,1,2,3,1,1,2,3
P0735,User_0735,user0735@example.com,Student,MCA,Commerce,3rd,2029,College A,78.45,Data analysis dashboard,2 internships,Cloud fundamentals,Web Developer,Data Analyst,Learn a new field,"Cybersecurity, Coding, AI/ML",Hybrid,Mumbai,6 months,8,Under 5000,2,0,3,3,2,1,1,1,1,1,1,3,4,0,3,1,2,2,4,0,3,0,1,3,1,1,2,0,0,3,3,1,4
P0736,User_0736,user0736@example.com,Student,Diploma,Arts,3rd,2026,College D,59.79,E-commerce website,1 internship - 6 months,Cybersecurity,ML Engineer,Data Analyst,Switch career,"Business, Cloud, Cybersecurity",Onsite,Delhi,18 months,10,10000-25000,0,3,1,3,1,2,2,1,0,3,2,2,2,2,1,1,0,3,0,2,2,2,1,1,1,3,2,2,1,4,3,3,4
P0737,User_0737,user0737@example.com,Student,MCA,IT,3rd,2029,College B,89.43,No project yet,2 internships,SQL,UI/UX Designer,DevOps Engineer,Switch career,"Databases, Cybersecurity, Coding",No preference,Hyderabad,12 months,37,Under 5000,2,0,4,1,2,2,1,4,3,1,2,1,3,2,4,1,1,0,4,2,2,2,0,2,2,1,1,1,3,1,2,3,2
P0738,User_0738,user0738@example.com,Job seeker,M.Tech,EEE,Graduated,2029,College D,73.43,Cloud deployment project,1 internship - 2 months,Web development,Database Administrator,Business Analyst,Get a job,"AI/ML, Design, Cloud",Hybrid,Delhi,12 months,35,25000+,3,0,1,2,3,1,4,2,0,2,0,0,3,2,0,2,3,0,3,3,4,3,4,0,1,4,0,2,2,2,3,0,3
P0739,User_0739,user0739@example.com,Student,B.E./B.Tech,Other,3rd,2029,College D,81.66,Data analysis dashboard,1 internship - 3 months,Python,Database Administrator,Cybersecurity Analyst,Switch career,"Design, Databases, Business",Onsite,Kolhapur,6 months,6,5000-10000,2,2,1,4,2,3,1,4,3,1,2,0,3,1,0,0,2,2,4,0,0,1,2,3,1,2,0,4,3,1,1,1,2
P0740,User_0740,user0740@example.com,Student,BBA,Computer Science,4th,2030,College C,84.04,Data analysis dashboard,2 internships,SQL,Cybersecurity Analyst,Software Developer,Become job-ready,Coding,Remote,Any location,12 months,8,10000-25000,3,2,1,1,0,4,1,0,2,2,1,4,0,3,2,1,2,3,1,3,1,3,1,3,2,3,3,3,2,3,1,1,2
P0741,User_0741,user0741@example.com,Student,MCA,EEE,2nd,2030,College A,79.65,Database management project,2 internships,Java,Business Analyst,Web Developer,Switch career,Databases,Remote,Kolhapur,6 months,11,10000-25000,1,4,1,0,3,1,2,1,0,0,3,2,2,1,2,3,1,1,0,0,1,2,1,1,2,1,2,3,1,4,0,3,1
P0742,User_0742,user0742@example.com,Student,BCA,Commerce,4th,2028,Other,84.9,Cloud deployment project,1 internship - 2 months,Web development,ML Engineer,QA Engineer,Learn a new field,"Web development, Design, Cloud",Hybrid,Delhi,18 months,29,Free,0,3,1,1,1,1,0,2,0,3,0,3,2,0,1,3,2,2,0,1,2,1,4,1,0,3,2,3,0,3,3,1,4
P0743,User_0743,user0743@example.com,Student,BCA,ECE,2nd,2026,College C,66.47,No project yet,None,None,Data Scientist,Business Analyst,Get a job,Design,No preference,Bengaluru,18 months,38,5000-10000,0,2,1,4,1,2,2,1,3,0,2,0,1,1,1,0,2,1,0,1,1,3,3,1,3,3,3,4,3,3,1,2,2
P0744,User_0744,user0744@example.com,Student,B.E./B.Tech,Commerce,1st,2030,College B,86.13,UI/UX prototype,1 internship - 6 months,Multiple certifications,UI/UX Designer,DevOps Engineer,Prepare for internship,"Design, Business",No preference,Chennai,6 months,33,Free,1,0,2,1,2,1,0,1,3,2,3,4,2,0,4,3,2,2,1,0,3,0,2,2,1,3,3,2,0,1,3,1,4
P0745,User_0745,user0745@example.com,Student,B.Sc,Commerce,3rd,2029,College B,55.63,Data analysis dashboard,1 internship - 6 months,Multiple certifications,Database Administrator,Database Administrator,Switch career,Design,Remote,Delhi,18 months,19,10000-25000,3,1,2,3,2,3,3,3,2,2,4,1,1,1,0,3,1,2,3,1,0,2,3,0,2,4,4,4,0,0,3,2,2
P0746,User_0746,user0746@example.com,Student,Diploma,Civil,1st,2027,Other,59.27,Machine learning project,None,Cybersecurity,Web Developer,Cloud Engineer,Become job-ready,"Databases, Business, Data",Onsite,Any location,3 months,5,Under 5000,0,1,0,3,2,2,2,0,3,1,0,4,4,3,3,0,1,1,0,1,3,0,2,0,0,1,3,1,1,0,2,1,2
P0747,User_0747,user0747@example.com,Student,MCA,Computer Science,4th,2028,College C,59.02,Database management project,1 internship - 6 months,Data analytics,DevOps Engineer,Software Developer,Switch career,"Design, Business",No preference,Any location,6 months,16,5000-10000,4,1,1,1,3,2,0,1,4,2,1,2,0,0,3,3,2,0,4,1,0,1,1,3,0,4,2,2,3,1,0,1,1
P0748,User_0748,user0748@example.com,Student,B.E./B.Tech,IT,3rd,2026,College C,72.62,Cloud deployment project,1 internship - 6 months,Cybersecurity,Software Developer,QA Engineer,Switch career,Cybersecurity,Remote,Pune,3 months,19,5000-10000,1,0,3,3,1,2,3,0,2,3,3,3,0,3,1,2,2,2,0,0,1,0,2,0,0,3,3,4,2,0,1,1,0
P0749,User_0749,user0749@example.com,Student,M.Sc,EEE,2nd,2029,College D,83.09,Cloud deployment project,None,Cloud fundamentals,Cybersecurity Analyst,QA Engineer,Become job-ready,"AI/ML, Cloud, Web development",Remote,Pune,3 months,40,5000-10000,2,0,2,2,0,3,1,3,2,0,2,3,2,2,1,2,4,3,2,3,0,2,2,1,2,3,1,4,1,1,1,2,1
P0750,User_0750,user0750@example.com,Working professional,B.Com,Commerce,Graduated,2028,College C,65.44,Data analysis dashboard,2 internships,Python,Cybersecurity Analyst,Cloud Engineer,Build portfolio,"Coding, Data",Onsite,Delhi,18 months,25,Under 5000,0,3,2,0,2,4,2,3,1,2,1,2,1,1,2,1,4,0,2,4,0,1,0,2,4,4,4,4,3,0,3,0,2
P0751,User_0751,user0751@example.com,Student,B.E./B.Tech,Mechanical,3rd,2026,College C,62.41,Database management project,None,Cybersecurity,Web Developer,ML Engineer,Switch career,"Coding, Cloud",Hybrid,Kolhapur,24 months,17,10000-25000,0,1,1,2,1,1,1,2,0,2,3,3,3,2,3,1,1,0,0,2,3,2,0,3,2,0,3,1,3,0,1,1,3
P0752,User_0752,user0752@example.com,Student,Diploma,ECE,4th,2028,College C,68.66,CRUD web application,1 internship - 2 months,Data analytics,Business Analyst,Web Developer,Become job-ready,Cloud,Onsite,Kolhapur,18 months,10,Under 5000,2,4,1,0,3,2,3,3,3,4,2,1,1,3,0,2,3,3,1,2,3,2,1,0,3,1,2,3,2,2,1,3,3
P0753,User_0753,user0753@example.com,Student,BCA,ECE,4th,2029,College B,72.95,Database management project,1 internship - 2 months,Web development,Web Developer,Business Analyst,Build portfolio,Cybersecurity,No preference,Hyderabad,18 months,10,25000+,0,1,0,3,1,3,2,1,3,3,2,4,4,1,3,3,1,0,3,2,3,0,0,0,0,1,2,0,2,2,0,1,0
P0754,User_0754,user0754@example.com,Student,M.Sc,EEE,2nd,2029,College D,78.87,Portfolio website,1 internship - 2 months,Python,Cybersecurity Analyst,Cybersecurity Analyst,Prepare for internship,"Data, Cybersecurity",Hybrid,Pune,6 months,7,25000+,3,2,3,2,3,4,1,1,2,2,2,2,2,1,2,2,2,1,2,3,4,3,2,1,1,4,2,4,3,1,1,1,1
P0755,User_0755,user0755@example.com,Student,BBA,IT,1st,2028,College A,66.59,E-commerce website,1 internship - 6 months,None,QA Engineer,Software Developer,Prepare for internship,"Databases, AI/ML, Data",No preference,Kolhapur,6 months,25,5000-10000,1,0,0,1,4,3,2,1,0,1,1,0,0,2,0,0,2,1,3,2,2,3,4,0,1,4,2,2,3,3,1,2,3
P0756,User_0756,user0756@example.com,Student,MCA,Other,4th,2029,Other,92.2,E-commerce website,1 internship - 3 months,None,DevOps Engineer,QA Engineer,Prepare for internship,"Cybersecurity, Databases, Cloud",Remote,Hyderabad,3 months,6,10000-25000,3,2,0,3,1,2,2,2,4,3,4,1,2,0,0,3,1,1,0,1,1,2,2,3,0,2,2,1,0,4,1,1,3
P0757,User_0757,user0757@example.com,Student,BBA,ECE,2nd,2028,College C,56.49,No project yet,1 internship - 2 months,Java,Data Scientist,ML Engineer,Become job-ready,Business,Onsite,Hyderabad,18 months,12,5000-10000,1,0,1,4,0,1,0,0,2,2,4,0,0,3,2,1,1,1,0,0,2,3,1,4,3,3,1,3,1,2,0,1,1
P0758,User_0758,user0758@example.com,Student,BCA,IT,4th,2030,College A,66.31,Data analysis dashboard,None,Python,ML Engineer,Data Scientist,Prepare for internship,Design,Remote,Delhi,18 months,38,25000+,0,0,1,2,1,1,1,0,3,3,2,4,1,1,1,4,3,2,3,1,2,1,0,3,1,2,1,1,3,3,3,0,2
P0759,User_0759,user0759@example.com,Student,B.Com,Civil,4th,2030,College A,78.92,Cybersecurity mini project,None,Data analytics,Cloud Engineer,Business Analyst,Get a job,Design,Remote,Delhi,18 months,2,10000-25000,3,0,0,1,0,2,0,3,2,0,3,3,4,3,1,2,2,4,2,2,1,3,0,0,0,1,1,0,0,0,0,1,2
P0760,User_0760,user0760@example.com,Student,B.Sc,ECE,4th,2028,Other,73.58,No project yet,2 internships,Web development,Data Scientist,UI/UX Designer,Become job-ready,"Design, AI/ML, Cybersecurity",Remote,Chennai,24 months,8,Under 5000,2,0,1,0,2,0,2,0,0,0,2,0,2,3,4,2,1,4,0,1,2,0,1,2,0,4,1,3,2,3,1,0,1
P0761,User_0761,user0761@example.com,Student,B.Com,Computer Science,1st,2029,College A,63.25,CRUD web application,1 internship - 6 months,Cybersecurity,Web Developer,Software Developer,Get a job,Business,Remote,Kolhapur,18 months,2,Under 5000,1,0,3,2,0,0,1,0,2,1,4,4,4,1,1,2,0,0,2,3,4,1,2,3,2,1,3,3,1,0,1,2,0
P0762,User_0762,user0762@example.com,Student,B.E./B.Tech,IT,3rd,2030,College B,60.08,Database management project,1 internship - 3 months,Cloud fundamentals,UI/UX Designer,Software Developer,Learn a new field,"Databases, Web development, Data",No preference,Hyderabad,6 months,18,Free,0,0,4,3,3,1,0,0,1,2,3,3,3,0,3,2,3,3,3,1,0,1,0,3,1,3,0,1,0,3,0,2,2
P0763,User_0763,user0763@example.com,Student,B.E./B.Tech,EEE,3rd,2026,College D,76.42,E-commerce website,1 internship - 2 months,Python,Web Developer,Database Administrator,Learn a new field,"Coding, Business, Cloud",Hybrid,Any location,18 months,39,Free,1,1,1,2,3,3,3,0,2,2,0,4,3,1,1,2,1,1,0,3,1,1,3,2,1,1,4,2,1,0,3,1,4
P0764,User_0764,user0764@example.com,Student,BCA,Arts,1st,2026,Other,69.34,CRUD web application,None,Multiple certifications,Web Developer,Database Administrator,Get a job,"Databases, Business",Hybrid,Delhi,3 months,18,25000+,2,2,0,0,0,2,2,4,2,1,3,2,3,0,4,3,3,1,1,2,1,2,1,1,3,1,2,2,3,1,3,0,4
P0765,User_0765,user0765@example.com,Student,M.Sc,EEE,1st,2027,College B,63.39,CRUD web application,1 internship - 2 months,Python,Cybersecurity Analyst,Web Developer,Prepare for internship,"Design, AI/ML",Hybrid,Chennai,18 months,36,10000-25000,1,2,1,1,1,2,1,0,3,2,2,3,0,0,3,0,3,3,0,3,2,3,3,2,0,3,2,4,0,4,4,2,0
P0766,User_0766,user0766@example.com,Student,M.Sc,Arts,1st,2028,Other,60.44,No project yet,2 internships,Cloud fundamentals,Data Analyst,Cybersecurity Analyst,Prepare for internship,Design,Remote,Delhi,12 months,4,25000+,1,3,2,0,3,3,3,0,0,3,0,4,0,1,0,2,1,0,1,1,2,3,0,4,3,3,0,3,0,3,0,1,0
P0767,User_0767,user0767@example.com,Student,B.Com,IT,2nd,2026,Other,74.36,Machine learning project,1 internship - 2 months,Java,DevOps Engineer,Data Scientist,Become job-ready,Cybersecurity,Hybrid,Any location,3 months,11,25000+,3,3,2,0,1,2,1,1,3,0,1,3,1,2,3,2,2,0,0,2,2,0,0,0,1,2,3,2,0,1,4,1,1
P0768,User_0768,user0768@example.com,Student,BCA,Arts,3rd,2027,College D,57.45,Database management project,1 internship - 2 months,Multiple certifications,ML Engineer,ML Engineer,Become job-ready,Data,Hybrid,Chennai,6 months,15,5000-10000,0,3,0,1,4,4,2,1,1,1,0,2,4,1,3,2,0,3,1,2,3,0,0,0,0,4,3,3,2,3,4,3,1
P0769,User_0769,user0769@example.com,Student,M.Tech,IT,3rd,2029,College A,70.25,E-commerce website,1 internship - 3 months,Python,Cybersecurity Analyst,Cloud Engineer,Learn a new field,"Cybersecurity, Web development",No preference,Pune,18 months,3,Under 5000,1,0,3,3,0,3,0,1,2,1,0,2,1,2,2,2,0,2,0,3,0,4,0,3,2,3,1,3,2,0,1,1,1
P0770,User_0770,user0770@example.com,Student,B.Sc,IT,4th,2030,College C,92.27,Data analysis dashboard,1 internship - 3 months,Web development,Data Scientist,Data Scientist,Prepare for internship,"Cloud, AI/ML, Business",Hybrid,Delhi,3 months,28,10000-25000,0,2,4,2,2,4,4,2,1,0,2,1,2,3,1,0,1,3,4,0,3,3,2,2,1,4,2,4,3,3,3,1,0
P0771,User_0771,user0771@example.com,Student,BBA,Commerce,3rd,2026,College C,65.41,Database management project,2 internships,Python,Cybersecurity Analyst,QA Engineer,Switch career,"Business, Cloud, AI/ML",Remote,Delhi,12 months,12,10000-25000,3,2,2,1,3,3,3,1,2,0,3,4,3,2,0,1,3,2,2,4,1,4,1,3,1,3,2,4,3,1,3,3,1
P0772,User_0772,user0772@example.com,Student,MCA,Mechanical,3rd,2030,College D,69.04,Cybersecurity mini project,2 internships,Web development,DevOps Engineer,Cybersecurity Analyst,Build portfolio,"Web development, Cybersecurity",Remote,Hyderabad,24 months,19,25000+,4,1,2,0,0,1,1,1,4,2,0,4,0,3,3,1,4,1,2,0,2,0,0,1,2,4,1,1,0,0,0,1,0
P0773,User_0773,user0773@example.com,Student,M.Tech,Arts,4th,2026,Other,73.34,Machine learning project,None,None,Database Administrator,DevOps Engineer,Get a job,"Cybersecurity, AI/ML, Design",Onsite,Delhi,12 months,16,10000-25000,0,1,1,1,1,0,0,1,1,1,0,4,0,2,0,3,3,2,3,2,0,2,3,1,0,4,1,4,3,2,1,2,2
P0774,User_0774,user0774@example.com,Job seeker,B.Com,Mechanical,Graduated,2027,Other,61.19,Portfolio website,None,Cloud fundamentals,Web Developer,Business Analyst,Switch career,"Design, Cloud",No preference,Pune,18 months,26,Under 5000,1,1,1,3,1,1,3,1,3,0,2,1,3,0,3,2,3,3,2,3,3,1,2,2,2,3,3,2,2,1,2,4,0
P0775,User_0775,user0775@example.com,Student,BCA,IT,4th,2029,College D,67.74,E-commerce website,2 internships,Web development,DevOps Engineer,Web Developer,Get a job,Web development,Hybrid,Chennai,6 months,23,25000+,3,2,3,1,1,2,3,1,1,0,3,3,2,3,1,3,4,2,1,1,1,1,4,2,2,1,0,0,1,1,1,1,2
P0776,User_0776,user0776@example.com,Job seeker,B.Com,Mechanical,Graduated,2027,College B,88.12,Cloud deployment project,1 internship - 3 months,Data analytics,QA Engineer,Business Analyst,Switch career,"Business, Databases, Web development",Onsite,Pune,12 months,27,Free,2,4,1,2,3,2,1,1,3,0,0,4,3,3,3,0,1,4,0,0,1,1,2,0,3,3,2,3,3,1,1,4,0
P0777,User_0777,user0777@example.com,Job seeker,M.Sc,ECE,Graduated,2029,College A,72.29,Machine learning project,1 internship - 3 months,None,Database Administrator,Data Scientist,Build portfolio,Business,No preference,Any location,24 months,39,5000-10000,3,4,2,2,0,3,1,3,2,2,1,2,2,3,1,3,3,4,4,3,2,2,3,1,0,4,3,3,2,0,1,2,1
P0778,User_0778,user0778@example.com,Student,M.Tech,Mechanical,2nd,2026,College A,82.87,Data analysis dashboard,1 internship - 6 months,Java,Data Analyst,QA Engineer,Become job-ready,"Cloud, Data",Hybrid,Mumbai,3 months,36,Under 5000,1,0,4,2,0,0,0,2,2,0,3,1,0,2,1,0,2,1,2,1,1,1,0,3,1,3,0,4,2,4,2,0,3
P0779,User_0779,user0779@example.com,Job seeker,B.Com,ECE,Graduated,2028,College A,84.4,E-commerce website,1 internship - 2 months,Web development,Database Administrator,Software Developer,Learn a new field,"Business, Cybersecurity, AI/ML",Onsite,Any location,18 months,36,Under 5000,3,1,1,0,4,1,2,4,3,1,3,2,0,0,0,3,4,2,4,4,4,2,3,1,1,3,0,3,3,3,2,0,1
P0780,User_0780,user0780@example.com,Student,B.Sc,Other,4th,2026,College D,70.18,Database management project,1 internship - 3 months,Web development,QA Engineer,Data Analyst,Become job-ready,"Databases, Data, Coding",No preference,Chennai,12 months,19,Under 5000,2,4,2,3,1,1,3,1,0,1,2,2,3,3,1,2,1,2,0,4,2,2,1,3,2,4,1,4,4,0,0,3,1
P0781,User_0781,user0781@example.com,Student,M.Sc,Mechanical,3rd,2026,College A,83.96,E-commerce website,1 internship - 6 months,SQL,Business Analyst,Business Analyst,Get a job,Cybersecurity,No preference,Hyderabad,24 months,31,Under 5000,1,4,1,0,3,0,1,1,2,0,3,2,0,2,1,2,0,0,3,1,1,3,1,1,4,1,0,2,0,1,0,3,2
P0782,User_0782,user0782@example.com,Student,Diploma,Commerce,1st,2026,College B,91.62,Machine learning project,2 internships,Cybersecurity,Web Developer,Cybersecurity Analyst,Get a job,"Cloud, Databases",Hybrid,Bengaluru,12 months,26,25000+,3,1,1,0,1,0,0,0,3,4,3,3,3,0,3,3,2,0,3,0,3,3,2,1,0,2,3,3,3,0,2,3,0
P0783,User_0783,user0783@example.com,Job seeker,BBA,Mechanical,Graduated,2027,College B,67.38,E-commerce website,1 internship - 2 months,Data analytics,Business Analyst,ML Engineer,Get a job,"Design, Coding",No preference,Hyderabad,24 months,18,10000-25000,0,3,1,0,3,3,4,0,1,1,3,2,3,2,2,1,4,3,3,2,0,4,1,2,2,3,3,4,4,3,1,1,0
P0784,User_0784,user0784@example.com,Student,B.Com,ECE,4th,2026,College C,87.77,Database management project,None,Multiple certifications,Web Developer,Data Scientist,Build portfolio,"Coding, Design, Databases",No preference,Kolhapur,18 months,3,25000+,2,2,1,3,0,1,1,1,2,1,2,4,3,1,3,3,2,2,3,1,3,2,1,2,1,4,4,1,2,0,1,4,2
P0785,User_0785,user0785@example.com,Student,Diploma,Arts,4th,2029,College D,77.14,Portfolio website,None,Web development,ML Engineer,Data Analyst,Become job-ready,"Data, Coding",Hybrid,Delhi,12 months,1,10000-25000,3,3,1,1,1,1,2,1,1,3,3,3,1,1,1,0,1,1,1,1,2,0,3,2,2,3,1,2,0,3,4,2,1
P0786,User_0786,user0786@example.com,Job seeker,Diploma,Civil,Graduated,2027,College C,85.21,Cybersecurity mini project,1 internship - 6 months,Cybersecurity,Cloud Engineer,Data Analyst,Get a job,"Web development, Coding, Business",Onsite,Chennai,3 months,12,Free,2,2,3,1,0,1,0,0,4,2,0,4,1,3,1,0,3,2,0,2,4,2,2,1,0,4,1,4,2,0,1,2,0
P0787,User_0787,user0787@example.com,Student,BBA,EEE,4th,2027,College B,68.05,UI/UX prototype,1 internship - 6 months,SQL,UI/UX Designer,ML Engineer,Switch career,Coding,Remote,Pune,18 months,40,25000+,1,0,1,3,4,3,3,0,0,2,4,1,2,1,3,1,3,0,0,1,1,0,2,0,2,3,4,1,1,3,0,3,1
P0788,User_0788,user0788@example.com,Job seeker,MCA,Computer Science,Graduated,2026,College C,66.31,Portfolio website,1 internship - 6 months,Cloud fundamentals,ML Engineer,Database Administrator,Get a job,"Cybersecurity, Business, AI/ML",Hybrid,Bengaluru,3 months,40,5000-10000,0,1,3,1,0,4,2,2,3,3,1,2,3,3,2,4,2,3,1,1,1,4,4,3,2,4,0,0,0,3,2,3,3
P0789,User_0789,user0789@example.com,Student,Diploma,Civil,2nd,2027,College C,61.28,UI/UX prototype,1 internship - 3 months,Python,DevOps Engineer,DevOps Engineer,Get a job,"Design, Coding",Remote,Any location,24 months,8,25000+,0,1,1,0,3,1,1,4,0,3,0,4,2,3,0,3,4,1,1,1,0,1,2,1,0,3,1,1,1,2,1,1,0
P0790,User_0790,user0790@example.com,Student,M.Sc,Mechanical,4th,2028,College B,89.03,Machine learning project,2 internships,Web development,DevOps Engineer,Database Administrator,Get a job,"Cybersecurity, Coding, Cloud",No preference,Pune,12 months,10,10000-25000,3,4,1,2,0,4,2,2,4,2,0,0,2,3,0,0,4,3,1,2,0,1,4,0,1,3,3,0,2,1,2,0,2
P0791,User_0791,user0791@example.com,Student,M.Sc,Civil,1st,2030,College D,90.1,Cybersecurity mini project,1 internship - 6 months,SQL,Data Scientist,Data Scientist,Prepare for internship,"Data, Business, Cloud",Remote,Kolhapur,6 months,36,Free,1,0,0,1,3,0,1,2,1,0,2,1,3,2,3,1,1,2,1,4,1,3,0,3,2,3,4,4,1,4,2,0,0
P0792,User_0792,user0792@example.com,Student,M.Sc,Computer Science,3rd,2026,Other,73.42,Machine learning project,1 internship - 6 months,SQL,ML Engineer,Web Developer,Become job-ready,"Coding, AI/ML, Data",Onsite,Hyderabad,18 months,13,10000-25000,0,3,0,0,1,2,0,2,1,2,1,3,2,0,0,0,2,2,3,3,3,1,1,0,1,2,0,2,1,4,3,4,0
P0793,User_0793,user0793@example.com,Student,B.Sc,Other,3rd,2026,College D,78.87,E-commerce website,1 internship - 3 months,Multiple certifications,Software Developer,Data Analyst,Learn a new field,Databases,Hybrid,Mumbai,24 months,35,25000+,2,1,1,2,1,0,3,2,3,2,3,4,1,3,4,0,2,0,1,3,1,0,2,3,3,3,3,1,3,1,0,2,0
P0794,User_0794,user0794@example.com,Student,MCA,Commerce,4th,2030,College D,83.99,Cybersecurity mini project,None,Data analytics,DevOps Engineer,Software Developer,Learn a new field,"Business, Cloud, Data",Onsite,Any location,24 months,2,Under 5000,4,1,0,0,0,0,2,0,3,3,3,3,3,4,2,1,4,3,3,1,0,1,2,1,3,3,2,0,0,0,0,4,2
P0795,User_0795,user0795@example.com,Student,M.Tech,EEE,1st,2030,College C,88.0,Cloud deployment project,2 internships,Web development,QA Engineer,DevOps Engineer,Become job-ready,"Databases, AI/ML",Hybrid,Chennai,12 months,3,Free,2,2,3,1,0,2,3,1,0,4,0,4,1,3,2,0,2,0,0,3,4,0,1,1,4,3,2,3,4,0,3,3,1
P0796,User_0796,user0796@example.com,Student,BCA,Other,4th,2030,Other,75.99,UI/UX prototype,2 internships,SQL,Web Developer,Data Analyst,Prepare for internship,AI/ML,Hybrid,Hyderabad,18 months,13,25000+,1,1,1,3,0,2,1,2,3,1,0,4,3,1,3,2,1,1,2,2,1,1,0,2,1,1,3,0,1,2,0,1,1
P0797,User_0797,user0797@example.com,Student,B.E./B.Tech,Computer Science,1st,2028,College C,92.42,No project yet,None,Cybersecurity,Business Analyst,Data Scientist,Get a job,"Design, Web development",Remote,Mumbai,18 months,20,25000+,1,3,3,4,1,1,1,1,2,3,1,1,3,2,3,2,1,1,2,0,1,0,0,3,3,1,1,4,2,3,1,2,2
P0798,User_0798,user0798@example.com,Student,B.E./B.Tech,IT,4th,2026,College A,71.29,CRUD web application,1 internship - 2 months,Cloud fundamentals,ML Engineer,Data Analyst,Prepare for internship,AI/ML,No preference,Chennai,12 months,23,Under 5000,3,0,2,1,1,2,2,3,0,2,0,4,1,2,2,3,1,4,0,1,4,0,1,1,3,4,2,2,2,1,3,2,2
P0799,User_0799,user0799@example.com,Student,BBA,Civil,2nd,2028,College B,55.82,UI/UX prototype,1 internship - 2 months,SQL,ML Engineer,QA Engineer,Prepare for internship,Data,Onsite,Any location,18 months,26,5000-10000,3,2,2,1,0,1,2,1,3,4,1,4,2,1,0,1,0,3,2,1,2,4,4,1,1,3,2,3,3,3,4,0,2
P0800,User_0800,user0800@example.com,Student,B.E./B.Tech,Computer Science,1st,2030,College B,78.16,No project yet,2 internships,Web development,ML Engineer,Data Scientist,Get a job,"Cloud, Web development, Data",No preference,Hyderabad,6 months,40,Free,2,1,0,2,0,2,1,1,1,3,1,3,1,2,1,3,1,3,1,2,1,1,2,0,3,4,1,3,1,3,0,1,3
P0801,User_0801,user0801@example.com,Student,MCA,EEE,1st,2030,College C,89.28,Machine learning project,2 internships,Data analytics,Data Analyst,Database Administrator,Get a job,"Cloud, Cybersecurity, AI/ML",No preference,Bengaluru,3 months,29,Under 5000,1,1,1,4,1,2,4,3,0,3,0,1,1,2,2,1,3,1,1,1,4,3,1,2,2,4,1,4,1,4,1,0,2
P0802,User_0802,user0802@example.com,Student,MCA,Civil,4th,2026,College D,75.54,Data analysis dashboard,None,Web development,UI/UX Designer,Business Analyst,Learn a new field,"Web development, Coding, AI/ML",Onsite,Any location,24 months,32,25000+,0,2,2,2,3,0,4,1,1,1,3,2,3,2,3,1,1,1,0,0,1,2,0,1,0,2,0,1,3,2,3,3,2
P0803,User_0803,user0803@example.com,Student,M.Tech,Other,4th,2029,Other,92.63,CRUD web application,1 internship - 3 months,Data analytics,DevOps Engineer,Data Scientist,Get a job,"Cybersecurity, Web development, Data",Onsite,Hyderabad,18 months,5,5000-10000,3,1,2,2,2,2,3,0,3,0,1,3,1,3,3,3,2,1,1,4,3,0,0,3,2,0,1,3,0,2,2,0,3
P0804,User_0804,user0804@example.com,Student,BCA,Arts,4th,2027,College D,66.48,No project yet,1 internship - 2 months,Java,Cloud Engineer,Cloud Engineer,Prepare for internship,"Web development, Business, Design",Onsite,Chennai,24 months,37,25000+,4,2,1,0,1,1,0,0,0,0,0,3,1,2,2,1,4,1,3,4,1,2,1,2,3,2,3,0,2,1,0,2,1
P0805,User_0805,user0805@example.com,Student,B.Sc,Arts,4th,2028,College A,80.88,CRUD web application,1 internship - 3 months,Web development,DevOps Engineer,Software Developer,Switch career,Databases,Remote,Kolhapur,12 months,34,Free,3,0,2,1,2,2,0,1,4,0,1,3,2,1,2,3,3,3,2,2,2,2,1,2,4,4,2,0,1,0,1,4,3
P0806,User_0806,user0806@example.com,Student,MCA,Civil,4th,2028,College A,72.33,Machine learning project,1 internship - 2 months,Web development,QA Engineer,Cybersecurity Analyst,Become job-ready,"Cloud, Data",Remote,Kolhapur,6 months,4,Under 5000,3,2,3,0,1,1,4,1,2,1,3,3,1,4,2,3,2,2,2,4,2,0,1,1,0,1,4,3,3,1,2,3,1
P0807,User_0807,user0807@example.com,Student,M.Tech,IT,1st,2029,College A,68.27,E-commerce website,1 internship - 6 months,Python,Software Developer,Software Developer,Switch career,"Coding, Cybersecurity",Remote,Mumbai,18 months,28,25000+,2,1,4,2,0,1,3,0,1,0,1,4,0,4,1,3,2,1,2,3,0,2,4,2,0,4,1,3,0,2,2,0,3
P0808,User_0808,user0808@example.com,Student,M.Sc,Commerce,2nd,2026,Other,83.52,Database management project,1 internship - 3 months,Multiple certifications,QA Engineer,Web Developer,Switch career,Cybersecurity,Hybrid,Any location,12 months,1,25000+,3,1,2,2,0,2,1,1,2,2,2,3,1,3,0,0,2,3,0,1,2,1,1,1,3,3,3,2,4,1,2,4,2
P0809,User_0809,user0809@example.com,Job seeker,B.E./B.Tech,Civil,Graduated,2030,College A,69.58,Machine learning project,1 internship - 6 months,Multiple certifications,Cybersecurity Analyst,UI/UX Designer,Learn a new field,Cybersecurity,Remote,Bengaluru,18 months,8,25000+,0,3,0,2,3,3,3,2,0,3,1,4,1,0,0,0,3,3,2,3,3,2,3,3,0,2,0,4,0,1,2,2,2
P0810,User_0810,user0810@example.com,Student,B.Com,Mechanical,1st,2029,College B,88.41,E-commerce website,1 internship - 6 months,Cybersecurity,Software Developer,ML Engineer,Prepare for internship,Data,Remote,Chennai,18 months,31,Free,0,3,3,1,2,1,3,2,2,1,1,3,0,3,0,2,3,4,2,4,2,2,1,3,2,0,1,4,4,0,1,3,0
P0811,User_0811,user0811@example.com,Working professional,B.Com,Civil,Graduated,2029,College B,63.49,Data analysis dashboard,1 internship - 3 months,Python,UI/UX Designer,Database Administrator,Prepare for internship,"Coding, Data, Web development",Onsite,Any location,18 months,9,10000-25000,4,1,1,4,3,1,2,1,2,1,3,4,3,1,3,0,0,0,1,2,1,1,1,2,2,0,0,1,1,3,1,2,2
P0812,User_0812,user0812@example.com,Job seeker,M.Sc,EEE,Graduated,2027,College B,66.15,Machine learning project,None,Web development,Software Developer,ML Engineer,Learn a new field,"AI/ML, Design",Onsite,Mumbai,6 months,10,25000+,1,2,4,0,1,0,3,1,1,0,1,3,0,2,2,0,1,3,1,2,2,2,1,4,0,3,3,4,3,0,3,0,1
P0813,User_0813,user0813@example.com,Job seeker,B.Sc,Civil,Graduated,2027,College B,71.72,Machine learning project,1 internship - 6 months,None,Cybersecurity Analyst,Data Scientist,Learn a new field,"Coding, Design, AI/ML",Remote,Chennai,18 months,35,5000-10000,2,1,2,1,3,2,0,0,0,0,1,3,2,2,2,0,4,2,0,4,0,3,1,1,0,4,1,4,2,3,2,0,1
P0814,User_0814,user0814@example.com,Student,B.E./B.Tech,ECE,2nd,2029,College D,65.79,Machine learning project,2 internships,Cybersecurity,Software Developer,ML Engineer,Switch career,"Business, Design",Remote,Kolhapur,12 months,13,10000-25000,0,1,4,2,1,0,4,3,2,3,3,4,1,4,2,3,1,2,1,2,0,4,4,2,1,3,3,3,3,0,0,3,2
P0815,User_0815,user0815@example.com,Student,M.Sc,Commerce,1st,2026,College B,71.86,Cybersecurity mini project,1 internship - 2 months,Web development,Data Analyst,Data Scientist,Learn a new field,"Design, Business, Databases",Remote,Delhi,18 months,7,25000+,3,0,1,3,0,1,1,1,1,4,2,2,1,0,0,0,2,3,0,2,2,2,0,3,3,1,1,4,0,4,2,0,0
P0816,User_0816,user0816@example.com,Job seeker,M.Sc,Civil,Graduated,2027,College D,89.36,Cybersecurity mini project,1 internship - 3 months,SQL,Cybersecurity Analyst,Business Analyst,Learn a new field,"AI/ML, Data",No preference,Any location,18 months,13,Under 5000,2,2,1,0,2,3,1,1,0,1,1,3,2,2,0,4,3,1,2,4,2,1,0,3,1,3,2,4,0,1,0,4,1
P0817,User_0817,user0817@example.com,Student,BBA,Arts,3rd,2026,College B,57.89,E-commerce website,None,SQL,UI/UX Designer,UI/UX Designer,Get a job,AI/ML,No preference,Pune,12 months,14,Under 5000,2,0,3,4,1,3,0,1,1,1,2,2,4,2,3,4,1,2,1,0,0,2,0,3,3,1,1,2,2,2,0,0,4
P0818,User_0818,user0818@example.com,Student,Diploma,IT,2nd,2030,College C,55.2,Database management project,None,Java,Business Analyst,ML Engineer,Build portfolio,Web development,No preference,Mumbai,6 months,6,10000-25000,0,2,3,1,3,3,1,2,0,3,0,1,1,0,1,3,0,3,0,2,0,3,0,3,1,2,3,4,0,3,2,0,1
P0819,User_0819,user0819@example.com,Student,B.E./B.Tech,EEE,2nd,2027,College C,94.02,Data analysis dashboard,None,Cybersecurity,Software Developer,DevOps Engineer,Switch career,"Cybersecurity, Coding",Remote,Bengaluru,12 months,38,25000+,3,1,4,0,2,1,1,2,4,0,2,4,2,4,1,0,0,0,4,2,1,1,0,1,3,3,3,3,0,3,2,3,3
P0820,User_0820,user0820@example.com,Job seeker,BBA,Civil,Graduated,2026,Other,55.85,E-commerce website,1 internship - 3 months,Java,QA Engineer,Data Scientist,Prepare for internship,Data,Remote,Mumbai,18 months,33,5000-10000,2,1,0,2,0,1,2,1,4,1,0,3,2,4,0,0,2,1,1,2,1,0,2,1,0,2,1,0,4,0,2,4,3
P0821,User_0821,user0821@example.com,Student,M.Tech,ECE,1st,2029,College C,64.1,Data analysis dashboard,None,Cloud fundamentals,Web Developer,DevOps Engineer,Build portfolio,"Business, Data, Coding",Hybrid,Mumbai,12 months,15,5000-10000,2,1,2,3,0,2,3,2,0,4,0,4,3,0,4,1,2,3,1,0,3,0,0,2,1,3,4,2,2,1,1,2,2
P0822,User_0822,user0822@example.com,Student,B.Sc,Mechanical,3rd,2026,College B,88.44,Portfolio website,2 internships,Python,Data Analyst,Cloud Engineer,Get a job,"Databases, Cloud",No preference,Hyderabad,3 months,29,10000-25000,2,2,2,0,3,3,3,1,0,3,2,1,4,4,0,2,3,4,2,1,1,4,1,4,2,3,0,3,1,1,4,2,2
P0823,User_0823,user0823@example.com,Working professional,B.E./B.Tech,Computer Science,Graduated,2029,College C,70.46,No project yet,1 internship - 6 months,Data analytics,Software Developer,Business Analyst,Build portfolio,"Data, AI/ML",No preference,Chennai,12 months,4,10000-25000,2,0,2,0,1,3,3,0,1,0,1,4,1,4,1,3,1,1,0,1,4,1,0,2,1,2,0,2,0,2,2,1,2
P0824,User_0824,user0824@example.com,Student,M.Sc,Commerce,3rd,2028,College B,76.2,No project yet,None,Multiple certifications,UI/UX Designer,Data Scientist,Become job-ready,Web development,Remote,Delhi,6 months,3,Free,3,1,1,1,3,1,2,0,3,3,3,2,4,2,3,1,3,3,2,0,1,0,1,2,2,0,0,2,0,2,0,0,4
P0825,User_0825,user0825@example.com,Job seeker,B.Com,EEE,Graduated,2028,College D,74.81,E-commerce website,1 internship - 6 months,SQL,Cloud Engineer,Database Administrator,Switch career,"Cloud, Cybersecurity, Coding",No preference,Kolhapur,24 months,21,10000-25000,3,3,2,1,3,0,3,1,2,1,1,4,2,2,3,2,3,2,1,4,3,2,0,1,1,4,2,1,2,0,1,3,4
P0826,User_0826,user0826@example.com,Working professional,BBA,IT,Graduated,2029,College B,72.66,Database management project,None,Java,Data Analyst,Business Analyst,Learn a new field,"Cloud, AI/ML, Databases",Onsite,Any location,6 months,16,25000+,2,0,2,0,4,3,1,0,2,3,0,2,0,1,2,2,4,3,1,2,1,0,1,3,4,2,2,3,1,3,0,2,1
P0827,User_0827,user0827@example.com,Job seeker,B.E./B.Tech,Commerce,Graduated,2026,Other,89.73,No project yet,1 internship - 2 months,Cybersecurity,Software Developer,UI/UX Designer,Become job-ready,"Cybersecurity, Business",Hybrid,Bengaluru,24 months,2,Under 5000,0,4,3,1,1,0,4,1,0,1,2,3,0,4,1,1,3,0,0,1,1,2,0,1,0,4,1,3,3,3,1,3,0
P0828,User_0828,user0828@example.com,Student,B.Com,EEE,1st,2027,Other,84.78,UI/UX prototype,None,SQL,Software Developer,Software Developer,Switch career,"AI/ML, Web development",Hybrid,Pune,6 months,38,Free,0,1,3,1,4,0,3,1,1,4,3,4,1,1,2,0,3,0,1,1,2,2,2,1,1,3,1,4,3,1,2,1,0
P0829,User_0829,user0829@example.com,Student,MCA,Computer Science,2nd,2029,College D,55.53,Machine learning project,2 internships,Cloud fundamentals,QA Engineer,UI/UX Designer,Build portfolio,Business,Hybrid,Pune,18 months,34,Under 5000,1,2,1,0,0,1,1,2,2,0,2,3,3,2,0,2,2,3,0,1,2,2,2,1,3,3,0,3,3,0,0,2,1
P0830,User_0830,user0830@example.com,Student,B.Sc,EEE,2nd,2028,College D,86.99,Portfolio website,1 internship - 6 months,Java,Cloud Engineer,QA Engineer,Prepare for internship,"Cloud, Databases, Coding",Onsite,Pune,18 months,6,10000-25000,4,2,1,0,1,0,2,1,3,0,1,2,2,0,2,1,3,0,2,1,2,0,4,0,1,4,0,1,1,2,0,2,2
P0831,User_0831,user0831@example.com,Job seeker,MCA,EEE,Graduated,2028,College A,82.92,CRUD web application,1 internship - 2 months,Cybersecurity,UI/UX Designer,Database Administrator,Become job-ready,"Coding, Databases, AI/ML",Hybrid,Bengaluru,18 months,31,10000-25000,0,2,1,3,4,1,4,3,2,4,3,1,4,3,2,4,0,1,1,1,1,1,0,1,2,2,2,1,0,3,2,1,3
P0832,User_0832,user0832@example.com,Student,Diploma,ECE,3rd,2030,College B,79.71,E-commerce website,1 internship - 6 months,None,Business Analyst,Database Administrator,Become job-ready,Data,Remote,Chennai,3 months,31,Free,0,2,2,3,3,0,3,1,0,3,1,1,1,2,2,1,1,0,0,4,3,1,2,1,3,3,3,2,2,4,0,0,1
P0833,User_0833,user0833@example.com,Student,B.Com,Computer Science,2nd,2026,College D,69.94,Database management project,1 internship - 3 months,Cloud fundamentals,Data Scientist,Cybersecurity Analyst,Switch career,Design,Hybrid,Any location,12 months,3,25000+,1,1,2,2,0,3,1,3,4,1,1,0,0,2,3,3,1,3,1,0,1,4,0,4,1,4,3,4,2,2,2,2,0
P0834,User_0834,user0834@example.com,Student,B.Com,Civil,4th,2029,Other,94.0,No project yet,1 internship - 6 months,Python,Cloud Engineer,Cybersecurity Analyst,Build portfolio,"Data, Cloud, Web development",Hybrid,Delhi,12 months,15,10000-25000,2,0,0,0,3,1,2,0,3,0,3,4,1,1,2,4,3,0,1,4,2,3,3,1,4,3,0,1,4,1,1,3,0
P0835,User_0835,user0835@example.com,Working professional,BCA,Arts,Graduated,2027,College A,82.46,Data analysis dashboard,1 internship - 2 months,SQL,Software Developer,Web Developer,Prepare for internship,Cloud,Hybrid,Delhi,12 months,19,10000-25000,1,0,4,0,0,0,4,1,3,1,2,4,2,3,0,2,3,2,2,1,2,1,0,0,2,2,4,4,1,1,0,3,1
P0836,User_0836,user0836@example.com,Student,MCA,Arts,2nd,2030,College A,87.36,Database management project,None,Cybersecurity,Database Administrator,Software Developer,Become job-ready,"Design, Web development",Hybrid,Delhi,12 months,29,Free,2,0,0,0,1,2,3,3,0,0,1,0,1,1,1,0,3,2,3,4,0,0,3,1,4,4,2,4,2,2,2,2,0
P0837,User_0837,user0837@example.com,Student,Diploma,Mechanical,3rd,2029,College B,69.49,Cybersecurity mini project,1 internship - 6 months,Cloud fundamentals,Data Analyst,ML Engineer,Switch career,Business,Onsite,Any location,24 months,4,10000-25000,1,2,2,3,0,3,1,1,2,3,1,0,2,1,1,1,1,1,4,1,3,1,1,3,3,1,4,2,2,3,0,2,2
P0838,User_0838,user0838@example.com,Student,BCA,ECE,3rd,2026,College D,86.11,E-commerce website,1 internship - 6 months,Web development,Web Developer,Web Developer,Become job-ready,"Cloud, Databases, Business",No preference,Kolhapur,18 months,16,10000-25000,0,1,1,3,1,1,0,1,0,2,2,4,3,0,3,0,2,3,0,1,4,2,0,3,2,2,3,1,0,2,1,0,2
P0839,User_0839,user0839@example.com,Student,B.Sc,IT,4th,2030,Other,64.98,E-commerce website,1 internship - 2 months,None,Business Analyst,ML Engineer,Become job-ready,"Coding, Data, Design",Onsite,Pune,3 months,12,25000+,1,4,1,0,4,2,2,1,2,2,0,0,2,1,1,3,1,1,2,1,1,3,2,1,4,0,1,4,3,4,4,2,1
P0840,User_0840,user0840@example.com,Student,BCA,EEE,2nd,2030,College C,65.26,Machine learning project,1 internship - 3 months,Cybersecurity,Data Analyst,Cybersecurity Analyst,Build portfolio,"Cloud, AI/ML, Coding",No preference,Chennai,3 months,6,10000-25000,3,1,3,1,1,1,1,2,2,1,0,0,0,0,3,0,1,3,3,0,1,1,1,3,4,3,1,4,0,4,1,3,2
P0841,User_0841,user0841@example.com,Student,B.Sc,Commerce,3rd,2030,College A,90.7,Cybersecurity mini project,None,Python,Business Analyst,QA Engineer,Prepare for internship,"Web development, AI/ML, Design",Hybrid,Bengaluru,12 months,33,5000-10000,2,2,2,3,4,1,2,1,0,1,1,2,3,4,3,2,2,1,0,1,4,1,3,1,3,0,3,4,0,4,1,4,1
P0842,User_0842,user0842@example.com,Student,BBA,Mechanical,4th,2026,College D,59.35,Cloud deployment project,None,Java,Data Analyst,Database Administrator,Learn a new field,Databases,Hybrid,Any location,6 months,40,10000-25000,1,2,3,0,4,2,1,2,0,3,1,3,0,4,1,4,1,1,0,2,1,0,2,3,3,4,0,3,1,4,2,0,1
P0843,User_0843,user0843@example.com,Working professional,BCA,ECE,Graduated,2029,College B,90.52,E-commerce website,1 internship - 2 months,None,Data Analyst,ML Engineer,Become job-ready,"Design, Web development",No preference,Delhi,18 months,23,5000-10000,1,2,0,1,1,1,4,2,1,4,2,1,2,1,0,2,0,3,2,0,1,3,4,3,2,4,1,2,0,1,2,2,2
P0844,User_0844,user0844@example.com,Student,M.Sc,Mechanical,4th,2029,College D,55.14,Portfolio website,1 internship - 6 months,Cloud fundamentals,Business Analyst,Data Scientist,Prepare for internship,"Databases, AI/ML",No preference,Mumbai,24 months,21,25000+,3,3,0,4,2,0,2,1,0,3,1,4,1,1,1,1,3,2,1,3,2,2,1,2,4,0,1,2,2,1,2,1,1
P0845,User_0845,user0845@example.com,Working professional,M.Tech,IT,Graduated,2029,College B,79.42,CRUD web application,None,Java,DevOps Engineer,QA Engineer,Get a job,Cybersecurity,No preference,Hyderabad,6 months,26,10000-25000,3,1,1,2,2,0,0,1,4,2,0,3,2,2,0,3,3,2,2,3,3,1,4,0,0,2,2,1,3,1,2,0,0
P0846,User_0846,user0846@example.com,Student,MCA,Mechanical,2nd,2030,College B,58.86,Portfolio website,2 internships,Cybersecurity,Web Developer,DevOps Engineer,Prepare for internship,Cloud,Onsite,Kolhapur,12 months,10,10000-25000,4,2,1,3,1,0,0,2,0,0,1,3,4,2,3,0,2,3,2,0,0,2,0,3,0,0,2,2,0,3,1,0,2
P0847,User_0847,user0847@example.com,Student,BBA,Arts,3rd,2029,College C,80.33,Database management project,2 internships,None,Business Analyst,Business Analyst,Switch career,Cybersecurity,No preference,Mumbai,3 months,26,25000+,1,3,0,1,4,0,1,2,1,3,1,2,0,0,0,0,0,2,1,1,2,3,1,0,2,0,0,3,1,3,3,1,1
P0848,User_0848,user0848@example.com,Working professional,MCA,EEE,Graduated,2027,College C,75.28,Cloud deployment project,None,Python,Database Administrator,Web Developer,Build portfolio,"AI/ML, Cybersecurity",Onsite,Chennai,6 months,4,Under 5000,2,2,2,2,3,1,1,4,1,0,0,0,1,0,1,0,3,3,2,2,3,0,2,4,1,3,1,2,2,2,3,2,0
P0849,User_0849,user0849@example.com,Student,M.Tech,Commerce,4th,2029,College D,63.08,Machine learning project,1 internship - 3 months,Java,Software Developer,QA Engineer,Build portfolio,Design,Remote,Mumbai,3 months,10,10000-25000,1,3,4,2,1,3,4,2,2,1,2,4,3,1,0,1,0,1,3,0,4,2,2,3,0,1,1,4,1,0,1,0,4
P0850,User_0850,user0850@example.com,Student,BCA,Arts,1st,2026,College C,80.77,CRUD web application,1 internship - 3 months,None,Software Developer,Web Developer,Become job-ready,"Design, Coding, Web development",No preference,Bengaluru,6 months,29,Under 5000,3,1,3,1,1,2,3,1,3,1,2,3,1,3,2,1,0,0,1,3,1,3,2,1,1,4,2,3,0,2,1,0,0
P0851,User_0851,user0851@example.com,Student,Diploma,Other,1st,2028,Other,63.19,Cloud deployment project,None,Multiple certifications,Software Developer,Data Scientist,Switch career,Cloud,No preference,Pune,24 months,13,10000-25000,2,1,3,1,2,0,1,2,2,4,1,3,3,2,2,2,0,0,2,2,2,4,3,0,0,4,1,3,2,1,0,3,3
P0852,User_0852,user0852@example.com,Student,M.Sc,ECE,4th,2027,College C,75.85,Data analysis dashboard,1 internship - 6 months,Web development,DevOps Engineer,Data Analyst,Learn a new field,Cybersecurity,No preference,Chennai,18 months,7,Under 5000,3,3,4,0,1,1,2,0,3,1,0,3,2,0,2,3,3,2,0,1,0,1,1,2,3,2,3,0,2,2,2,2,1
P0853,User_0853,user0853@example.com,Student,BBA,Other,1st,2028,College A,64.03,Database management project,1 internship - 6 months,Cybersecurity,ML Engineer,QA Engineer,Prepare for internship,"Web development, Business",Remote,Kolhapur,18 months,34,10000-25000,0,2,2,4,2,1,4,1,2,3,0,3,2,1,1,2,1,2,1,0,0,1,2,2,1,3,1,4,3,0,0,3,1
P0854,User_0854,user0854@example.com,Working professional,B.E./B.Tech,ECE,Graduated,2027,College D,73.99,Cloud deployment project,2 internships,Cloud fundamentals,Software Developer,Data Analyst,Build portfolio,"Web development, Coding",No preference,Mumbai,12 months,7,10000-25000,1,2,2,2,1,2,4,0,1,0,3,4,1,2,3,2,3,3,1,1,2,1,1,3,0,3,2,2,2,1,2,3,2
P0855,User_0855,user0855@example.com,Student,BBA,Other,4th,2029,College C,71.79,Data analysis dashboard,2 internships,None,QA Engineer,Cloud Engineer,Get a job,Cybersecurity,Remote,Pune,12 months,36,25000+,1,1,3,2,3,0,1,1,2,3,0,3,2,0,3,3,1,2,0,2,3,1,0,2,1,3,1,2,3,1,1,2,1
P0856,User_0856,user0856@example.com,Student,B.Sc,IT,3rd,2027,College D,84.35,Cybersecurity mini project,None,Data analytics,UI/UX Designer,Database Administrator,Learn a new field,"Data, Coding, Cybersecurity",Onsite,Hyderabad,6 months,1,25000+,0,3,3,4,3,0,0,0,3,1,2,4,4,2,3,2,2,2,0,2,0,1,0,3,0,2,2,0,0,3,2,1,3
P0857,User_0857,user0857@example.com,Student,Diploma,Civil,3rd,2030,College D,58.45,UI/UX prototype,1 internship - 6 months,Data analytics,Cloud Engineer,Business Analyst,Become job-ready,Coding,Remote,Hyderabad,3 months,10,10000-25000,2,1,3,1,0,3,0,2,4,3,1,3,2,1,0,2,4,2,3,3,3,1,1,4,3,3,1,2,2,3,0,1,2
P0858,User_0858,user0858@example.com,Student,M.Tech,ECE,1st,2030,College D,66.41,Portfolio website,2 internships,None,DevOps Engineer,Data Scientist,Learn a new field,"Business, Coding",Hybrid,Any location,12 months,6,Under 5000,3,2,0,0,1,2,1,2,3,1,3,4,0,0,4,4,3,0,1,2,1,2,1,1,3,3,0,0,3,1,1,2,3
P0859,User_0859,user0859@example.com,Student,B.Com,Mechanical,4th,2030,College D,74.38,Portfolio website,2 internships,Data analytics,QA Engineer,DevOps Engineer,Build portfolio,"Business, AI/ML",Onsite,Pune,24 months,19,Under 5000,3,0,1,3,2,1,2,1,2,1,1,3,0,2,2,2,0,0,3,1,0,2,4,1,1,1,0,4,2,2,1,3,3
P0860,User_0860,user0860@example.com,Student,M.Tech,Civil,3rd,2028,College A,83.99,Cloud deployment project,1 internship - 2 months,Data analytics,Cybersecurity Analyst,Cloud Engineer,Build portfolio,"Databases, Design, Cybersecurity",Hybrid,Any location,24 months,35,Under 5000,1,2,2,3,0,4,0,2,3,0,2,3,2,0,0,1,4,0,0,2,1,3,1,1,0,4,3,4,2,2,3,3,1
P0861,User_0861,user0861@example.com,Student,MCA,IT,2nd,2027,College B,77.99,UI/UX prototype,1 internship - 6 months,Data analytics,QA Engineer,Web Developer,Learn a new field,"Design, Web development, Cloud",Onsite,Bengaluru,6 months,18,5000-10000,1,3,1,0,0,0,1,1,2,1,0,3,2,3,2,2,4,1,1,1,0,2,1,1,2,2,0,1,3,1,0,1,0
P0862,User_0862,user0862@example.com,Student,BCA,Other,4th,2029,College C,93.7,CRUD web application,1 internship - 6 months,Python,Web Developer,Cybersecurity Analyst,Become job-ready,"Web development, Business, Databases",Remote,Hyderabad,6 months,30,Free,2,2,3,4,2,0,0,0,2,1,2,3,4,1,4,1,4,3,1,2,3,4,0,1,2,1,4,0,2,2,1,3,1
P0863,User_0863,user0863@example.com,Student,M.Sc,EEE,4th,2026,College B,84.46,Machine learning project,None,Multiple certifications,Database Administrator,Business Analyst,Switch career,"Cybersecurity, Design, Cloud",Hybrid,Kolhapur,6 months,20,Under 5000,1,1,2,3,1,2,0,4,3,0,0,4,0,1,3,1,2,2,4,2,1,1,3,2,3,3,1,3,3,2,1,0,0
P0864,User_0864,user0864@example.com,Student,BCA,Mechanical,4th,2029,College C,57.95,Portfolio website,1 internship - 2 months,Cybersecurity,Cybersecurity Analyst,Cloud Engineer,Learn a new field,Cybersecurity,Onsite,Any location,3 months,24,Under 5000,2,0,2,1,1,3,3,2,4,3,1,4,1,3,1,0,4,0,1,1,0,1,2,4,0,4,0,3,2,3,1,3,1
P0865,User_0865,user0865@example.com,Student,Diploma,Commerce,1st,2030,Other,60.41,CRUD web application,1 internship - 2 months,None,Cybersecurity Analyst,Cybersecurity Analyst,Learn a new field,Cloud,Onsite,Bengaluru,12 months,24,Free,0,1,2,0,2,4,0,1,3,1,2,3,3,1,1,2,3,1,0,1,3,0,2,0,1,3,3,3,3,3,3,3,3
P0866,User_0866,user0866@example.com,Job seeker,MCA,Computer Science,Graduated,2029,College C,55.62,Portfolio website,1 internship - 3 months,Cloud fundamentals,UI/UX Designer,Cloud Engineer,Learn a new field,"Design, Coding",No preference,Delhi,12 months,7,25000+,1,2,1,4,4,2,0,1,1,0,3,2,3,0,3,0,2,1,1,1,2,0,1,1,2,0,3,0,1,1,4,4,3
P0867,User_0867,user0867@example.com,Job seeker,Diploma,ECE,Graduated,2029,College A,65.78,CRUD web application,1 internship - 2 months,Java,Database Administrator,Business Analyst,Prepare for internship,AI/ML,Hybrid,Delhi,12 months,36,Under 5000,2,2,2,2,1,3,3,3,2,2,0,0,1,0,0,0,2,0,2,0,1,2,4,0,3,3,0,3,2,2,0,1,2
P0868,User_0868,user0868@example.com,Student,M.Tech,Commerce,3rd,2026,College C,55.14,Portfolio website,2 internships,Web development,Data Analyst,Data Scientist,Get a job,"Design, Cybersecurity",No preference,Pune,24 months,25,Free,1,2,0,0,0,2,2,0,0,2,1,3,0,2,0,2,1,2,3,2,2,0,0,2,3,3,2,3,1,3,3,2,1
P0869,User_0869,user0869@example.com,Student,M.Sc,EEE,2nd,2027,College C,79.06,UI/UX prototype,None,SQL,Cloud Engineer,Software Developer,Build portfolio,"Design, AI/ML, Web development",Onsite,Any location,3 months,11,25000+,2,3,1,0,3,3,2,1,3,2,1,3,3,2,1,2,3,3,2,3,2,3,0,2,0,3,3,0,1,0,0,0,0
P0870,User_0870,user0870@example.com,Job seeker,BCA,EEE,Graduated,2026,Other,80.56,UI/UX prototype,2 internships,Data analytics,Business Analyst,ML Engineer,Switch career,"Data, Coding, AI/ML",No preference,Delhi,24 months,16,5000-10000,1,4,3,3,3,4,1,0,1,2,2,0,3,1,2,1,3,2,2,0,3,2,0,1,2,4,2,2,4,3,1,0,1
P0871,User_0871,user0871@example.com,Student,Diploma,ECE,3rd,2028,College C,84.55,Data analysis dashboard,1 internship - 3 months,Cloud fundamentals,Software Developer,Data Analyst,Learn a new field,"Data, Web development, Design",Hybrid,Mumbai,6 months,4,10000-25000,1,4,3,3,0,0,3,0,0,0,1,4,2,3,1,3,1,1,1,2,1,2,0,1,2,4,1,3,2,2,2,2,0
P0872,User_0872,user0872@example.com,Student,M.Tech,IT,3rd,2026,College C,82.03,Data analysis dashboard,1 internship - 3 months,SQL,QA Engineer,Cloud Engineer,Become job-ready,Coding,Onsite,Pune,24 months,39,5000-10000,1,1,2,0,2,2,1,0,1,1,1,2,1,3,3,3,1,0,2,0,1,3,2,0,1,1,4,3,1,2,3,4,3
P0873,User_0873,user0873@example.com,Student,B.Com,ECE,1st,2028,Other,57.78,CRUD web application,2 internships,Web development,Data Scientist,Software Developer,Learn a new field,"Coding, Web development",Remote,Any location,6 months,18,Under 5000,2,3,2,0,4,0,3,1,2,1,1,0,1,2,1,1,1,3,3,0,4,4,1,1,0,1,0,2,4,4,1,0,1
P0874,User_0874,user0874@example.com,Student,BCA,Civil,1st,2029,College D,57.07,Cloud deployment project,1 internship - 6 months,None,Business Analyst,Data Analyst,Get a job,"Design, Data, AI/ML",Hybrid,Bengaluru,24 months,9,10000-25000,0,4,1,2,4,1,2,0,4,3,3,0,0,1,2,1,4,0,3,1,0,0,2,1,3,0,1,4,1,4,2,1,1
P0875,User_0875,user0875@example.com,Student,B.Sc,Mechanical,1st,2027,College C,85.63,UI/UX prototype,2 internships,Cybersecurity,Web Developer,Data Scientist,Prepare for internship,"Coding, Databases, Design",No preference,Pune,3 months,38,Free,0,1,0,4,1,3,1,0,0,1,0,2,3,2,3,1,2,4,3,0,3,0,3,0,0,3,2,0,0,2,1,4,1
P0876,User_0876,user0876@example.com,Student,B.Com,Civil,1st,2030,College D,80.01,Data analysis dashboard,1 internship - 6 months,Cybersecurity,Database Administrator,Cloud Engineer,Build portfolio,"AI/ML, Business",Hybrid,Mumbai,3 months,16,Free,2,2,0,0,3,4,3,4,1,0,3,2,1,0,2,2,4,0,4,0,2,2,2,1,3,3,0,4,3,1,0,1,2
P0877,User_0877,user0877@example.com,Student,MCA,Commerce,1st,2030,College C,84.34,E-commerce website,1 internship - 2 months,None,Cybersecurity Analyst,QA Engineer,Prepare for internship,Business,No preference,Chennai,3 months,10,25000+,0,2,2,2,2,3,3,0,2,1,1,3,2,1,1,0,0,2,0,4,1,2,2,0,2,4,0,4,4,1,0,2,2
P0878,User_0878,user0878@example.com,Student,Diploma,Civil,1st,2030,College B,69.43,No project yet,None,Multiple certifications,Cloud Engineer,Business Analyst,Learn a new field,Coding,Remote,Delhi,12 months,27,10000-25000,4,1,0,0,4,2,0,0,0,2,2,3,4,1,1,2,0,1,0,4,0,2,2,1,1,4,2,1,0,2,1,1,0
P0879,User_0879,user0879@example.com,Student,B.E./B.Tech,Arts,4th,2027,College D,68.56,Database management project,1 internship - 3 months,Data analytics,ML Engineer,Data Scientist,Learn a new field,Coding,Remote,Delhi,18 months,18,5000-10000,1,0,2,1,0,0,0,0,0,0,0,3,4,2,0,1,2,4,1,2,3,2,1,1,1,3,0,4,0,3,3,4,0
P0880,User_0880,user0880@example.com,Student,Diploma,EEE,4th,2027,College A,75.11,UI/UX prototype,None,None,QA Engineer,Data Scientist,Switch career,Coding,Remote,Chennai,3 months,16,25000+,3,3,3,2,0,1,3,1,3,3,0,3,1,3,3,3,1,1,0,2,3,3,0,2,4,3,0,4,3,1,0,3,0
P0881,User_0881,user0881@example.com,Student,B.Sc,Commerce,1st,2027,College A,83.29,Data analysis dashboard,2 internships,Cloud fundamentals,QA Engineer,Database Administrator,Switch career,"Design, Web development",No preference,Chennai,12 months,38,25000+,2,2,1,2,1,2,0,1,0,0,3,3,1,3,1,2,1,2,3,1,0,4,0,2,4,3,3,2,2,1,2,4,3
P0882,User_0882,user0882@example.com,Student,BCA,Mechanical,2nd,2027,College D,76.49,No project yet,None,None,Database Administrator,Cybersecurity Analyst,Prepare for internship,Cloud,Onsite,Hyderabad,18 months,38,Free,3,3,2,1,1,0,2,1,0,0,1,1,0,2,1,0,4,0,3,1,0,2,3,2,3,3,1,2,2,2,1,2,0
P0883,User_0883,user0883@example.com,Student,M.Sc,Commerce,2nd,2026,College C,66.77,UI/UX prototype,1 internship - 2 months,Cloud fundamentals,Cybersecurity Analyst,UI/UX Designer,Build portfolio,"Databases, Coding",Remote,Kolhapur,24 months,34,10000-25000,0,4,4,0,3,3,2,3,3,1,0,3,3,3,1,2,3,0,1,4,3,1,0,2,2,3,2,4,2,1,1,1,2
P0884,User_0884,user0884@example.com,Student,M.Sc,EEE,2nd,2028,College B,90.34,Database management project,2 internships,Multiple certifications,Cybersecurity Analyst,Software Developer,Build portfolio,Cloud,Hybrid,Bengaluru,24 months,32,Under 5000,4,0,2,3,3,3,3,0,0,3,2,2,0,1,1,1,3,0,1,3,2,3,3,0,4,4,0,3,0,4,2,1,2
P0885,User_0885,user0885@example.com,Student,BBA,Commerce,4th,2029,College C,76.83,CRUD web application,1 internship - 3 months,Multiple certifications,Software Developer,Web Developer,Build portfolio,"AI/ML, Cloud, Design",Onsite,Any location,12 months,16,10000-25000,3,2,4,0,2,0,3,1,3,1,0,3,4,3,2,3,2,3,2,2,1,1,0,1,1,4,1,1,1,3,3,2,0
P0886,User_0886,user0886@example.com,Student,B.E./B.Tech,Mechanical,3rd,2027,College D,87.74,CRUD web application,1 internship - 2 months,Web development,DevOps Engineer,QA Engineer,Build portfolio,"Coding, AI/ML",Hybrid,Kolhapur,24 months,35,Under 5000,2,2,0,3,1,0,2,2,3,1,3,1,3,2,1,3,4,3,2,3,2,1,0,1,2,4,1,1,1,0,0,3,1
P0887,User_0887,user0887@example.com,Job seeker,Diploma,IT,Graduated,2030,Other,68.25,E-commerce website,2 internships,Java,QA Engineer,Business Analyst,Prepare for internship,"Coding, Cloud",No preference,Mumbai,12 months,16,25000+,1,1,0,1,1,2,1,0,1,2,1,4,2,3,1,1,0,2,2,0,2,3,1,0,1,3,3,3,4,2,2,4,2
P0888,User_0888,user0888@example.com,Student,B.Sc,Arts,2nd,2029,Other,73.24,Cybersecurity mini project,1 internship - 6 months,Web development,Data Scientist,DevOps Engineer,Become job-ready,Data,Remote,Delhi,18 months,23,Free,1,4,2,0,0,2,2,1,2,1,1,3,0,1,0,3,2,4,1,0,2,3,1,4,2,4,2,3,1,3,0,3,1
P0889,User_0889,user0889@example.com,Student,B.Sc,ECE,3rd,2026,College D,88.68,Database management project,1 internship - 6 months,Multiple certifications,Cloud Engineer,Web Developer,Learn a new field,"Business, Coding",Hybrid,Delhi,18 months,30,25000+,2,2,0,3,3,0,1,1,1,0,2,2,0,2,0,1,4,2,1,3,2,1,2,1,2,4,1,3,0,2,1,0,1
P0890,User_0890,user0890@example.com,Student,MCA,Arts,4th,2029,College C,67.51,E-commerce website,2 internships,SQL,Data Analyst,UI/UX Designer,Prepare for internship,Cybersecurity,Onsite,Chennai,12 months,7,Under 5000,1,1,2,0,1,0,1,4,0,3,1,0,2,0,1,0,1,3,3,0,0,3,1,2,2,1,0,3,0,1,2,0,3
P0891,User_0891,user0891@example.com,Student,B.Com,EEE,3rd,2030,Other,75.62,Cybersecurity mini project,1 internship - 3 months,Cybersecurity,Cybersecurity Analyst,Data Scientist,Build portfolio,Databases,No preference,Bengaluru,18 months,31,5000-10000,1,0,0,1,0,4,2,4,3,0,0,3,1,1,1,3,1,2,2,3,2,3,1,0,0,4,0,3,2,0,2,0,0
P0892,User_0892,user0892@example.com,Job seeker,Diploma,EEE,Graduated,2030,College B,83.93,Data analysis dashboard,None,Python,QA Engineer,Database Administrator,Become job-ready,Coding,Onsite,Pune,3 months,14,5000-10000,1,1,2,3,0,1,4,2,2,3,2,3,2,3,2,0,0,4,1,2,3,2,0,3,1,3,0,4,3,0,2,3,3
P0893,User_0893,user0893@example.com,Student,B.Sc,IT,1st,2029,Other,84.42,CRUD web application,1 internship - 3 months,Cloud fundamentals,Software Developer,Web Developer,Become job-ready,"Design, AI/ML, Cloud",No preference,Pune,24 months,6,Free,2,4,3,1,1,1,4,0,2,2,2,4,1,4,0,2,3,0,4,2,2,3,1,0,2,2,3,4,0,0,0,1,1
P0894,User_0894,user0894@example.com,Student,BCA,ECE,1st,2027,College C,63.06,Portfolio website,2 internships,Cybersecurity,Data Scientist,QA Engineer,Get a job,Data,Hybrid,Bengaluru,6 months,24,5000-10000,1,0,2,1,2,0,3,3,4,1,2,2,0,2,0,3,0,4,0,2,1,4,2,4,1,3,1,3,1,4,0,1,2
P0895,User_0895,user0895@example.com,Working professional,BBA,EEE,Graduated,2029,College D,82.49,Portfolio website,1 internship - 2 months,Multiple certifications,Cloud Engineer,Database Administrator,Learn a new field,"Data, Databases, Business",Hybrid,Kolhapur,3 months,26,25000+,4,3,2,4,1,3,2,2,4,0,2,4,1,1,1,3,3,1,4,3,2,0,2,0,1,4,3,2,2,2,0,3,2
P0896,User_0896,user0896@example.com,Student,B.Com,Other,3rd,2026,College B,65.25,Machine learning project,None,Web development,Cybersecurity Analyst,Software Developer,Learn a new field,"Web development, Business",Hybrid,Mumbai,12 months,36,Free,2,3,1,3,0,3,0,1,2,0,2,3,1,4,1,3,3,2,1,4,2,3,1,0,0,3,0,1,0,4,2,1,2
P0897,User_0897,user0897@example.com,Student,M.Sc,Arts,1st,2030,College C,59.31,CRUD web application,None,SQL,Cybersecurity Analyst,Cloud Engineer,Get a job,"AI/ML, Data, Web development",Remote,Mumbai,12 months,10,25000+,0,0,0,2,2,1,3,0,4,1,1,4,0,3,4,0,2,1,3,0,2,1,1,1,3,3,1,3,1,0,1,3,2
P0898,User_0898,user0898@example.com,Job seeker,BCA,Commerce,Graduated,2027,Other,55.91,CRUD web application,1 internship - 3 months,SQL,Data Scientist,DevOps Engineer,Switch career,"Cloud, Databases",Remote,Delhi,6 months,11,25000+,0,2,0,1,1,2,3,1,0,0,3,1,2,1,0,2,2,0,0,2,0,3,0,3,3,3,1,4,2,4,0,1,2
P0899,User_0899,user0899@example.com,Student,BBA,Civil,3rd,2029,College C,64.87,CRUD web application,2 internships,Cloud fundamentals,QA Engineer,Cybersecurity Analyst,Prepare for internship,"Design, Web development, Data",Onsite,Mumbai,18 months,40,Under 5000,4,2,2,0,2,1,2,3,2,1,1,1,1,3,1,1,0,0,1,0,1,3,4,3,1,1,4,3,3,3,1,4,3
P0900,User_0900,user0900@example.com,Student,B.E./B.Tech,EEE,1st,2029,College C,88.31,Portfolio website,None,Python,Data Analyst,Data Analyst,Get a job,Data,Hybrid,Bengaluru,18 months,19,10000-25000,2,0,2,1,2,0,1,2,0,2,0,3,4,1,2,2,0,1,0,2,3,1,0,4,2,3,2,3,2,2,0,3,1
P0901,User_0901,user0901@example.com,Student,M.Tech,Commerce,2nd,2026,Other,89.54,Machine learning project,2 internships,Cybersecurity,UI/UX Designer,DevOps Engineer,Switch career,"Coding, Web development, Cybersecurity",Remote,Delhi,6 months,8,Under 5000,2,2,4,3,3,2,2,3,4,0,3,1,4,2,3,3,1,2,4,3,2,1,2,1,2,0,0,0,1,1,1,2,3
P0902,User_0902,user0902@example.com,Student,BBA,IT,1st,2026,College B,74.79,CRUD web application,1 internship - 3 months,Web development,Software Developer,Cybersecurity Analyst,Learn a new field,"Business, AI/ML, Data",Hybrid,Chennai,3 months,38,Under 5000,0,0,4,3,3,4,4,0,4,1,2,2,2,4,0,2,3,0,0,3,3,1,1,3,3,3,2,4,1,1,1,0,4
P0903,User_0903,user0903@example.com,Student,B.Com,EEE,4th,2028,Other,85.23,No project yet,1 internship - 2 months,Cybersecurity,Cloud Engineer,Business Analyst,Build portfolio,"Databases, Coding",Remote,Mumbai,24 months,19,25000+,3,0,3,2,1,2,1,4,4,2,3,3,3,1,2,1,0,2,1,3,2,0,4,3,1,3,1,0,2,3,2,2,0
P0904,User_0904,user0904@example.com,Working professional,Diploma,Arts,Graduated,2026,College A,57.85,Database management project,1 internship - 6 months,None,Web Developer,Data Scientist,Get a job,"Design, Web development",Hybrid,Mumbai,6 months,14,10000-25000,1,1,2,4,2,1,1,1,1,4,2,3,2,3,3,0,2,0,1,3,3,1,1,3,0,0,3,2,3,1,2,2,2
P0905,User_0905,user0905@example.com,Student,MCA,Computer Science,4th,2028,Other,73.45,Data analysis dashboard,1 internship - 6 months,Data analytics,Data Analyst,Software Developer,Become job-ready,Coding,No preference,Any location,6 months,7,10000-25000,4,2,0,0,2,1,1,0,0,3,2,3,0,3,0,1,2,1,1,3,1,3,2,4,2,3,1,2,0,2,0,0,1
P0906,User_0906,user0906@example.com,Student,M.Sc,Commerce,4th,2027,College B,58.86,E-commerce website,None,Cloud fundamentals,Data Analyst,Cybersecurity Analyst,Get a job,Databases,No preference,Delhi,3 months,10,25000+,1,0,0,0,0,2,1,3,2,4,0,2,1,1,1,2,3,0,2,4,3,1,1,3,2,3,3,1,3,0,0,3,0
P0907,User_0907,user0907@example.com,Job seeker,MCA,Arts,Graduated,2026,College B,56.32,Machine learning project,2 internships,Multiple certifications,Cloud Engineer,Cybersecurity Analyst,Prepare for internship,Data,Onsite,Bengaluru,24 months,7,Under 5000,3,2,3,1,1,1,0,3,3,0,3,2,1,0,1,0,3,3,1,2,2,1,3,2,1,3,0,1,3,0,2,0,1
P0908,User_0908,user0908@example.com,Student,Diploma,Mechanical,4th,2028,College C,58.3,E-commerce website,None,None,Cybersecurity Analyst,Business Analyst,Get a job,Databases,Hybrid,Bengaluru,18 months,24,10000-25000,3,0,0,1,0,3,1,0,2,2,1,3,2,1,1,1,2,3,0,2,2,1,2,0,2,2,2,3,0,3,1,1,2
P0909,User_0909,user0909@example.com,Student,M.Tech,Other,3rd,2026,College D,78.87,CRUD web application,1 internship - 2 months,Data analytics,Software Developer,Data Analyst,Prepare for internship,"AI/ML, Business, Data",Onsite,Kolhapur,12 months,38,Under 5000,0,2,3,3,1,0,3,3,0,3,3,4,1,3,2,4,3,0,1,3,1,0,2,0,1,4,2,2,0,1,2,2,0
P0910,User_0910,user0910@example.com,Student,MCA,Other,4th,2029,College C,64.54,E-commerce website,2 internships,None,UI/UX Designer,Software Developer,Get a job,"Coding, Business, Cloud",Onsite,Kolhapur,18 months,24,5000-10000,1,2,1,4,4,1,1,1,1,0,3,3,3,1,4,4,3,1,0,2,0,4,1,1,2,3,1,0,3,0,3,2,4
P0911,User_0911,user0911@example.com,Student,MCA,Other,2nd,2026,Other,88.16,Data analysis dashboard,1 internship - 3 months,None,Software Developer,Database Administrator,Become job-ready,"Business, AI/ML, Databases",Remote,Chennai,3 months,33,25000+,2,2,3,0,1,0,2,0,3,1,0,2,0,4,1,3,1,2,2,2,2,4,2,2,3,3,0,4,2,0,0,2,0
P0912,User_0912,user0912@example.com,Student,B.Sc,Arts,3rd,2029,College A,76.87,Cloud deployment project,None,Python,Software Developer,Data Analyst,Switch career,"Databases, Design, Web development",Hybrid,Mumbai,6 months,5,Under 5000,2,1,4,2,2,0,0,0,1,0,0,3,1,4,0,1,1,1,0,0,2,2,0,3,0,3,1,2,0,0,2,2,2
P0913,User_0913,user0913@example.com,Student,B.E./B.Tech,Commerce,4th,2030,College D,71.24,E-commerce website,1 internship - 3 months,Data analytics,Database Administrator,Business Analyst,Prepare for internship,"Data, Databases, Business",Onsite,Bengaluru,18 months,27,5000-10000,1,3,0,2,1,1,3,3,1,2,3,1,4,0,0,3,2,0,2,2,0,2,3,4,1,3,0,3,0,2,2,1,4
P0914,User_0914,user0914@example.com,Student,Diploma,EEE,3rd,2027,Other,92.12,Database management project,1 internship - 2 months,Python,ML Engineer,UI/UX Designer,Prepare for internship,"Design, Data",Hybrid,Pune,24 months,3,Under 5000,2,2,2,2,3,0,2,2,0,2,4,3,0,1,1,0,1,4,2,1,0,0,0,1,4,2,2,3,1,4,1,2,3
P0915,User_0915,user0915@example.com,Working professional,M.Tech,Commerce,Graduated,2026,College B,92.17,Data analysis dashboard,None,Cybersecurity,Data Scientist,ML Engineer,Switch career,"AI/ML, Cloud, Web development",No preference,Mumbai,24 months,36,10000-25000,0,0,1,0,4,0,0,2,2,4,2,4,0,1,0,2,2,1,4,0,3,4,1,3,2,4,3,2,3,3,3,0,1
P0916,User_0916,user0916@example.com,Student,B.E./B.Tech,ECE,4th,2027,College A,73.14,Cybersecurity mini project,1 internship - 6 months,None,Database Administrator,UI/UX Designer,Become job-ready,"Design, Cybersecurity",Hybrid,Pune,18 months,5,25000+,4,4,2,2,1,0,2,3,1,2,0,1,0,1,0,0,3,1,4,1,2,3,1,0,3,3,0,3,0,2,2,3,1
P0917,User_0917,user0917@example.com,Student,B.E./B.Tech,Mechanical,2nd,2029,College D,68.45,UI/UX prototype,1 internship - 3 months,None,DevOps Engineer,Cybersecurity Analyst,Build portfolio,Business,No preference,Pune,24 months,9,5000-10000,2,2,1,0,0,0,1,2,1,2,0,3,1,3,2,3,3,2,2,1,1,3,3,2,0,3,0,0,4,1,0,1,0
P0918,User_0918,user0918@example.com,Student,B.Sc,ECE,3rd,2027,Other,74.89,Cybersecurity mini project,1 internship - 2 months,Web development,Web Developer,Web Developer,Build portfolio,"Databases, Cybersecurity, Business",Remote,Chennai,12 months,26,Under 5000,1,1,2,1,1,0,2,0,1,2,0,4,2,0,2,2,4,1,0,3,3,3,1,2,1,2,4,1,2,1,1,1,1
P0919,User_0919,user0919@example.com,Job seeker,B.Com,Computer Science,Graduated,2028,College A,67.37,Database management project,1 internship - 6 months,Java,QA Engineer,Cybersecurity Analyst,Prepare for internship,"AI/ML, Design",No preference,Any location,3 months,32,Under 5000,1,2,1,0,1,1,0,2,1,1,2,2,1,3,2,0,2,1,0,1,2,1,1,0,3,3,3,1,4,2,1,4,1
P0920,User_0920,user0920@example.com,Student,B.Sc,ECE,1st,2026,College A,62.17,No project yet,1 internship - 2 months,Data analytics,Cybersecurity Analyst,Business Analyst,Switch career,Cybersecurity,Remote,Mumbai,3 months,40,5000-10000,1,1,1,3,3,1,1,4,3,2,2,3,2,0,0,2,3,3,3,3,1,1,3,4,1,4,0,4,1,2,0,0,0
P0921,User_0921,user0921@example.com,Student,B.Com,Other,2nd,2026,College D,86.79,Portfolio website,2 internships,Java,DevOps Engineer,Cloud Engineer,Learn a new field,"Data, Cybersecurity",Hybrid,Hyderabad,24 months,3,Free,3,2,3,0,2,2,4,1,2,1,2,0,2,3,1,4,3,1,1,1,3,0,0,3,2,4,2,3,3,3,1,2,0
P0922,User_0922,user0922@example.com,Working professional,MCA,Arts,Graduated,2030,Other,64.64,CRUD web application,None,Multiple certifications,Data Scientist,Cloud Engineer,Become job-ready,AI/ML,No preference,Pune,6 months,16,5000-10000,1,2,0,4,3,0,1,1,3,4,0,2,2,3,2,0,2,4,3,0,2,2,4,3,1,1,1,0,1,2,0,0,1
P0923,User_0923,user0923@example.com,Job seeker,M.Tech,ECE,Graduated,2029,College D,64.06,No project yet,1 internship - 2 months,Data analytics,DevOps Engineer,Data Scientist,Become job-ready,Data,Onsite,Any location,18 months,2,5000-10000,3,1,2,1,1,0,0,2,2,1,2,3,1,0,4,4,2,3,2,0,2,4,0,0,1,3,0,1,2,2,0,0,2
P0924,User_0924,user0924@example.com,Student,M.Tech,Computer Science,2nd,2030,College A,60.36,Data analysis dashboard,1 internship - 2 months,Python,Data Scientist,ML Engineer,Learn a new field,"Business, Web development, AI/ML",Onsite,Mumbai,3 months,40,Under 5000,3,1,2,3,2,2,1,2,2,0,2,1,2,2,0,0,3,4,2,3,3,3,2,3,1,4,1,2,1,1,0,2,2
P0925,User_0925,user0925@example.com,Student,B.Sc,IT,2nd,2027,College C,69.58,Database management project,1 internship - 3 months,Cybersecurity,Data Analyst,Business Analyst,Switch career,Data,Onsite,Delhi,18 months,14,5000-10000,0,1,2,0,1,1,0,4,3,4,1,2,3,1,4,3,0,1,1,2,1,2,2,4,4,2,0,2,1,3,1,3,2
P0926,User_0926,user0926@example.com,Job seeker,BBA,IT,Graduated,2026,College A,69.96,Cloud deployment project,None,Cybersecurity,Cloud Engineer,QA Engineer,Get a job,"Databases, Cloud",Hybrid,Kolhapur,12 months,22,10000-25000,2,2,0,3,1,2,2,2,3,1,2,3,3,2,1,0,3,2,2,4,1,1,1,1,1,4,4,1,2,3,1,1,2
P0927,User_0927,user0927@example.com,Student,BCA,Other,1st,2029,College B,67.97,Data analysis dashboard,2 internships,Cloud fundamentals,UI/UX Designer,Business Analyst,Get a job,"Databases, AI/ML",Hybrid,Any location,12 months,32,25000+,1,1,0,3,4,1,1,3,1,2,3,1,4,2,3,0,2,3,0,1,2,0,0,1,0,2,2,0,2,0,0,0,4
P0928,User_0928,user0928@example.com,Student,Diploma,Computer Science,1st,2026,College A,66.49,UI/UX prototype,None,Web development,DevOps Engineer,Database Administrator,Build portfolio,"Cloud, Business, Data",Onsite,Bengaluru,18 months,5,Free,3,1,0,2,3,1,2,2,2,4,1,4,4,0,1,3,3,2,2,2,2,1,1,3,3,3,2,1,0,2,2,1,0
P0929,User_0929,user0929@example.com,Student,MCA,Civil,3rd,2026,College C,67.43,No project yet,None,Web development,Database Administrator,Cybersecurity Analyst,Get a job,"Business, AI/ML, Web development",Remote,Bengaluru,18 months,22,5000-10000,1,2,3,0,2,1,4,3,2,2,0,2,3,4,0,3,3,1,4,0,3,4,3,2,0,0,1,0,1,1,0,1,1
P0930,User_0930,user0930@example.com,Student,MCA,IT,3rd,2027,College D,71.99,E-commerce website,2 internships,Cloud fundamentals,DevOps Engineer,Software Developer,Get a job,"Coding, Databases, Web development",Onsite,Bengaluru,12 months,34,Free,4,4,4,3,3,2,1,3,4,2,0,3,2,0,2,4,2,1,2,2,1,2,4,2,2,3,4,1,2,2,2,3,3
P0931,User_0931,user0931@example.com,Student,B.E./B.Tech,IT,2nd,2028,College B,61.66,Machine learning project,1 internship - 6 months,Data analytics,QA Engineer,Web Developer,Learn a new field,"AI/ML, Cybersecurity, Data",No preference,Pune,18 months,7,Free,0,3,2,1,4,2,1,0,4,1,2,3,3,3,3,2,0,1,2,1,2,2,0,2,2,4,1,4,2,1,2,3,3
P0932,User_0932,user0932@example.com,Working professional,B.Sc,Civil,Graduated,2026,College D,56.75,Portfolio website,1 internship - 2 months,Multiple certifications,Data Analyst,Web Developer,Become job-ready,"AI/ML, Web development",Onsite,Mumbai,6 months,18,10000-25000,1,1,2,0,2,1,3,2,3,4,0,3,0,0,1,0,3,1,1,2,2,3,0,3,4,4,0,4,2,3,3,0,1
P0933,User_0933,user0933@example.com,Student,Diploma,Other,2nd,2029,College C,83.76,CRUD web application,1 internship - 2 months,Cloud fundamentals,DevOps Engineer,QA Engineer,Switch career,Business,Onsite,Chennai,6 months,25,25000+,3,0,0,4,3,3,2,1,2,2,2,3,0,3,1,2,3,2,0,2,1,0,4,2,2,3,4,1,0,1,1,2,1
P0934,User_0934,user0934@example.com,Student,B.Com,ECE,1st,2026,College C,87.53,Database management project,1 internship - 3 months,Cybersecurity,Data Analyst,Cybersecurity Analyst,Get a job,Cloud,Hybrid,Hyderabad,12 months,38,5000-10000,0,2,3,1,2,0,0,1,2,3,2,4,3,1,2,3,0,3,1,3,3,1,1,4,3,4,1,3,1,2,3,0,1
P0935,User_0935,user0935@example.com,Student,B.Sc,Arts,1st,2027,College C,93.83,Cloud deployment project,1 internship - 3 months,Java,Cloud Engineer,Software Developer,Learn a new field,Cloud,Onsite,Bengaluru,12 months,8,Free,3,1,1,0,1,1,1,2,3,1,2,3,1,3,3,2,4,1,4,3,2,0,0,2,0,3,2,3,1,1,2,1,1
P0936,User_0936,user0936@example.com,Student,B.Sc,Commerce,2nd,2030,Other,68.87,Data analysis dashboard,None,Multiple certifications,Data Analyst,UI/UX Designer,Become job-ready,"Cloud, Design, Coding",Remote,Mumbai,3 months,4,25000+,1,0,0,3,1,0,1,3,2,3,3,0,2,3,0,0,3,2,2,2,1,1,0,3,1,0,1,3,4,3,1,3,3
P0937,User_0937,user0937@example.com,Working professional,Diploma,Computer Science,Graduated,2028,College B,55.15,Database management project,1 internship - 2 months,Python,Database Administrator,UI/UX Designer,Learn a new field,"Cybersecurity, Web development",No preference,Kolhapur,12 months,9,5000-10000,1,2,1,3,2,1,2,0,1,0,3,2,3,1,0,1,2,2,3,0,2,0,0,0,3,3,3,2,0,2,3,4,3
P0938,User_0938,user0938@example.com,Job seeker,M.Tech,Arts,Graduated,2026,College A,69.9,CRUD web application,1 internship - 6 months,Cybersecurity,DevOps Engineer,ML Engineer,Get a job,"Coding, Data",Onsite,Any location,18 months,35,10000-25000,3,3,2,3,0,0,3,0,3,3,3,3,2,0,0,4,3,1,3,0,2,4,1,2,0,1,1,2,3,1,3,1,0
P0939,User_0939,user0939@example.com,Student,B.E./B.Tech,Other,2nd,2026,College B,78.83,Machine learning project,1 internship - 6 months,SQL,Software Developer,UI/UX Designer,Get a job,"AI/ML, Design",Onsite,Mumbai,3 months,8,Under 5000,0,3,2,1,1,1,1,4,0,1,1,3,1,3,2,3,1,2,1,3,1,2,2,2,1,4,1,1,1,3,3,0,2
P0940,User_0940,user0940@example.com,Student,BCA,Arts,2nd,2029,College D,70.59,Cybersecurity mini project,1 internship - 6 months,Cybersecurity,Cloud Engineer,DevOps Engineer,Switch career,"Databases, AI/ML",No preference,Pune,12 months,11,5000-10000,2,1,1,1,1,1,2,0,3,3,0,2,1,3,1,4,4,2,1,2,0,2,1,1,2,4,0,1,1,2,3,1,3
P0941,User_0941,user0941@example.com,Student,B.E./B.Tech,IT,3rd,2026,College C,63.55,Cybersecurity mini project,1 internship - 2 months,Cloud fundamentals,Cybersecurity Analyst,QA Engineer,Build portfolio,Data,Remote,Chennai,24 months,23,Free,3,2,1,2,2,3,2,1,4,1,2,3,1,0,0,3,4,3,0,3,1,2,1,1,3,1,1,2,1,1,3,2,1
P0942,User_0942,user0942@example.com,Job seeker,Diploma,Arts,Graduated,2026,College C,76.2,Database management project,1 internship - 2 months,Data analytics,UI/UX Designer,UI/UX Designer,Build portfolio,Coding,No preference,Hyderabad,12 months,33,Free,3,0,1,4,4,4,2,3,1,1,3,1,4,1,3,2,1,0,2,3,2,2,0,2,1,1,0,1,1,1,4,3,3
P0943,User_0943,user0943@example.com,Student,Diploma,IT,3rd,2030,College C,57.84,Cybersecurity mini project,1 internship - 6 months,Cloud fundamentals,Web Developer,Software Developer,Prepare for internship,Business,No preference,Any location,12 months,11,25000+,3,3,3,3,3,3,1,0,2,2,2,3,2,1,2,3,2,2,2,2,4,2,0,0,2,3,3,0,0,0,2,0,0
P0944,User_0944,user0944@example.com,Student,Diploma,IT,1st,2030,College D,57.2,Portfolio website,1 internship - 6 months,Web development,Software Developer,UI/UX Designer,Prepare for internship,"Cloud, Coding",Onsite,Delhi,18 months,1,10000-25000,1,2,2,2,2,2,4,1,0,0,0,2,0,2,2,0,1,1,1,1,0,1,2,0,0,3,4,4,2,1,2,1,1
P0945,User_0945,user0945@example.com,Student,MCA,Arts,4th,2028,Other,67.2,No project yet,2 internships,Web development,Business Analyst,Web Developer,Build portfolio,Coding,Onsite,Kolhapur,24 months,8,Under 5000,3,3,1,0,4,2,3,0,1,4,0,3,2,0,0,2,2,0,4,2,1,3,0,3,4,2,3,4,2,3,2,2,0
P0946,User_0946,user0946@example.com,Student,BBA,Arts,3rd,2028,College B,71.76,No project yet,1 internship - 3 months,None,Business Analyst,Data Scientist,Switch career,Cloud,Onsite,Bengaluru,3 months,10,10000-25000,0,2,1,2,4,3,3,1,1,3,0,0,3,0,2,3,1,1,3,1,1,4,2,3,2,2,3,3,2,4,3,1,1
P0947,User_0947,user0947@example.com,Student,MCA,Arts,4th,2029,College C,88.77,Data analysis dashboard,2 internships,Cybersecurity,QA Engineer,Database Administrator,Get a job,AI/ML,Remote,Hyderabad,18 months,39,Free,1,1,1,0,2,0,0,0,0,0,3,2,0,4,1,1,2,3,1,1,0,1,1,0,3,3,0,4,3,1,0,3,1
P0948,User_0948,user0948@example.com,Student,B.Com,ECE,4th,2026,College B,90.69,Cybersecurity mini project,2 internships,Cloud fundamentals,Cloud Engineer,Software Developer,Learn a new field,"Cloud, Design",Remote,Kolhapur,3 months,18,5000-10000,3,4,1,1,3,1,1,1,3,1,1,4,0,2,3,1,3,1,1,4,0,3,1,3,2,2,2,0,1,1,4,1,2
P0949,User_0949,user0949@example.com,Student,M.Sc,Computer Science,1st,2026,College C,81.88,Machine learning project,1 internship - 2 months,Web development,Data Scientist,DevOps Engineer,Get a job,"Databases, Data, Web development",Remote,Hyderabad,3 months,40,Free,1,1,3,4,1,3,0,4,0,4,0,0,2,1,0,1,1,4,4,2,1,4,2,4,2,3,1,4,0,0,2,0,2
P0950,User_0950,user0950@example.com,Student,B.Com,Mechanical,2nd,2026,College D,68.44,Portfolio website,None,Java,Web Developer,Database Administrator,Switch career,"Business, Cybersecurity",Onsite,Any location,18 months,9,Under 5000,1,2,0,3,0,0,0,1,1,0,1,4,4,1,3,0,0,2,3,1,3,1,2,2,2,0,4,0,2,2,3,0,2
P0951,User_0951,user0951@example.com,Student,BCA,Other,2nd,2030,College C,91.33,UI/UX prototype,None,Cybersecurity,UI/UX Designer,Software Developer,Switch career,"Cloud, AI/ML",Hybrid,Any location,12 months,35,Under 5000,0,2,0,4,4,3,3,1,0,2,1,0,4,1,2,2,3,3,1,0,0,3,4,1,3,0,0,2,2,3,2,3,3
P0952,User_0952,user0952@example.com,Student,Diploma,Civil,4th,2027,College B,64.48,No project yet,2 internships,Cybersecurity,UI/UX Designer,Cybersecurity Analyst,Prepare for internship,"AI/ML, Databases",Remote,Pune,6 months,39,5000-10000,2,1,3,2,3,2,3,0,1,3,3,2,4,1,2,2,1,2,0,2,1,0,0,1,2,1,0,3,1,1,3,1,3
P0953,User_0953,user0953@example.com,Student,B.Com,Mechanical,2nd,2027,College C,93.04,UI/UX prototype,1 internship - 6 months,Multiple certifications,Business Analyst,Database Administrator,Prepare for internship,"Data, Business",Hybrid,Mumbai,3 months,5,5000-10000,1,2,1,2,4,1,2,1,3,3,0,0,1,1,1,3,3,0,4,2,0,1,0,0,2,2,1,4,3,3,0,0,1
P0954,User_0954,user0954@example.com,Student,Diploma,Commerce,4th,2030,College C,77.61,No project yet,2 internships,Python,ML Engineer,ML Engineer,Switch career,"AI/ML, Design, Databases",Remote,Chennai,12 months,26,25000+,1,2,4,1,0,3,0,1,1,2,0,2,0,0,2,2,3,3,1,2,1,1,2,1,1,3,1,3,0,3,3,3,3
P0955,User_0955,user0955@example.com,Student,M.Sc,Arts,1st,2026,College A,73.57,Cybersecurity mini project,2 internships,Cloud fundamentals,Data Scientist,ML Engineer,Switch career,"Design, Cloud, AI/ML",No preference,Any location,18 months,13,5000-10000,0,2,0,1,2,2,1,4,0,2,0,1,1,2,2,2,2,3,0,2,2,3,3,2,2,3,1,1,2,1,1,3,2
P0956,User_0956,user0956@example.com,Job seeker,BBA,Computer Science,Graduated,2030,College D,69.9,Data analysis dashboard,1 internship - 6 months,Python,Web Developer,Business Analyst,Prepare for internship,Databases,Onsite,Chennai,12 months,33,10000-25000,2,1,1,4,3,1,0,0,1,0,0,3,4,4,2,1,0,1,1,2,4,1,0,4,0,3,3,1,4,1,0,1,2
P0957,User_0957,user0957@example.com,Student,B.E./B.Tech,Other,4th,2030,College A,73.61,No project yet,1 internship - 2 months,Python,ML Engineer,Cybersecurity Analyst,Build portfolio,"Design, Coding",No preference,Pune,3 months,7,25000+,3,2,1,0,1,2,3,0,1,1,3,3,2,1,0,3,2,3,0,1,0,2,1,2,2,4,2,3,1,3,3,2,0
P0958,User_0958,user0958@example.com,Student,B.Sc,Civil,3rd,2030,College B,67.82,No project yet,1 internship - 2 months,Web development,Software Developer,Cloud Engineer,Learn a new field,"Design, Data",Hybrid,Mumbai,18 months,6,Under 5000,4,1,3,3,2,0,2,2,0,0,1,2,1,4,4,1,1,2,0,3,0,0,3,2,1,3,0,2,0,4,2,2,1
P0959,User_0959,user0959@example.com,Student,M.Sc,ECE,1st,2026,College C,57.32,Data analysis dashboard,1 internship - 3 months,Data analytics,Database Administrator,Web Developer,Switch career,"Web development, Business, Cybersecurity",Remote,Bengaluru,12 months,18,10000-25000,0,0,0,1,1,0,0,1,2,3,1,0,1,0,1,0,3,4,3,2,1,1,3,2,1,3,2,3,0,3,3,1,2
P0960,User_0960,user0960@example.com,Student,B.Sc,Computer Science,4th,2029,College D,65.24,Database management project,None,SQL,Cybersecurity Analyst,Web Developer,Get a job,"Cybersecurity, Web development, Business",Hybrid,Bengaluru,24 months,29,10000-25000,0,2,1,2,2,4,2,0,1,1,1,3,0,0,1,0,4,3,3,4,0,3,0,1,2,4,0,4,4,2,1,3,1
P0961,User_0961,user0961@example.com,Job seeker,M.Tech,Other,Graduated,2029,College A,58.96,Cloud deployment project,2 internships,Web development,Web Developer,Database Administrator,Get a job,"Design, Business, Web development",No preference,Hyderabad,18 months,38,Free,2,2,1,4,0,0,2,3,0,2,1,4,2,2,2,3,0,2,0,4,1,0,0,1,1,1,3,3,1,1,1,1,2
P0962,User_0962,user0962@example.com,Student,B.Sc,Mechanical,1st,2028,College A,94.94,CRUD web application,1 internship - 3 months,Java,QA Engineer,Data Scientist,Prepare for internship,Business,Hybrid,Kolhapur,24 months,27,5000-10000,3,0,1,2,3,2,2,2,1,0,3,4,2,4,0,0,1,1,1,1,1,4,4,2,1,0,0,4,4,1,2,4,3
P0963,User_0963,user0963@example.com,Student,BCA,IT,3rd,2027,College A,56.28,Machine learning project,2 internships,SQL,Database Administrator,Cybersecurity Analyst,Become job-ready,"Cloud, Design, Data",Remote,Hyderabad,3 months,5,Free,1,1,0,4,2,1,2,4,1,2,3,2,0,2,1,1,3,1,3,1,0,2,3,1,1,2,2,4,1,2,1,0,1
P0964,User_0964,user0964@example.com,Student,B.E./B.Tech,Arts,2nd,2026,College D,85.67,Database management project,1 internship - 3 months,Multiple certifications,Data Analyst,Software Developer,Learn a new field,Data,No preference,Chennai,6 months,22,Free,1,4,1,0,2,0,0,1,0,1,1,2,1,1,2,0,1,3,3,1,3,2,2,3,4,3,2,4,2,4,2,0,0
P0965,User_0965,user0965@example.com,Student,BCA,IT,4th,2027,College D,78.1,E-commerce website,1 internship - 6 months,None,Data Scientist,Cloud Engineer,Prepare for internship,"Business, Coding, Web development",Hybrid,Hyderabad,12 months,9,Under 5000,0,2,2,2,1,1,0,3,2,4,1,2,1,1,1,1,4,3,2,3,1,3,0,4,3,3,1,4,1,3,4,0,0
P0966,User_0966,user0966@example.com,Student,M.Sc,Arts,1st,2028,College D,83.21,Machine learning project,1 internship - 6 months,Data analytics,DevOps Engineer,Cloud Engineer,Switch career,"Business, Design",Onsite,Pune,24 months,19,Under 5000,3,3,3,0,4,0,1,1,4,1,2,3,3,1,2,4,1,2,1,1,2,3,2,1,2,3,0,0,0,2,0,2,3
P0967,User_0967,user0967@example.com,Student,B.Sc,Other,1st,2028,Other,85.9,Database management project,None,None,ML Engineer,Business Analyst,Become job-ready,AI/ML,No preference,Hyderabad,3 months,17,10000-25000,2,1,0,3,0,0,0,4,1,1,0,3,1,0,2,2,0,3,3,1,2,2,0,1,2,3,1,2,3,3,3,0,4
P0968,User_0968,user0968@example.com,Student,M.Tech,EEE,4th,2030,Other,56.0,UI/UX prototype,1 internship - 6 months,SQL,QA Engineer,UI/UX Designer,Switch career,"Design, AI/ML, Coding",No preference,Pune,6 months,38,Under 5000,2,2,3,2,2,2,2,2,0,2,2,2,0,2,1,1,1,2,2,1,2,0,1,4,0,4,1,3,4,1,0,2,1
P0969,User_0969,user0969@example.com,Student,BCA,Computer Science,3rd,2028,College B,70.52,Machine learning project,1 internship - 6 months,Cloud fundamentals,ML Engineer,Software Developer,Learn a new field,Databases,Onsite,Bengaluru,6 months,11,5000-10000,0,3,2,2,0,1,0,2,1,2,0,1,0,1,1,4,3,3,1,1,2,2,1,1,0,3,1,3,1,3,4,2,2
P0970,User_0970,user0970@example.com,Job seeker,Diploma,Computer Science,Graduated,2028,College A,89.85,E-commerce website,2 internships,Java,UI/UX Designer,Database Administrator,Get a job,"Cloud, Design, Business",Hybrid,Any location,6 months,2,5000-10000,2,1,1,2,3,2,0,1,1,1,2,2,0,0,3,1,1,1,0,2,1,0,1,2,1,0,0,3,2,3,1,2,3
P0971,User_0971,user0971@example.com,Working professional,M.Tech,Commerce,Graduated,2027,Other,70.09,UI/UX prototype,None,Data analytics,Business Analyst,Database Administrator,Learn a new field,Cloud,Remote,Mumbai,18 months,23,25000+,2,3,0,1,4,0,1,1,2,2,0,1,3,2,1,0,0,2,1,3,2,0,4,3,2,0,0,0,1,3,0,3,3
P0972,User_0972,user0972@example.com,Student,B.E./B.Tech,Arts,4th,2030,College A,67.67,No project yet,2 internships,SQL,Web Developer,Database Administrator,Switch career,Coding,Remote,Any location,3 months,16,5000-10000,0,4,0,3,0,0,2,2,2,0,1,3,4,3,2,2,2,3,3,1,3,1,0,0,0,2,3,2,1,0,2,2,2
P0973,User_0973,user0973@example.com,Student,BCA,Computer Science,2nd,2028,College A,67.82,UI/UX prototype,1 internship - 3 months,None,Business Analyst,Software Developer,Become job-ready,"AI/ML, Data",Onsite,Mumbai,24 months,33,Free,2,4,2,2,0,1,3,1,0,4,3,1,1,0,3,2,0,3,4,2,2,2,3,0,3,0,1,4,1,3,2,2,0
P0974,User_0974,user0974@example.com,Student,Diploma,Civil,4th,2026,College A,60.54,Portfolio website,2 internships,Cloud fundamentals,Data Analyst,QA Engineer,Learn a new field,"Databases, Data",Onsite,Delhi,3 months,24,10000-25000,2,0,2,1,2,1,1,1,3,1,4,1,0,3,1,3,1,4,1,2,0,1,3,1,4,3,1,3,0,3,0,0,2
P0975,User_0975,user0975@example.com,Working professional,MCA,Computer Science,Graduated,2028,College B,65.05,Portfolio website,1 internship - 2 months,Web development,Cloud Engineer,QA Engineer,Prepare for internship,"Cloud, Business",Onsite,Mumbai,3 months,5,Free,3,3,1,0,4,1,4,2,4,3,2,3,1,1,3,0,4,2,4,3,3,1,1,1,3,4,0,0,3,0,2,2,2
P0976,User_0976,user0976@example.com,Working professional,MCA,Commerce,Graduated,2030,Other,81.3,Cloud deployment project,2 internships,None,QA Engineer,Business Analyst,Prepare for internship,Coding,Remote,Delhi,18 months,24,5000-10000,2,0,2,2,0,1,0,2,2,2,3,4,0,4,1,0,1,4,0,1,2,0,1,0,0,4,1,3,2,1,1,4,3
P0977,User_0977,user0977@example.com,Student,B.E./B.Tech,Computer Science,1st,2029,Other,77.13,E-commerce website,1 internship - 3 months,Cybersecurity,Software Developer,ML Engineer,Switch career,Databases,Hybrid,Bengaluru,18 months,26,Under 5000,3,3,3,2,4,2,4,1,0,2,4,3,4,4,1,3,3,2,3,4,3,0,2,3,4,4,4,3,1,3,2,1,0
P0978,User_0978,user0978@example.com,Student,BBA,IT,2nd,2026,College B,74.41,CRUD web application,1 internship - 2 months,Data analytics,DevOps Engineer,ML Engineer,Build portfolio,"Data, Web development",Onsite,Hyderabad,12 months,29,10000-25000,4,1,1,2,3,2,0,2,3,3,2,2,3,0,1,2,3,1,3,2,0,2,0,1,0,3,1,2,1,0,1,0,0
P0979,User_0979,user0979@example.com,Student,MCA,IT,4th,2026,Other,90.93,Cloud deployment project,1 internship - 6 months,Data analytics,Database Administrator,Business Analyst,Switch career,"Business, Coding",Hybrid,Kolhapur,12 months,25,Free,2,1,2,0,2,3,0,4,0,2,3,2,3,1,1,2,3,3,4,2,0,2,4,2,2,3,1,3,1,3,0,1,2
P0980,User_0980,user0980@example.com,Student,B.E./B.Tech,Commerce,3rd,2029,Other,65.81,CRUD web application,1 internship - 3 months,Web development,Web Developer,Business Analyst,Become job-ready,Cybersecurity,Remote,Bengaluru,12 months,31,Free,1,2,1,3,2,3,0,0,3,1,1,3,3,0,3,2,2,0,3,2,3,3,1,1,4,1,4,3,0,3,1,0,1
P0981,User_0981,user0981@example.com,Student,B.Sc,Arts,2nd,2028,College C,68.62,Machine learning project,None,None,QA Engineer,Data Scientist,Get a job,"Coding, Cloud",Remote,Chennai,3 months,25,5000-10000,1,0,2,1,2,1,0,4,3,0,2,1,2,3,1,1,0,1,0,1,4,1,2,1,0,4,0,3,4,1,0,4,1
P0982,User_0982,user0982@example.com,Working professional,BBA,Mechanical,Graduated,2028,College A,62.79,Portfolio website,1 internship - 3 months,SQL,Cybersecurity Analyst,QA Engineer,Switch career,"Business, Cybersecurity, Databases",No preference,Hyderabad,6 months,20,10000-25000,2,0,2,0,0,3,0,0,0,2,1,4,0,4,0,0,3,3,2,3,1,0,3,1,0,3,1,2,0,3,0,2,2
P0983,User_0983,user0983@example.com,Job seeker,B.Sc,EEE,Graduated,2028,Other,77.61,Machine learning project,1 internship - 3 months,Web development,Software Developer,Data Analyst,Switch career,"Cybersecurity, Design, Cloud",Remote,Any location,12 months,20,10000-25000,2,3,4,2,2,1,3,3,2,0,2,2,3,3,0,0,2,0,0,1,1,0,2,2,2,4,3,2,0,1,1,2,2
P0984,User_0984,user0984@example.com,Student,M.Sc,EEE,3rd,2029,Other,93.82,Cybersecurity mini project,1 internship - 3 months,Web development,Cybersecurity Analyst,UI/UX Designer,Learn a new field,"Web development, Cybersecurity",Onsite,Delhi,6 months,40,5000-10000,0,1,1,1,1,2,1,2,1,3,2,4,0,0,1,1,4,0,0,0,0,2,0,2,3,4,1,4,2,2,1,0,1
P0985,User_0985,user0985@example.com,Student,B.Sc,ECE,1st,2029,Other,75.48,Data analysis dashboard,1 internship - 2 months,Data analytics,ML Engineer,Data Analyst,Prepare for internship,"Data, AI/ML",Onsite,Delhi,12 months,7,Free,0,2,0,1,0,2,0,0,0,0,4,4,1,3,3,1,1,3,2,2,4,4,1,0,1,4,1,2,1,3,1,3,3
P0986,User_0986,user0986@example.com,Working professional,B.Com,Commerce,Graduated,2029,College A,77.7,Machine learning project,1 internship - 2 months,Cybersecurity,ML Engineer,Data Scientist,Prepare for internship,"Cybersecurity, Data, Coding",Onsite,Mumbai,12 months,22,5000-10000,4,3,1,0,0,2,2,0,1,0,1,3,0,1,3,1,1,3,2,3,2,4,2,2,2,2,0,3,0,4,4,1,1
P0987,User_0987,user0987@example.com,Student,B.Com,Other,4th,2030,College A,56.44,Cybersecurity mini project,1 internship - 6 months,Python,Cybersecurity Analyst,ML Engineer,Get a job,Cybersecurity,Hybrid,Delhi,3 months,6,10000-25000,1,1,4,2,1,3,0,1,3,3,1,3,4,2,0,2,3,1,2,1,2,0,2,1,3,4,2,3,0,1,0,2,2
P0988,User_0988,user0988@example.com,Student,MCA,Civil,3rd,2026,College A,92.29,Machine learning project,None,None,Cybersecurity Analyst,QA Engineer,Get a job,"Design, Business",Onsite,Any location,12 months,32,25000+,1,1,0,3,1,3,0,3,0,1,3,3,1,1,1,3,3,3,3,3,0,1,3,0,2,3,3,4,1,2,3,0,2
P0989,User_0989,user0989@example.com,Student,B.E./B.Tech,Civil,1st,2030,College C,55.57,Cybersecurity mini project,None,Cloud fundamentals,Cloud Engineer,Web Developer,Learn a new field,Design,Onsite,Hyderabad,18 months,4,5000-10000,1,3,1,2,1,1,1,0,3,1,0,4,0,1,1,1,4,0,2,4,1,0,0,4,0,3,1,2,2,0,2,3,2
P0990,User_0990,user0990@example.com,Student,B.Sc,Arts,4th,2028,College D,70.59,UI/UX prototype,1 internship - 2 months,None,Business Analyst,ML Engineer,Prepare for internship,"Data, Web development, Business",Remote,Any location,3 months,10,Under 5000,0,3,1,0,3,0,0,3,1,2,2,2,2,2,0,1,2,2,0,1,1,1,0,1,3,0,2,4,2,4,3,1,2
P0991,User_0991,user0991@example.com,Student,BBA,EEE,2nd,2029,Other,91.51,Machine learning project,None,None,Software Developer,Cloud Engineer,Switch career,AI/ML,No preference,Hyderabad,3 months,22,Under 5000,2,3,3,0,1,0,4,0,3,1,0,3,2,2,1,0,3,3,0,2,0,1,1,2,1,3,1,3,2,0,0,0,2
P0992,User_0992,user0992@example.com,Student,BCA,Civil,1st,2027,College B,90.25,Cybersecurity mini project,1 internship - 3 months,Java,Data Scientist,QA Engineer,Prepare for internship,Web development,Hybrid,Delhi,6 months,9,25000+,0,0,0,1,0,1,1,2,1,0,2,0,1,3,0,3,2,4,2,2,1,3,0,3,1,3,3,4,1,1,1,1,3
P0993,User_0993,user0993@example.com,Student,Diploma,EEE,3rd,2027,College D,92.94,No project yet,None,Cloud fundamentals,DevOps Engineer,QA Engineer,Build portfolio,Coding,Onsite,Chennai,12 months,23,Under 5000,4,2,2,2,1,4,1,1,4,0,0,3,1,4,1,0,3,0,0,2,2,2,1,0,1,4,1,0,3,3,0,1,0
P0994,User_0994,user0994@example.com,Student,Diploma,ECE,4th,2028,Other,58.76,Database management project,None,Cybersecurity,DevOps Engineer,UI/UX Designer,Switch career,Cloud,Remote,Hyderabad,18 months,39,5000-10000,4,2,0,3,3,1,1,1,3,1,2,4,2,1,2,3,3,3,1,1,2,0,2,2,0,2,2,2,3,2,3,3,3
P0995,User_0995,user0995@example.com,Working professional,Diploma,Commerce,Graduated,2027,College A,60.49,Machine learning project,None,SQL,Cloud Engineer,Data Scientist,Get a job,"Business, Data",Onsite,Bengaluru,24 months,6,5000-10000,4,4,2,2,1,2,1,2,3,3,1,2,0,1,2,2,1,2,2,3,1,0,3,2,2,2,2,4,1,2,3,1,2
P0996,User_0996,user0996@example.com,Student,M.Sc,ECE,2nd,2029,College D,68.16,E-commerce website,None,Multiple certifications,QA Engineer,ML Engineer,Switch career,"Cloud, AI/ML, Data",Hybrid,Chennai,12 months,38,10000-25000,2,1,3,0,2,2,0,4,1,0,0,2,1,3,0,2,2,1,0,0,0,2,2,1,2,4,0,4,3,0,2,3,4
P0997,User_0997,user0997@example.com,Student,BCA,Computer Science,3rd,2028,College B,88.88,Portfolio website,1 internship - 6 months,Cloud fundamentals,ML Engineer,Data Analyst,Build portfolio,"Design, Coding, Databases",Remote,Kolhapur,24 months,19,25000+,0,3,0,0,1,1,2,3,2,3,2,2,1,1,0,3,1,1,0,0,1,3,0,0,1,1,2,2,4,4,3,2,0
P0998,User_0998,user0998@example.com,Student,B.Sc,Commerce,3rd,2027,Other,69.0,No project yet,1 internship - 3 months,Python,QA Engineer,Cloud Engineer,Prepare for internship,"Design, AI/ML, Business",Hybrid,Any location,24 months,35,Free,4,0,1,4,2,2,0,2,0,1,0,3,1,2,3,1,1,1,3,3,2,1,0,1,0,0,3,3,4,1,0,3,3
P0999,User_0999,user0999@example.com,Working professional,BBA,Commerce,Graduated,2030,College A,88.96,UI/UX prototype,2 internships,None,Web Developer,Business Analyst,Prepare for internship,Cloud,Hybrid,Chennai,6 months,4,Free,1,2,1,3,3,1,1,3,0,3,0,4,4,3,4,2,3,1,3,3,4,2,3,2,1,3,4,0,1,0,0,2,0
P1000,User_1000,user1000@example.com,Student,B.E./B.Tech,EEE,1st,2028,College B,55.84,CRUD web application,1 internship - 3 months,Multiple certifications,Cloud Engineer,ML Engineer,Switch career,Cloud,No preference,Any location,24 months,6,25000+,3,1,0,1,1,2,1,3,3,1,1,4,2,4,1,3,2,4,0,3,3,2,1,0,2,4,2,1,4,4,2,0,1
